pair_id,case_id,position,region,winner_aa,c_drop,c_gain,c_avg,c_cons,disagreement,sign_agree
sab2_1acy_h:sab2_1acy_h_s06:sab2_1acy_h_s02,sab2_1acy_h,26,cdr1,F,2.7118892669677734,5.289279460906982,4.000584363937378,2.7118892669677734,2.577390193939209,True
sab2_1acy_h:sab2_1acy_h_s06:sab2_1acy_h_s02,sab2_1acy_h,28,cdr1,I,-0.5807924270629883,0.17444324493408203,-0.20317459106445312,0.0,0.7552356719970703,False
sab2_1acy_h:sab2_1acy_h_s06:sab2_1acy_h_s02,sab2_1acy_h,30,cdr1,R,1.1871671676635742,1.8906869888305664,1.5389270782470703,1.1871671676635742,0.7035198211669922,True
sab2_1acy_h:sab2_1acy_h_s06:sab2_1acy_h_s02,sab2_1acy_h,31,cdr1,T,0.9229612350463867,-0.44757843017578125,0.23769140243530273,0.0,1.370539665222168,False
sab2_1acy_h:sab2_1acy_h_s06:sab2_1acy_h_s02,sab2_1acy_h,32,cdr1,N,0.8948125839233398,1.779897689819336,1.337355136871338,0.8948125839233398,0.8850851058959961,True
sab2_1acy_h:sab2_1acy_h_s06:sab2_1acy_h_s02,sab2_1acy_h,33,cdr1,Y,-0.03704071044921875,1.1470146179199219,0.5549869537353516,0.0,1.1840553283691406,False
sab2_1acy_h:sab2_1acy_h_s06:sab2_1acy_h_s02,sab2_1acy_h,34,cdr1,C,2.3574981689453125,7.949357032775879,5.153427600860596,2.3574981689453125,5.591858863830566,True
sab2_1acy_h:sab2_1acy_h_s06:sab2_1acy_h_s02,sab2_1acy_h,53,cdr2,C,3.5192766189575195,2.3795337677001953,2.9494051933288574,2.3795337677001953,1.1397428512573242,True
sab2_1acy_h:sab2_1acy_h_s06:sab2_1acy_h_s02,sab2_1acy_h,54,cdr2,Y,2.0582523345947266,0.06909942626953125,1.063675880432129,0.06909942626953125,1.9891529083251953,True
sab2_1acy_h:sab2_1acy_h_s06:sab2_1acy_h_s02,sab2_1acy_h,55,cdr2,E,0.6111135482788086,-1.3127822875976562,-0.35083436965942383,0.0,1.9238958358764648,False
sab2_1acy_h:sab2_1acy_h_s06:sab2_1acy_h_s02,sab2_1acy_h,57,cdr2,S,-0.4321708679199219,0.9836454391479492,0.27573728561401367,0.0,1.415816307067871,False
sab2_1acy_h:sab2_1acy_h_s06:sab2_1acy_h_s02,sab2_1acy_h,99,cdr3,E,0.7866201400756836,0.9526262283325195,0.8696231842041016,0.7866201400756836,0.16600608825683594,True
sab2_1acy_h:sab2_1acy_h_s06:sab2_1acy_h_s02,sab2_1acy_h,100,cdr3,N,1.3906879425048828,-0.3264627456665039,0.5321125984191895,0.0,1.7171506881713867,False
sab2_1acy_h:sab2_1acy_h_s06:sab2_1acy_h_s02,sab2_1acy_h,101,cdr3,H,1.4381637573242188,0.05067729949951172,0.7444205284118652,0.05067729949951172,1.387486457824707,True
sab2_1acy_h:sab2_1acy_h_s06:sab2_1acy_h_s02,sab2_1acy_h,102,cdr3,M,-0.4664478302001953,0.5107593536376953,0.02215576171875,0.0,0.9772071838378906,False
sab2_1acy_h:sab2_1acy_h_s06:sab2_1acy_h_s02,sab2_1acy_h,103,cdr3,Y,-0.3465843200683594,0.3898191452026367,0.021617412567138672,0.0,0.7364034652709961,False
sab2_1acy_h:sab2_1acy_h_s06:sab2_1acy_h_s02,sab2_1acy_h,104,cdr3,E,-0.6834421157836914,2.374434471130371,0.8454961776733398,0.0,3.0578765869140625,False
sab2_1acy_h:sab2_1acy_h_s06:sab2_1acy_h_s02,sab2_1acy_h,105,cdr3,T,1.9155540466308594,0.2920866012573242,1.1038203239440918,0.2920866012573242,1.6234674453735352,True
sab2_1acy_h:sab2_1acy_h_s06:sab2_1acy_h_s02,sab2_1acy_h,106,cdr3,Y,0.4315834045410156,-0.08860301971435547,0.17149019241333008,0.0,0.5201864242553711,False
sab2_1acy_h:sab2_1acy_h_s06:sab2_1acy_h_s02,sab2_1acy_h,107,cdr3,F,2.764566421508789,-0.01819896697998047,1.3731837272644043,0.0,2.7827653884887695,False
sab2_1acy_h:sab2_1acy_h_s06:sab2_1acy_h_s02,sab2_1acy_h,109,cdr3,V,5.820768356323242,2.663069725036621,4.241919040679932,2.663069725036621,3.157698631286621,True
sab2_1acy_h:sab2_1acy_h_s29:sab2_1acy_h_s08,sab2_1acy_h,26,cdr1,F,0.6270160675048828,0.12394046783447266,0.37547826766967773,0.12394046783447266,0.5030755996704102,True
sab2_1acy_h:sab2_1acy_h_s29:sab2_1acy_h_s08,sab2_1acy_h,28,cdr1,I,2.7026309967041016,1.1176567077636719,1.9101438522338867,1.1176567077636719,1.5849742889404297,True
sab2_1acy_h:sab2_1acy_h_s29:sab2_1acy_h_s08,sab2_1acy_h,30,cdr1,R,3.7816014289855957,0.7876911163330078,2.2846462726593018,0.7876911163330078,2.993910312652588,True
sab2_1acy_h:sab2_1acy_h_s29:sab2_1acy_h_s08,sab2_1acy_h,34,cdr1,C,5.371603012084961,5.50984001159668,5.44072151184082,5.371603012084961,0.13823699951171875,True
sab2_1acy_h:sab2_1acy_h_s29:sab2_1acy_h_s08,sab2_1acy_h,53,cdr2,C,5.3173089027404785,6.905580043792725,6.111444473266602,5.3173089027404785,1.588271141052246,True
sab2_1acy_h:sab2_1acy_h_s29:sab2_1acy_h_s08,sab2_1acy_h,100,cdr3,N,-1.7824592590332031,1.0672988891601562,-0.35758018493652344,0.0,2.8497581481933594,False
sab2_1acy_h:sab2_1acy_h_s29:sab2_1acy_h_s08,sab2_1acy_h,101,cdr3,H,0.5103321075439453,2.0316314697265625,1.270981788635254,0.5103321075439453,1.5212993621826172,True
sab2_1acy_h:sab2_1acy_h_s29:sab2_1acy_h_s08,sab2_1acy_h,106,cdr3,Y,0.4628725051879883,2.3206586837768555,1.3917655944824219,0.4628725051879883,1.8577861785888672,True
sab2_1acy_h:sab2_1acy_h_s19:sab2_1acy_h_s14,sab2_1acy_h,26,cdr1,F,0.3795137405395508,1.5251636505126953,0.952338695526123,0.3795137405395508,1.1456499099731445,True
sab2_1acy_h:sab2_1acy_h_s19:sab2_1acy_h_s14,sab2_1acy_h,28,cdr1,I,-0.7565994262695312,-0.0003261566162109375,-0.3784627914428711,0.0,0.7562732696533203,True
sab2_1acy_h:sab2_1acy_h_s19:sab2_1acy_h_s14,sab2_1acy_h,30,cdr1,R,3.0724048614501953,7.165813684463501,5.119109272956848,3.0724048614501953,4.093408823013306,True
sab2_1acy_h:sab2_1acy_h_s19:sab2_1acy_h_s14,sab2_1acy_h,31,cdr1,T,-2.1690855026245117,-0.9406375885009766,-1.5548615455627441,0.0,1.2284479141235352,True
sab2_1acy_h:sab2_1acy_h_s19:sab2_1acy_h_s14,sab2_1acy_h,32,cdr1,N,0.2090740203857422,1.1870794296264648,0.6980767250061035,0.2090740203857422,0.9780054092407227,True
sab2_1acy_h:sab2_1acy_h_s19:sab2_1acy_h_s14,sab2_1acy_h,33,cdr1,Y,3.0588302612304688,0.7899560928344727,1.9243931770324707,0.7899560928344727,2.268874168395996,True
sab2_1acy_h:sab2_1acy_h_s19:sab2_1acy_h_s14,sab2_1acy_h,34,cdr1,C,2.4034337997436523,2.566887378692627,2.4851605892181396,2.4034337997436523,0.1634535789489746,True
sab2_1acy_h:sab2_1acy_h_s19:sab2_1acy_h_s14,sab2_1acy_h,53,cdr2,C,5.8544769287109375,6.751332521438599,6.302904725074768,5.8544769287109375,0.8968555927276611,True
sab2_1acy_h:sab2_1acy_h_s19:sab2_1acy_h_s14,sab2_1acy_h,55,cdr2,E,0.6910114288330078,-1.067702293395996,-0.18834543228149414,0.0,1.758713722229004,False
sab2_1acy_h:sab2_1acy_h_s19:sab2_1acy_h_s14,sab2_1acy_h,57,cdr2,S,0.2053546905517578,-1.2000255584716797,-0.49733543395996094,0.0,1.4053802490234375,False
sab2_1acy_h:sab2_1acy_h_s19:sab2_1acy_h_s14,sab2_1acy_h,98,cdr3,R,3.7743778228759766,7.4535322189331055,5.613955020904541,3.7743778228759766,3.679154396057129,True
sab2_1acy_h:sab2_1acy_h_s19:sab2_1acy_h_s14,sab2_1acy_h,100,cdr3,N,-1.02294921875,0.0850973129272461,-0.46892595291137695,0.0,1.108046531677246,False
sab2_1acy_h:sab2_1acy_h_s19:sab2_1acy_h_s14,sab2_1acy_h,101,cdr3,H,0.04634666442871094,0.22098350524902344,0.1336650848388672,0.04634666442871094,0.1746368408203125,True
sab2_1acy_h:sab2_1acy_h_s19:sab2_1acy_h_s14,sab2_1acy_h,103,cdr3,Y,-2.353738784790039,2.628605365753174,0.13743329048156738,0.0,4.982344150543213,False
sab2_1acy_h:sab2_1acy_h_s19:sab2_1acy_h_s14,sab2_1acy_h,105,cdr3,T,0.5594005584716797,0.3882322311401367,0.4738163948059082,0.3882322311401367,0.17116832733154297,True
sab2_1acy_h:sab2_1acy_h_s19:sab2_1acy_h_s14,sab2_1acy_h,106,cdr3,Y,-0.6065158843994141,-0.10606575012207031,-0.3562908172607422,0.0,0.5004501342773438,True
sab2_1acy_h:sab2_1acy_h_s19:sab2_1acy_h_s14,sab2_1acy_h,107,cdr3,F,-1.4034423828125,-1.6364669799804688,-1.5199546813964844,0.0,0.23302459716796875,True
sab2_1acy_h:sab2_1acy_h_s19:sab2_1acy_h_s14,sab2_1acy_h,109,cdr3,V,-1.0755081176757812,-0.6687479019165039,-0.8721280097961426,0.0,0.40676021575927734,True
sab2_1acy_h:sab2_1acy_h_s24:sab2_1acy_h_s25,sab2_1acy_h,26,cdr1,F,2.859529972076416,2.2211947441101074,2.5403623580932617,2.2211947441101074,0.6383352279663086,True
sab2_1acy_h:sab2_1acy_h_s24:sab2_1acy_h_s25,sab2_1acy_h,30,cdr1,R,-0.3802013397216797,0.6531710624694824,0.13648486137390137,0.0,1.033372402191162,False
sab2_1acy_h:sab2_1acy_h_s24:sab2_1acy_h_s25,sab2_1acy_h,31,cdr1,T,2.9886746406555176,1.848881721496582,2.41877818107605,1.848881721496582,1.1397929191589355,True
sab2_1acy_h:sab2_1acy_h_s24:sab2_1acy_h_s25,sab2_1acy_h,33,cdr1,Y,5.398068904876709,6.648836135864258,6.023452520370483,5.398068904876709,1.2507672309875488,True
sab2_1acy_h:sab2_1acy_h_s24:sab2_1acy_h_s25,sab2_1acy_h,34,cdr1,C,4.399063587188721,3.021707057952881,3.710385322570801,3.021707057952881,1.3773565292358398,True
sab2_1acy_h:sab2_1acy_h_s24:sab2_1acy_h_s25,sab2_1acy_h,55,cdr2,E,-2.223851203918457,-3.062342643737793,-2.643096923828125,0.0,0.8384914398193359,True
sab2_1acy_h:sab2_1acy_h_s24:sab2_1acy_h_s25,sab2_1acy_h,57,cdr2,S,0.9311962127685547,0.9952287673950195,0.9632124900817871,0.9311962127685547,0.06403255462646484,True
sab2_1acy_h:sab2_1acy_h_s24:sab2_1acy_h_s25,sab2_1acy_h,98,cdr3,R,5.363753795623779,6.719265937805176,6.0415098667144775,5.363753795623779,1.3555121421813965,True
sab2_1acy_h:sab2_1acy_h_s24:sab2_1acy_h_s25,sab2_1acy_h,100,cdr3,N,0.6680631637573242,1.2397584915161133,0.9539108276367188,0.6680631637573242,0.5716953277587891,True
sab2_1acy_h:sab2_1acy_h_s24:sab2_1acy_h_s25,sab2_1acy_h,102,cdr3,M,-2.9190568923950195,-0.059294700622558594,-1.489175796508789,0.0,2.859762191772461,True
sab2_1acy_h:sab2_1acy_h_s24:sab2_1acy_h_s25,sab2_1acy_h,103,cdr3,Y,0.6096725463867188,-1.1943597793579102,-0.2923436164855957,0.0,1.804032325744629,False
sab2_1acy_h:sab2_1acy_h_s24:sab2_1acy_h_s25,sab2_1acy_h,104,cdr3,E,1.0461044311523438,0.9316177368164062,0.988861083984375,0.9316177368164062,0.1144866943359375,True
sab2_1acy_h:sab2_1acy_h_s24:sab2_1acy_h_s25,sab2_1acy_h,105,cdr3,T,-0.02398681640625,-1.3079309463500977,-0.6659588813781738,0.0,1.2839441299438477,True
sab2_1acy_h:sab2_1acy_h_s24:sab2_1acy_h_s25,sab2_1acy_h,106,cdr3,Y,-0.4414215087890625,2.5605921745300293,1.0595853328704834,0.0,3.002013683319092,False
sab2_1acy_h:sab2_1acy_h_s24:sab2_1acy_h_s25,sab2_1acy_h,108,cdr3,D,0.6895618438720703,1.891395092010498,1.2904784679412842,0.6895618438720703,1.2018332481384277,True
sab2_1acy_h:sab2_1acy_h_s00:sab2_1acy_h_s10,sab2_1acy_h,26,cdr1,F,-1.7351646423339844,-0.14670658111572266,-0.9409356117248535,0.0,1.5884580612182617,True
sab2_1acy_h:sab2_1acy_h_s00:sab2_1acy_h_s10,sab2_1acy_h,30,cdr1,R,6.426939010620117,1.7320051193237305,4.079472064971924,1.7320051193237305,4.694933891296387,True
sab2_1acy_h:sab2_1acy_h_s00:sab2_1acy_h_s10,sab2_1acy_h,33,cdr1,Y,0.15231037139892578,-0.949803352355957,-0.3987464904785156,0.0,1.1021137237548828,False
sab2_1acy_h:sab2_1acy_h_s00:sab2_1acy_h_s10,sab2_1acy_h,34,cdr1,C,0.5059061050415039,0.9228734970092773,0.7143898010253906,0.5059061050415039,0.41696739196777344,True
sab2_1acy_h:sab2_1acy_h_s00:sab2_1acy_h_s10,sab2_1acy_h,54,cdr2,Y,3.444499969482422,0.1542830467224121,1.799391508102417,0.1542830467224121,3.2902169227600098,True
sab2_1acy_h:sab2_1acy_h_s00:sab2_1acy_h_s10,sab2_1acy_h,98,cdr3,R,5.465979099273682,0.772216796875,3.119097948074341,0.772216796875,4.693762302398682,True
sab2_1acy_h:sab2_1acy_h_s00:sab2_1acy_h_s10,sab2_1acy_h,99,cdr3,E,-0.5824317932128906,-0.560671329498291,-0.5715515613555908,0.0,0.02176046371459961,True
sab2_1acy_h:sab2_1acy_h_s00:sab2_1acy_h_s10,sab2_1acy_h,100,cdr3,N,-0.5213479995727539,-0.8180317878723145,-0.6696898937225342,0.0,0.29668378829956055,True
sab2_1acy_h:sab2_1acy_h_s00:sab2_1acy_h_s10,sab2_1acy_h,101,cdr3,H,1.8634986877441406,-0.6243219375610352,0.6195883750915527,0.0,2.487820625305176,False
sab2_1acy_h:sab2_1acy_h_s00:sab2_1acy_h_s10,sab2_1acy_h,103,cdr3,Y,3.1571359634399414,-0.8407979011535645,1.1581690311431885,0.0,3.997933864593506,False
sab2_1acy_h:sab2_1acy_h_s00:sab2_1acy_h_s10,sab2_1acy_h,104,cdr3,E,7.3687983751297,-0.5409603118896484,3.4139190316200256,0.0,7.909758687019348,False
sab2_1acy_h:sab2_1acy_h_s00:sab2_1acy_h_s10,sab2_1acy_h,106,cdr3,Y,0.0687398910522461,4.084252834320068,2.0764963626861572,0.0687398910522461,4.015512943267822,True
sab2_1acy_h:sab2_1acy_h_s00:sab2_1acy_h_s10,sab2_1acy_h,107,cdr3,F,2.360133647918701,-1.0349197387695312,0.662606954574585,0.0,3.3950533866882324,False
sab2_1acy_h:sab2_1acy_h_s04:sab2_1acy_h_s11,sab2_1acy_h,28,cdr1,I,0.6063370704650879,0.8158583641052246,0.7110977172851562,0.6063370704650879,0.20952129364013672,True
sab2_1acy_h:sab2_1acy_h_s04:sab2_1acy_h_s11,sab2_1acy_h,30,cdr1,R,-2.6626062393188477,0.15671682357788086,-1.2529447078704834,0.0,2.8193230628967285,False
sab2_1acy_h:sab2_1acy_h_s04:sab2_1acy_h_s11,sab2_1acy_h,31,cdr1,T,4.000994682312012,2.3930816650390625,3.197038173675537,2.3930816650390625,1.6079130172729492,True
sab2_1acy_h:sab2_1acy_h_s04:sab2_1acy_h_s11,sab2_1acy_h,32,cdr1,N,4.283412933349609,5.0559844970703125,4.669698715209961,4.283412933349609,0.7725715637207031,True
sab2_1acy_h:sab2_1acy_h_s04:sab2_1acy_h_s11,sab2_1acy_h,33,cdr1,Y,-1.7282428741455078,-1.9782748222351074,-1.8532588481903076,0.0,0.2500319480895996,True
sab2_1acy_h:sab2_1acy_h_s04:sab2_1acy_h_s11,sab2_1acy_h,34,cdr1,C,7.21068263053894,6.414584994316101,6.812633812427521,6.414584994316101,0.7960976362228394,True
sab2_1acy_h:sab2_1acy_h_s04:sab2_1acy_h_s11,sab2_1acy_h,55,cdr2,E,2.854675769805908,2.138842821121216,2.496759295463562,2.138842821121216,0.7158329486846924,True
sab2_1acy_h:sab2_1acy_h_s04:sab2_1acy_h_s11,sab2_1acy_h,57,cdr2,S,-2.2015628814697266,-4.102623462677002,-3.1520931720733643,0.0,1.9010605812072754,True
sab2_1acy_h:sab2_1acy_h_s04:sab2_1acy_h_s11,sab2_1acy_h,100,cdr3,N,2.2133731842041016,0.44601011276245117,1.3296916484832764,0.44601011276245117,1.7673630714416504,True
sab2_1acy_h:sab2_1acy_h_s04:sab2_1acy_h_s11,sab2_1acy_h,101,cdr3,H,0.1984405517578125,-0.6762371063232422,-0.23889827728271484,0.0,0.8746776580810547,False
sab2_1acy_h:sab2_1acy_h_s04:sab2_1acy_h_s11,sab2_1acy_h,102,cdr3,M,-0.9740076065063477,-0.8488450050354004,-0.911426305770874,0.0,0.12516260147094727,True
sab2_1acy_h:sab2_1acy_h_s04:sab2_1acy_h_s11,sab2_1acy_h,104,cdr3,E,2.351047992706299,0.03560590744018555,1.1933269500732422,0.03560590744018555,2.3154420852661133,True
sab2_1acy_h:sab2_1acy_h_s04:sab2_1acy_h_s11,sab2_1acy_h,105,cdr3,T,1.445246696472168,0.929610013961792,1.18742835521698,0.929610013961792,0.515636682510376,True
sab2_1acy_h:sab2_1acy_h_s04:sab2_1acy_h_s11,sab2_1acy_h,106,cdr3,Y,2.288228988647461,3.815344452857971,3.051786720752716,2.288228988647461,1.5271154642105103,True
sab2_1acy_h:sab2_1acy_h_s04:sab2_1acy_h_s11,sab2_1acy_h,107,cdr3,F,-1.9039201736450195,2.1909866333007812,0.14353322982788086,0.0,4.094906806945801,False
sab2_1acy_h:sab2_1acy_h_s04:sab2_1acy_h_s11,sab2_1acy_h,108,cdr3,D,0.9677658081054688,2.7559237480163574,1.861844778060913,0.9677658081054688,1.7881579399108887,True
sab2_1acy_h:sab2_1acy_h_s30:sab2_1acy_h_s07,sab2_1acy_h,26,cdr1,F,3.5700745582580566,-1.4626731872558594,1.0537006855010986,0.0,5.032747745513916,False
sab2_1acy_h:sab2_1acy_h_s30:sab2_1acy_h_s07,sab2_1acy_h,28,cdr1,I,3.267327308654785,-0.20135164260864258,1.5329878330230713,0.0,3.4686789512634277,False
sab2_1acy_h:sab2_1acy_h_s30:sab2_1acy_h_s07,sab2_1acy_h,32,cdr1,N,1.6270837783813477,-1.8081603050231934,-0.09053826332092285,0.0,3.435244083404541,False
sab2_1acy_h:sab2_1acy_h_s30:sab2_1acy_h_s07,sab2_1acy_h,34,cdr1,C,-1.2046213150024414,-2.9310526847839355,-2.0678369998931885,0.0,1.7264313697814941,True
sab2_1acy_h:sab2_1acy_h_s30:sab2_1acy_h_s07,sab2_1acy_h,53,cdr2,C,8.15087516605854,4.785391092300415,6.468133129179478,4.785391092300415,3.3654840737581253,True
sab2_1acy_h:sab2_1acy_h_s30:sab2_1acy_h_s07,sab2_1acy_h,57,cdr2,S,-1.3017778396606445,-2.0635313987731934,-1.682654619216919,0.0,0.7617535591125488,True
sab2_1acy_h:sab2_1acy_h_s30:sab2_1acy_h_s07,sab2_1acy_h,98,cdr3,R,5.621676683425903,0.9121971130371094,3.2669368982315063,0.9121971130371094,4.709479570388794,True
sab2_1acy_h:sab2_1acy_h_s30:sab2_1acy_h_s07,sab2_1acy_h,101,cdr3,H,-0.7820844650268555,-1.0418877601623535,-0.9119861125946045,0.0,0.25980329513549805,True
sab2_1acy_h:sab2_1acy_h_s30:sab2_1acy_h_s07,sab2_1acy_h,102,cdr3,M,2.576979637145996,-1.283308506011963,0.6468355655670166,0.0,3.860288143157959,False
sab2_1acy_h:sab2_1acy_h_s30:sab2_1acy_h_s07,sab2_1acy_h,103,cdr3,Y,-1.4107742309570312,0.7871317863464355,-0.31182122230529785,0.0,2.197906017303467,False
sab2_1acy_h:sab2_1acy_h_s30:sab2_1acy_h_s07,sab2_1acy_h,104,cdr3,E,-1.5484809875488281,0.24001216888427734,-0.6542344093322754,0.0,1.7884931564331055,False
sab2_1acy_h:sab2_1acy_h_s30:sab2_1acy_h_s07,sab2_1acy_h,105,cdr3,T,1.2836456298828125,-0.25031089782714844,0.516667366027832,0.0,1.533956527709961,False
sab2_1acy_h:sab2_1acy_h_s30:sab2_1acy_h_s07,sab2_1acy_h,106,cdr3,Y,0.7330875396728516,0.4142336845397949,0.5736606121063232,0.4142336845397949,0.31885385513305664,True
sab2_1acy_h:sab2_1acy_h_s30:sab2_1acy_h_s07,sab2_1acy_h,108,cdr3,D,0.9260659217834473,2.3541269302368164,1.6400964260101318,0.9260659217834473,1.4280610084533691,True
sab2_1acy_h:sab2_1acy_h_s30:sab2_1acy_h_s07,sab2_1acy_h,109,cdr3,V,-0.5182743072509766,-0.5354504585266113,-0.526862382888794,0.0,0.017176151275634766,True
sab2_1acy_h:sab2_1acy_h_s28:sab2_1acy_h_s31,sab2_1acy_h,26,cdr1,F,0.5846052169799805,4.699224315583706,2.641914766281843,0.5846052169799805,4.114619098603725,True
sab2_1acy_h:sab2_1acy_h_s28:sab2_1acy_h_s31,sab2_1acy_h,28,cdr1,I,-0.7530641555786133,-0.7106757164001465,-0.7318699359893799,0.0,0.0423884391784668,True
sab2_1acy_h:sab2_1acy_h_s28:sab2_1acy_h_s31,sab2_1acy_h,30,cdr1,R,-3.1852874755859375,-3.1890830993652344,-3.187185287475586,0.0,0.003795623779296875,True
sab2_1acy_h:sab2_1acy_h_s28:sab2_1acy_h_s31,sab2_1acy_h,31,cdr1,T,-2.0844993591308594,-2.6623950004577637,-2.3734471797943115,0.0,0.5778956413269043,True
sab2_1acy_h:sab2_1acy_h_s28:sab2_1acy_h_s31,sab2_1acy_h,32,cdr1,N,3.527523994445801,6.960160732269287,5.243842363357544,3.527523994445801,3.4326367378234863,True
sab2_1acy_h:sab2_1acy_h_s28:sab2_1acy_h_s31,sab2_1acy_h,34,cdr1,C,2.5896449089050293,1.914130687713623,2.251887798309326,1.914130687713623,0.6755142211914062,True
sab2_1acy_h:sab2_1acy_h_s28:sab2_1acy_h_s31,sab2_1acy_h,57,cdr2,S,-0.7922601699829102,-2.5514512062072754,-1.6718556880950928,0.0,1.7591910362243652,True
sab2_1acy_h:sab2_1acy_h_s28:sab2_1acy_h_s31,sab2_1acy_h,99,cdr3,E,0.5079855918884277,-0.028252124786376953,0.2398667335510254,0.0,0.5362377166748047,False
sab2_1acy_h:sab2_1acy_h_s28:sab2_1acy_h_s31,sab2_1acy_h,100,cdr3,N,1.8580856323242188,-1.9269003868103027,-0.03440737724304199,0.0,3.7849860191345215,False
sab2_1acy_h:sab2_1acy_h_s28:sab2_1acy_h_s31,sab2_1acy_h,101,cdr3,H,3.0483322143554688,-1.18121337890625,0.9335594177246094,0.0,4.229545593261719,False
sab2_1acy_h:sab2_1acy_h_s28:sab2_1acy_h_s31,sab2_1acy_h,102,cdr3,M,0.4050607681274414,-1.2939133644104004,-0.4444262981414795,0.0,1.6989741325378418,False
sab2_1acy_h:sab2_1acy_h_s28:sab2_1acy_h_s31,sab2_1acy_h,103,cdr3,Y,0.5979270935058594,1.8390741348266602,1.2185006141662598,0.5979270935058594,1.2411470413208008,True
sab2_1acy_h:sab2_1acy_h_s28:sab2_1acy_h_s31,sab2_1acy_h,104,cdr3,E,7.320921063423157,1.8291935920715332,4.575057327747345,1.8291935920715332,5.4917274713516235,True
sab2_1acy_h:sab2_1acy_h_s28:sab2_1acy_h_s31,sab2_1acy_h,105,cdr3,T,4.104825496673584,-1.403188705444336,1.350818395614624,0.0,5.50801420211792,False
sab2_1acy_h:sab2_1acy_h_s28:sab2_1acy_h_s31,sab2_1acy_h,106,cdr3,Y,-0.0690622329711914,3.60875403881073,1.7698459029197693,0.0,3.6778162717819214,False
sab2_1acy_h:sab2_1acy_h_s28:sab2_1acy_h_s31,sab2_1acy_h,107,cdr3,F,7.223258793354034,3.332669258117676,5.277964025735855,3.332669258117676,3.8905895352363586,True
sab2_1acy_h:sab2_1acy_h_s28:sab2_1acy_h_s31,sab2_1acy_h,108,cdr3,D,3.464982032775879,3.4485373497009277,3.4567596912384033,3.4485373497009277,0.016444683074951172,True
sab2_1acy_h:sab2_1acy_h_s28:sab2_1acy_h_s31,sab2_1acy_h,109,cdr3,V,2.7446532249450684,1.2135515213012695,1.979102373123169,1.2135515213012695,1.5311017036437988,True
sab2_2f58_h:sab2_2f58_h_s10:sab2_2f58_h_s00,sab2_2f58_h,26,cdr1,Y,1.033705711364746,2.0102732181549072,1.5219894647598267,1.033705711364746,0.9765675067901611,True
sab2_2f58_h:sab2_2f58_h_s10:sab2_2f58_h_s00,sab2_2f58_h,29,cdr1,T,-0.34861087799072266,7.259245157241821,3.4553171396255493,0.0,7.607856035232544,False
sab2_2f58_h:sab2_2f58_h_s10:sab2_2f58_h_s00,sab2_2f58_h,30,cdr1,S,0.2981681823730469,0.4487752914428711,0.373471736907959,0.2981681823730469,0.15060710906982422,True
sab2_2f58_h:sab2_2f58_h_s10:sab2_2f58_h_s00,sab2_2f58_h,33,cdr1,S,0.8509559631347656,8.989270210266113,4.9201130867004395,0.8509559631347656,8.138314247131348,True
sab2_2f58_h:sab2_2f58_h_s10:sab2_2f58_h_s00,sab2_2f58_h,54,cdr2,S,0.9191579818725586,9.653905391693115,5.286531686782837,0.9191579818725586,8.734747409820557,True
sab2_2f58_h:sab2_2f58_h_s10:sab2_2f58_h_s00,sab2_2f58_h,56,cdr2,G,-0.029510498046875,0.9621939659118652,0.4663417339324951,0.0,0.9917044639587402,False
sab2_2f58_h:sab2_2f58_h_s10:sab2_2f58_h_s00,sab2_2f58_h,97,cdr3,R,0.8226690292358398,2.4122090339660645,1.6174390316009521,0.8226690292358398,1.5895400047302246,True
sab2_2f58_h:sab2_2f58_h_s10:sab2_2f58_h_s00,sab2_2f58_h,98,cdr3,E,0.011048316955566406,-0.0851593017578125,-0.03705549240112305,0.0,0.0962076187133789,False
sab2_2f58_h:sab2_2f58_h_s10:sab2_2f58_h_s00,sab2_2f58_h,101,cdr3,M,0.04516124725341797,0.7906832695007324,0.4179222583770752,0.04516124725341797,0.7455220222473145,True
sab2_2f58_h:sab2_2f58_h_s10:sab2_2f58_h_s00,sab2_2f58_h,103,cdr3,Y,0.21554279327392578,-0.0102081298828125,0.10266733169555664,0.0,0.22575092315673828,False
sab2_2f58_h:sab2_2f58_h_s10:sab2_2f58_h_s00,sab2_2f58_h,104,cdr3,G,-0.3112516403198242,0.39700746536254883,0.042877912521362305,0.0,0.708259105682373,False
sab2_2f58_h:sab2_2f58_h_s10:sab2_2f58_h_s00,sab2_2f58_h,105,cdr3,N,-0.5028982162475586,-0.11832332611083984,-0.3106107711791992,0.0,0.38457489013671875,True
sab2_2f58_h:sab2_2f58_h_s10:sab2_2f58_h_s00,sab2_2f58_h,106,cdr3,Q,-0.38989925384521484,0.39053821563720703,0.00031948089599609375,0.0,0.7804374694824219,False
sab2_2f58_h:sab2_2f58_h_s10:sab2_2f58_h_s00,sab2_2f58_h,108,cdr3,Y,-0.8626375198364258,-1.6553897857666016,-1.2590136528015137,0.0,0.7927522659301758,True
sab2_2f58_h:sab2_2f58_h_s10:sab2_2f58_h_s00,sab2_2f58_h,109,cdr3,Y,-0.5494604110717773,-0.035907745361328125,-0.29268407821655273,0.0,0.5135526657104492,True
sab2_2f58_h:sab2_2f58_h_s10:sab2_2f58_h_s00,sab2_2f58_h,112,cdr3,M,1.468745231628418,3.1961746215820312,2.3324599266052246,1.468745231628418,1.7274293899536133,True
sab2_2f58_h:sab2_2f58_h_s07:sab2_2f58_h_s24,sab2_2f58_h,26,cdr1,Y,0.7479677200317383,2.4564270973205566,1.6021974086761475,0.7479677200317383,1.7084593772888184,True
sab2_2f58_h:sab2_2f58_h_s07:sab2_2f58_h_s24,sab2_2f58_h,27,cdr1,S,2.8542423248291016,4.295646369457245,3.574944347143173,2.8542423248291016,1.4414040446281433,True
sab2_2f58_h:sab2_2f58_h_s07:sab2_2f58_h_s24,sab2_2f58_h,32,cdr1,Y,-0.04845428466796875,-1.0999126434326172,-0.574183464050293,0.0,1.0514583587646484,True
sab2_2f58_h:sab2_2f58_h_s07:sab2_2f58_h_s24,sab2_2f58_h,33,cdr1,S,7.674137115478516,10.460428714752197,9.067282915115356,7.674137115478516,2.7862915992736816,True
sab2_2f58_h:sab2_2f58_h_s07:sab2_2f58_h_s24,sab2_2f58_h,52,cdr2,H,-0.33037567138671875,-0.2013850212097168,-0.2658803462982178,0.0,0.12899065017700195,True
sab2_2f58_h:sab2_2f58_h_s07:sab2_2f58_h_s24,sab2_2f58_h,54,cdr2,S,-1.0991325378417969,-2.259967803955078,-1.6795501708984375,0.0,1.1608352661132812,True
sab2_2f58_h:sab2_2f58_h_s07:sab2_2f58_h_s24,sab2_2f58_h,56,cdr2,G,0.6467409133911133,1.6926867961883545,1.1697138547897339,0.6467409133911133,1.0459458827972412,True
sab2_2f58_h:sab2_2f58_h_s07:sab2_2f58_h_s24,sab2_2f58_h,99,cdr3,E,0.4790058135986328,0.9345541000366211,0.706779956817627,0.4790058135986328,0.4555482864379883,True
sab2_2f58_h:sab2_2f58_h_s07:sab2_2f58_h_s24,sab2_2f58_h,100,cdr3,A,0.23377704620361328,0.6031148433685303,0.4184459447860718,0.23377704620361328,0.369337797164917,True
sab2_2f58_h:sab2_2f58_h_s07:sab2_2f58_h_s24,sab2_2f58_h,101,cdr3,M,-0.6526985168457031,-0.488375186920166,-0.5705368518829346,0.0,0.1643233299255371,True
sab2_2f58_h:sab2_2f58_h_s07:sab2_2f58_h_s24,sab2_2f58_h,102,cdr3,P,0.17364501953125,-2.402639865875244,-1.114497423171997,0.0,2.576284885406494,False
sab2_2f58_h:sab2_2f58_h_s07:sab2_2f58_h_s24,sab2_2f58_h,103,cdr3,Y,0.6189632415771484,-2.043715000152588,-0.7123758792877197,0.0,2.6626782417297363,False
sab2_2f58_h:sab2_2f58_h_s07:sab2_2f58_h_s24,sab2_2f58_h,105,cdr3,N,0.45330047607421875,0.9901537895202637,0.7217271327972412,0.45330047607421875,0.5368533134460449,True
sab2_2f58_h:sab2_2f58_h_s07:sab2_2f58_h_s24,sab2_2f58_h,107,cdr3,A,-0.1473522186279297,2.270863652229309,1.0617557168006897,0.0,2.4182158708572388,False
sab2_2f58_h:sab2_2f58_h_s07:sab2_2f58_h_s24,sab2_2f58_h,109,cdr3,Y,1.5671310424804688,-0.7836756706237793,0.3917276859283447,0.0,2.350806713104248,False
sab2_2f58_h:sab2_2f58_h_s07:sab2_2f58_h_s24,sab2_2f58_h,110,cdr3,Y,1.2264404296875,-1.3537287712097168,-0.0636441707611084,0.0,2.580169200897217,False
sab2_2f58_h:sab2_2f58_h_s07:sab2_2f58_h_s24,sab2_2f58_h,111,cdr3,A,0.6029558181762695,1.8240599632263184,1.213507890701294,0.6029558181762695,1.2211041450500488,True
sab2_2f58_h:sab2_2f58_h_s07:sab2_2f58_h_s24,sab2_2f58_h,112,cdr3,M,1.5206451416015625,7.191222667694092,4.355933904647827,1.5206451416015625,5.670577526092529,True
sab2_2f58_h:sab2_2f58_h_s26:sab2_2f58_h_s03,sab2_2f58_h,29,cdr1,T,-0.5334157943725586,-0.07558107376098633,-0.30449843406677246,0.0,0.45783472061157227,True
sab2_2f58_h:sab2_2f58_h_s26:sab2_2f58_h_s03,sab2_2f58_h,33,cdr1,S,-0.20350933074951172,0.5339696407318115,0.1652301549911499,0.0,0.7374789714813232,False
sab2_2f58_h:sab2_2f58_h_s26:sab2_2f58_h_s03,sab2_2f58_h,53,cdr2,Y,0.7108478546142578,-0.5157284736633301,0.09755969047546387,0.0,1.226576328277588,False
sab2_2f58_h:sab2_2f58_h_s26:sab2_2f58_h_s03,sab2_2f58_h,54,cdr2,S,9.345375537872314,8.249573707580566,8.79747462272644,8.249573707580566,1.095801830291748,True
sab2_2f58_h:sab2_2f58_h_s26:sab2_2f58_h_s03,sab2_2f58_h,56,cdr2,G,1.7336511611938477,-0.7146267890930176,0.509512186050415,0.0,2.4482779502868652,False
sab2_2f58_h:sab2_2f58_h_s26:sab2_2f58_h_s03,sab2_2f58_h,98,cdr3,E,0.5843925476074219,0.5814855098724365,0.5829390287399292,0.5814855098724365,0.0029070377349853516,True
sab2_2f58_h:sab2_2f58_h_s26:sab2_2f58_h_s03,sab2_2f58_h,99,cdr3,E,0.6856012344360352,1.80860435962677,1.2471027970314026,0.6856012344360352,1.1230031251907349,True
sab2_2f58_h:sab2_2f58_h_s26:sab2_2f58_h_s03,sab2_2f58_h,100,cdr3,A,0.10615348815917969,-0.17835164070129395,-0.03609907627105713,0.0,0.28450512886047363,False
sab2_2f58_h:sab2_2f58_h_s26:sab2_2f58_h_s03,sab2_2f58_h,101,cdr3,M,-0.007549285888671875,1.3796772956848145,0.6860640048980713,0.0,1.3872265815734863,False
sab2_2f58_h:sab2_2f58_h_s26:sab2_2f58_h_s03,sab2_2f58_h,102,cdr3,P,0.8355274200439453,0.9635415077209473,0.8995344638824463,0.8355274200439453,0.12801408767700195,True
sab2_2f58_h:sab2_2f58_h_s26:sab2_2f58_h_s03,sab2_2f58_h,103,cdr3,Y,0.8716249465942383,-0.4766812324523926,0.19747185707092285,0.0,1.3483061790466309,False
sab2_2f58_h:sab2_2f58_h_s26:sab2_2f58_h_s03,sab2_2f58_h,104,cdr3,G,0.37198448181152344,-0.144578218460083,0.11370313167572021,0.0,0.5165627002716064,False
sab2_2f58_h:sab2_2f58_h_s26:sab2_2f58_h_s03,sab2_2f58_h,105,cdr3,N,0.8108758926391602,0.26949501037597656,0.5401854515075684,0.26949501037597656,0.5413808822631836,True
sab2_2f58_h:sab2_2f58_h_s26:sab2_2f58_h_s03,sab2_2f58_h,106,cdr3,Q,0.15405654907226562,2.6068862676620483,1.380471408367157,0.15405654907226562,2.4528297185897827,True
sab2_2f58_h:sab2_2f58_h_s26:sab2_2f58_h_s03,sab2_2f58_h,107,cdr3,A,-0.6886100769042969,0.627251148223877,-0.03067946434020996,0.0,1.3158612251281738,False
sab2_2f58_h:sab2_2f58_h_s26:sab2_2f58_h_s03,sab2_2f58_h,108,cdr3,Y,0.2392292022705078,0.595146894454956,0.41718804836273193,0.2392292022705078,0.35591769218444824,True
sab2_2f58_h:sab2_2f58_h_s26:sab2_2f58_h_s03,sab2_2f58_h,109,cdr3,Y,-0.08002376556396484,1.308049201965332,0.6140127182006836,0.0,1.3880729675292969,False
sab2_2f58_h:sab2_2f58_h_s26:sab2_2f58_h_s03,sab2_2f58_h,110,cdr3,Y,-0.28708457946777344,0.20974230766296387,-0.038671135902404785,0.0,0.4968268871307373,False
sab2_2f58_h:sab2_2f58_h_s26:sab2_2f58_h_s03,sab2_2f58_h,111,cdr3,A,-0.18888473510742188,1.6411128044128418,0.72611403465271,0.0,1.8299975395202637,False
sab2_2f58_h:sab2_2f58_h_s26:sab2_2f58_h_s03,sab2_2f58_h,112,cdr3,M,2.239551544189453,1.6822800636291504,1.9609158039093018,1.6822800636291504,0.5572714805603027,True
sab2_2f58_h:sab2_2f58_h_s26:sab2_2f58_h_s03,sab2_2f58_h,114,cdr3,C,4.284147262573242,-0.32401227951049805,1.980067491531372,0.0,4.60815954208374,False
sab2_2f58_h:sab2_2f58_h_s12:sab2_2f58_h_s28,sab2_2f58_h,26,cdr1,Y,2.1443862915039062,8.425840258598328,5.285113275051117,2.1443862915039062,6.281453967094421,True
sab2_2f58_h:sab2_2f58_h_s12:sab2_2f58_h_s28,sab2_2f58_h,28,cdr1,I,0.508732795715332,-1.00941801071167,-0.25034260749816895,0.0,1.518150806427002,False
sab2_2f58_h:sab2_2f58_h_s12:sab2_2f58_h_s28,sab2_2f58_h,29,cdr1,T,-1.2753095626831055,3.053919196128845,0.8893048167228699,0.0,4.329228758811951,False
sab2_2f58_h:sab2_2f58_h_s12:sab2_2f58_h_s28,sab2_2f58_h,32,cdr1,Y,0.8000173568725586,0.6052489727735519,0.7026331648230553,0.6052489727735519,0.19476838409900665,True
sab2_2f58_h:sab2_2f58_h_s12:sab2_2f58_h_s28,sab2_2f58_h,33,cdr1,S,-0.879450798034668,0.5203552646562457,-0.17954776668921113,0.0,1.3998060626909137,False
sab2_2f58_h:sab2_2f58_h_s12:sab2_2f58_h_s28,sab2_2f58_h,54,cdr2,S,3.288829803466797,4.134408354759216,3.7116190791130066,3.288829803466797,0.8455785512924194,True
sab2_2f58_h:sab2_2f58_h_s12:sab2_2f58_h_s28,sab2_2f58_h,97,cdr3,R,1.0971450805664062,4.531175494194031,2.8141602873802185,1.0971450805664062,3.4340304136276245,True
sab2_2f58_h:sab2_2f58_h_s12:sab2_2f58_h_s28,sab2_2f58_h,98,cdr3,E,0.7836647033691406,-1.2459731101989746,-0.231154203414917,0.0,2.0296378135681152,False
sab2_2f58_h:sab2_2f58_h_s12:sab2_2f58_h_s28,sab2_2f58_h,101,cdr3,M,-0.4728813171386719,0.04789841175079346,-0.2124914526939392,0.0,0.5207797288894653,False
sab2_2f58_h:sab2_2f58_h_s12:sab2_2f58_h_s28,sab2_2f58_h,102,cdr3,P,0.4046010971069336,2.7648648023605347,1.5847329497337341,0.4046010971069336,2.360263705253601,True
sab2_2f58_h:sab2_2f58_h_s12:sab2_2f58_h_s28,sab2_2f58_h,104,cdr3,G,0.12726879119873047,-0.1332443356513977,-0.002987772226333618,0.0,0.2605131268501282,False
sab2_2f58_h:sab2_2f58_h_s12:sab2_2f58_h_s28,sab2_2f58_h,105,cdr3,N,-0.27414417266845703,-1.6729265451431274,-0.9735353589057922,0.0,1.3987823724746704,True
sab2_2f58_h:sab2_2f58_h_s12:sab2_2f58_h_s28,sab2_2f58_h,106,cdr3,Q,-0.22234344482421875,-0.672549843788147,-0.44744664430618286,0.0,0.4502063989639282,True
sab2_2f58_h:sab2_2f58_h_s12:sab2_2f58_h_s28,sab2_2f58_h,107,cdr3,A,-0.44074249267578125,-2.1507879495620728,-1.295765221118927,0.0,1.7100454568862915,True
sab2_2f58_h:sab2_2f58_h_s12:sab2_2f58_h_s28,sab2_2f58_h,109,cdr3,Y,0.5377311706542969,2.1141713857650757,1.3259512782096863,0.5377311706542969,1.5764402151107788,True
sab2_2f58_h:sab2_2f58_h_s12:sab2_2f58_h_s28,sab2_2f58_h,112,cdr3,M,2.7545318603515625,3.375463843345642,3.0649978518486023,2.7545318603515625,0.6209319829940796,True
sab2_2f58_h:sab2_2f58_h_s01:sab2_2f58_h_s15,sab2_2f58_h,26,cdr1,Y,2.277918815612793,7.582936525344849,4.930427670478821,2.277918815612793,5.305017709732056,True
sab2_2f58_h:sab2_2f58_h_s01:sab2_2f58_h_s15,sab2_2f58_h,29,cdr1,T,-0.7682943344116211,0.978684663772583,0.10519516468048096,0.0,1.746978998184204,False
sab2_2f58_h:sab2_2f58_h_s01:sab2_2f58_h_s15,sab2_2f58_h,54,cdr2,S,3.1854944229125977,4.241997480392456,3.713745951652527,3.1854944229125977,1.0565030574798584,True
sab2_2f58_h:sab2_2f58_h_s01:sab2_2f58_h_s15,sab2_2f58_h,56,cdr2,G,-0.5875282287597656,-0.5975701808929443,-0.592549204826355,0.0,0.010041952133178711,True
sab2_2f58_h:sab2_2f58_h_s01:sab2_2f58_h_s15,sab2_2f58_h,98,cdr3,E,0.5706710815429688,0.925148606300354,0.7479098439216614,0.5706710815429688,0.35447752475738525,True
sab2_2f58_h:sab2_2f58_h_s01:sab2_2f58_h_s15,sab2_2f58_h,99,cdr3,E,-0.3376035690307617,0.2965511083602905,-0.020526230335235596,0.0,0.6341546773910522,False
sab2_2f58_h:sab2_2f58_h_s01:sab2_2f58_h_s15,sab2_2f58_h,100,cdr3,A,0.20314502716064453,0.6076593399047852,0.40540218353271484,0.20314502716064453,0.4045143127441406,True
sab2_2f58_h:sab2_2f58_h_s01:sab2_2f58_h_s15,sab2_2f58_h,101,cdr3,M,0.7144737243652344,1.8342113494873047,1.2743425369262695,0.7144737243652344,1.1197376251220703,True
sab2_2f58_h:sab2_2f58_h_s01:sab2_2f58_h_s15,sab2_2f58_h,104,cdr3,G,-0.717198371887207,-1.2736656069755554,-0.9954319894313812,0.0,0.5564672350883484,True
sab2_2f58_h:sab2_2f58_h_s01:sab2_2f58_h_s15,sab2_2f58_h,105,cdr3,N,0.2673959732055664,-0.7636343538761139,-0.24811919033527374,0.0,1.0310303270816803,False
sab2_2f58_h:sab2_2f58_h_s01:sab2_2f58_h_s15,sab2_2f58_h,106,cdr3,Q,-0.03514575958251953,-0.3796173930168152,-0.20738157629966736,0.0,0.34447163343429565,True
sab2_2f58_h:sab2_2f58_h_s01:sab2_2f58_h_s15,sab2_2f58_h,107,cdr3,A,0.9674406051635742,0.2978247404098511,0.6326326727867126,0.2978247404098511,0.6696158647537231,True
sab2_2f58_h:sab2_2f58_h_s01:sab2_2f58_h_s15,sab2_2f58_h,108,cdr3,Y,0.6456670761108398,-1.3771116137504578,-0.36572226881980896,0.0,2.0227786898612976,False
sab2_2f58_h:sab2_2f58_h_s01:sab2_2f58_h_s15,sab2_2f58_h,109,cdr3,Y,0.9160614013671875,3.608128309249878,2.2620948553085327,0.9160614013671875,2.6920669078826904,True
sab2_2f58_h:sab2_2f58_h_s01:sab2_2f58_h_s15,sab2_2f58_h,111,cdr3,A,-0.08283615112304688,0.2705596685409546,0.09386175870895386,0.0,0.35339581966400146,False
sab2_2f58_h:sab2_2f58_h_s01:sab2_2f58_h_s15,sab2_2f58_h,112,cdr3,M,1.2157297134399414,1.237001657485962,1.2263656854629517,1.2157297134399414,0.021271944046020508,True
sab2_2f58_h:sab2_2f58_h_s13:sab2_2f58_h_s29,sab2_2f58_h,26,cdr1,Y,0.265045166015625,6.415307998657227,3.340176582336426,0.265045166015625,6.150262832641602,True
sab2_2f58_h:sab2_2f58_h_s13:sab2_2f58_h_s29,sab2_2f58_h,28,cdr1,I,-0.40496349334716797,3.484678268432617,1.5398573875427246,0.0,3.889641761779785,False
sab2_2f58_h:sab2_2f58_h_s13:sab2_2f58_h_s29,sab2_2f58_h,32,cdr1,Y,-0.27617645263671875,2.787566661834717,1.255695104598999,0.0,3.0637431144714355,False
sab2_2f58_h:sab2_2f58_h_s13:sab2_2f58_h_s29,sab2_2f58_h,33,cdr1,S,3.2521963119506836,8.528489112854004,5.890342712402344,3.2521963119506836,5.27629280090332,True
sab2_2f58_h:sab2_2f58_h_s13:sab2_2f58_h_s29,sab2_2f58_h,98,cdr3,E,-0.005794525146484375,-0.22945594787597656,-0.11762523651123047,0.0,0.2236614227294922,True
sab2_2f58_h:sab2_2f58_h_s13:sab2_2f58_h_s29,sab2_2f58_h,99,cdr3,E,-0.6771726608276367,3.5051684379577637,1.4139978885650635,0.0,4.1823410987854,False
sab2_2f58_h:sab2_2f58_h_s13:sab2_2f58_h_s29,sab2_2f58_h,102,cdr3,P,0.08398056030273438,0.4781341552734375,0.28105735778808594,0.08398056030273438,0.3941535949707031,True
sab2_2f58_h:sab2_2f58_h_s13:sab2_2f58_h_s29,sab2_2f58_h,103,cdr3,Y,0.007549285888671875,-2.1089773774147034,-1.0507140457630157,0.0,2.1165266633033752,False
sab2_2f58_h:sab2_2f58_h_s13:sab2_2f58_h_s29,sab2_2f58_h,104,cdr3,G,0.13623428344726562,-1.7036426067352295,-0.7837041616439819,0.0,1.8398768901824951,False
sab2_2f58_h:sab2_2f58_h_s13:sab2_2f58_h_s29,sab2_2f58_h,105,cdr3,N,-0.20508098602294922,0.9305253028869629,0.36272215843200684,0.0,1.135606288909912,False
sab2_2f58_h:sab2_2f58_h_s13:sab2_2f58_h_s29,sab2_2f58_h,106,cdr3,Q,-0.3131093978881836,0.40235400199890137,0.04462230205535889,0.0,0.715463399887085,False
sab2_2f58_h:sab2_2f58_h_s13:sab2_2f58_h_s29,sab2_2f58_h,108,cdr3,Y,1.070784568786621,-0.023354291915893555,0.5237151384353638,0.0,1.0941388607025146,False
sab2_2f58_h:sab2_2f58_h_s13:sab2_2f58_h_s29,sab2_2f58_h,109,cdr3,Y,-0.5567693710327148,-1.307421088218689,-0.9320952296257019,0.0,0.7506517171859741,True
sab2_2f58_h:sab2_2f58_h_s13:sab2_2f58_h_s29,sab2_2f58_h,111,cdr3,A,-0.060103416442871094,-0.27155065536499023,-0.16582703590393066,0.0,0.21144723892211914,True
sab2_2f58_h:sab2_2f58_h_s13:sab2_2f58_h_s29,sab2_2f58_h,113,cdr3,D,-0.41126155853271484,-2.3017807006835938,-1.3565211296081543,0.0,1.890519142150879,True
sab2_2f58_h:sab2_2f58_h_s13:sab2_2f58_h_s29,sab2_2f58_h,114,cdr3,C,1.1301536560058594,2.5966873168945312,1.8634204864501953,1.1301536560058594,1.4665336608886719,True
sab2_2f58_h:sab2_2f58_h_s04:sab2_2f58_h_s17,sab2_2f58_h,26,cdr1,Y,0.7760190963745117,6.662493944168091,3.7192565202713013,0.7760190963745117,5.886474847793579,True
sab2_2f58_h:sab2_2f58_h_s04:sab2_2f58_h_s17,sab2_2f58_h,29,cdr1,T,1.774336814880371,6.779975175857544,4.2771559953689575,1.774336814880371,5.005638360977173,True
sab2_2f58_h:sab2_2f58_h_s04:sab2_2f58_h_s17,sab2_2f58_h,32,cdr1,Y,0.8528499603271484,1.1281116008758545,0.9904807806015015,0.8528499603271484,0.27526164054870605,True
sab2_2f58_h:sab2_2f58_h_s04:sab2_2f58_h_s17,sab2_2f58_h,56,cdr2,G,0.5091896057128906,1.8193457126617432,1.164267659187317,0.5091896057128906,1.3101561069488525,True
sab2_2f58_h:sab2_2f58_h_s04:sab2_2f58_h_s17,sab2_2f58_h,97,cdr3,R,1.047865867614746,2.7662031650543213,1.9070345163345337,1.047865867614746,1.7183372974395752,True
sab2_2f58_h:sab2_2f58_h_s04:sab2_2f58_h_s17,sab2_2f58_h,98,cdr3,E,-0.9263401031494141,1.0898997783660889,0.0817798376083374,0.0,2.016239881515503,False
sab2_2f58_h:sab2_2f58_h_s04:sab2_2f58_h_s17,sab2_2f58_h,99,cdr3,E,0.2054309844970703,0.771254301071167,0.48834264278411865,0.2054309844970703,0.5658233165740967,True
sab2_2f58_h:sab2_2f58_h_s04:sab2_2f58_h_s17,sab2_2f58_h,101,cdr3,M,-1.0611896514892578,-0.9725511074066162,-1.016870379447937,0.0,0.0886385440826416,True
sab2_2f58_h:sab2_2f58_h_s04:sab2_2f58_h_s17,sab2_2f58_h,103,cdr3,Y,-0.42597007751464844,-0.12689495086669922,-0.27643251419067383,0.0,0.2990751266479492,True
sab2_2f58_h:sab2_2f58_h_s04:sab2_2f58_h_s17,sab2_2f58_h,104,cdr3,G,-0.06841659545898438,-0.717721700668335,-0.39306914806365967,0.0,0.6493051052093506,True
sab2_2f58_h:sab2_2f58_h_s04:sab2_2f58_h_s17,sab2_2f58_h,105,cdr3,N,0.14713573455810547,-1.620920181274414,-0.7368922233581543,0.0,1.7680559158325195,False
sab2_2f58_h:sab2_2f58_h_s04:sab2_2f58_h_s17,sab2_2f58_h,106,cdr3,Q,1.5294179916381836,-1.190635085105896,0.1693914532661438,0.0,2.7200530767440796,False
sab2_2f58_h:sab2_2f58_h_s04:sab2_2f58_h_s17,sab2_2f58_h,107,cdr3,A,-0.07498550415039062,-0.976792573928833,-0.5258890390396118,0.0,0.9018070697784424,True
sab2_2f58_h:sab2_2f58_h_s04:sab2_2f58_h_s17,sab2_2f58_h,109,cdr3,Y,0.3548460006713867,-2.5054769068956375,-1.0753154531121254,0.0,2.8603229075670242,False
sab2_2f58_h:sab2_2f58_h_s04:sab2_2f58_h_s17,sab2_2f58_h,110,cdr3,Y,0.48131752014160156,-0.3846616744995117,0.04832792282104492,0.0,0.8659791946411133,False
sab2_2f58_h:sab2_2f58_h_s04:sab2_2f58_h_s17,sab2_2f58_h,111,cdr3,A,-1.2537546157836914,-3.402531862258911,-2.3281432390213013,0.0,2.1487772464752197,True
sab2_2f58_h:sab2_2f58_h_s16:sab2_2f58_h_s18,sab2_2f58_h,26,cdr1,Y,2.2659549713134766,1.3994340896606445,1.8326945304870605,1.3994340896606445,0.866520881652832,True
sab2_2f58_h:sab2_2f58_h_s16:sab2_2f58_h_s18,sab2_2f58_h,29,cdr1,T,3.018901824951172,5.160009384155273,4.089455604553223,3.018901824951172,2.1411075592041016,True
sab2_2f58_h:sab2_2f58_h_s16:sab2_2f58_h_s18,sab2_2f58_h,33,cdr1,S,1.3796072006225586,3.7954654693603516,2.587536334991455,1.3796072006225586,2.415858268737793,True
sab2_2f58_h:sab2_2f58_h_s16:sab2_2f58_h_s18,sab2_2f58_h,56,cdr2,G,-0.5074520111083984,-0.6002333164215088,-0.5538426637649536,0.0,0.09278130531311035,True
sab2_2f58_h:sab2_2f58_h_s16:sab2_2f58_h_s18,sab2_2f58_h,98,cdr3,E,1.4384765625,-0.04995107650756836,0.6942627429962158,0.0,1.4884276390075684,False
sab2_2f58_h:sab2_2f58_h_s16:sab2_2f58_h_s18,sab2_2f58_h,99,cdr3,E,0.6024417877197266,0.38403844833374023,0.4932401180267334,0.38403844833374023,0.21840333938598633,True
sab2_2f58_h:sab2_2f58_h_s16:sab2_2f58_h_s18,sab2_2f58_h,101,cdr3,M,0.8960599899291992,0.12165355682373047,0.5088567733764648,0.12165355682373047,0.7744064331054688,True
sab2_2f58_h:sab2_2f58_h_s16:sab2_2f58_h_s18,sab2_2f58_h,102,cdr3,P,-0.11853790283203125,0.7998142242431641,0.3406381607055664,0.0,0.9183521270751953,False
sab2_2f58_h:sab2_2f58_h_s16:sab2_2f58_h_s18,sab2_2f58_h,103,cdr3,Y,1.3223819732666016,-0.8800420761108398,0.22116994857788086,0.0,2.2024240493774414,False
sab2_2f58_h:sab2_2f58_h_s16:sab2_2f58_h_s18,sab2_2f58_h,104,cdr3,G,0.6795492172241211,2.2612476348876953,1.4703984260559082,0.6795492172241211,1.5816984176635742,True
sab2_2f58_h:sab2_2f58_h_s16:sab2_2f58_h_s18,sab2_2f58_h,106,cdr3,Q,0.008190155029296875,-0.6227726936340332,-0.30729126930236816,0.0,0.6309628486633301,False
sab2_2f58_h:sab2_2f58_h_s16:sab2_2f58_h_s18,sab2_2f58_h,107,cdr3,A,0.6208248138427734,2.1295032501220703,1.3751640319824219,0.6208248138427734,1.5086784362792969,True
sab2_2f58_h:sab2_2f58_h_s16:sab2_2f58_h_s18,sab2_2f58_h,108,cdr3,Y,-0.77410888671875,0.08570194244384766,-0.34420347213745117,0.0,0.8598108291625977,False
sab2_2f58_h:sab2_2f58_h_s16:sab2_2f58_h_s18,sab2_2f58_h,109,cdr3,Y,0.40378856658935547,2.294585704803467,1.3491871356964111,0.40378856658935547,1.8907971382141113,True
sab2_2f58_h:sab2_2f58_h_s16:sab2_2f58_h_s18,sab2_2f58_h,111,cdr3,A,0.22075271606445312,-1.4894790649414062,-0.6343631744384766,0.0,1.7102317810058594,False
sab2_2f58_h:sab2_2f58_h_s16:sab2_2f58_h_s18,sab2_2f58_h,112,cdr3,M,-1.7789545059204102,-1.9488799571990967,-1.8639172315597534,0.0,0.16992545127868652,True
sab2_2f58_h:sab2_2f58_h_s16:sab2_2f58_h_s18,sab2_2f58_h,113,cdr3,D,-0.9386043548583984,-1.462841510772705,-1.2007229328155518,0.0,0.5242371559143066,True
sab2_2f58_h:sab2_2f58_h_s16:sab2_2f58_h_s18,sab2_2f58_h,114,cdr3,C,-0.14934158325195312,-0.9123480319976807,-0.5308448076248169,0.0,0.7630064487457275,True
sab2_4i1n_b:sab2_4i1n_b_s16:sab2_4i1n_b_s03,sab2_4i1n_b,27,cdr1,L,0.12700653076171875,0.7714173793792725,0.4492119550704956,0.12700653076171875,0.6444108486175537,True
sab2_4i1n_b:sab2_4i1n_b_s16:sab2_4i1n_b_s03,sab2_4i1n_b,28,cdr1,T,0.005772590637207031,1.427452802658081,0.716612696647644,0.005772590637207031,1.421680212020874,True
sab2_4i1n_b:sab2_4i1n_b_s16:sab2_4i1n_b_s03,sab2_4i1n_b,30,cdr1,D,1.6728992462158203,3.7684037685394287,2.7206515073776245,1.6728992462158203,2.0955045223236084,True
sab2_4i1n_b:sab2_4i1n_b_s16:sab2_4i1n_b_s03,sab2_4i1n_b,52,cdr2,W,1.664158821105957,2.8936984539031982,2.2789286375045776,1.664158821105957,1.2295396327972412,True
sab2_4i1n_b:sab2_4i1n_b_s16:sab2_4i1n_b_s03,sab2_4i1n_b,53,cdr2,G,1.1853265762329102,-1.7566576600074768,-0.2856655418872833,0.0,2.941984236240387,False
sab2_4i1n_b:sab2_4i1n_b_s16:sab2_4i1n_b_s03,sab2_4i1n_b,55,cdr2,G,-0.2853050231933594,0.840428352355957,0.27756166458129883,0.0,1.1257333755493164,False
sab2_4i1n_b:sab2_4i1n_b_s16:sab2_4i1n_b_s03,sab2_4i1n_b,56,cdr2,L,0.40828514099121094,0.6557977199554443,0.5320414304733276,0.40828514099121094,0.2475125789642334,True
sab2_4i1n_b:sab2_4i1n_b_s16:sab2_4i1n_b_s03,sab2_4i1n_b,98,cdr3,S,0.4541749954223633,1.8527405261993408,1.153457760810852,0.4541749954223633,1.3985655307769775,True
sab2_4i1n_b:sab2_4i1n_b_s16:sab2_4i1n_b_s03,sab2_4i1n_b,99,cdr3,R,0.5280876159667969,-0.772154688835144,-0.12203353643417358,0.0,1.300242304801941,False
sab2_4i1n_b:sab2_4i1n_b_s16:sab2_4i1n_b_s03,sab2_4i1n_b,100,cdr3,I,-0.1635303497314453,-1.8303686678409576,-0.9969495087862015,0.0,1.6668383181095123,True
sab2_4i1n_b:sab2_4i1n_b_s16:sab2_4i1n_b_s03,sab2_4i1n_b,101,cdr3,S,0.5858354568481445,-0.39089536666870117,0.09747004508972168,0.0,0.9767308235168457,False
sab2_4i1n_b:sab2_4i1n_b_s16:sab2_4i1n_b_s03,sab2_4i1n_b,103,cdr3,A,0.03567314147949219,0.27092814445495605,0.15330064296722412,0.03567314147949219,0.23525500297546387,True
sab2_4i1n_b:sab2_4i1n_b_s16:sab2_4i1n_b_s03,sab2_4i1n_b,104,cdr3,V,0.1300487518310547,-0.2793614864349365,-0.07465636730194092,0.0,0.4094102382659912,False
sab2_4i1n_b:sab2_4i1n_b_s16:sab2_4i1n_b_s03,sab2_4i1n_b,105,cdr3,W,-0.13648414611816406,1.0098803043365479,0.4366980791091919,0.0,1.146364450454712,False
sab2_4i1n_b:sab2_4i1n_b_s16:sab2_4i1n_b_s03,sab2_4i1n_b,106,cdr3,N,0.3616657257080078,-2.436022937297821,-1.0371786057949066,0.0,2.797688663005829,False
sab2_4i1n_b:sab2_4i1n_b_s16:sab2_4i1n_b_s03,sab2_4i1n_b,107,cdr3,T,0.7324905395507812,2.62249493598938,1.6774927377700806,0.7324905395507812,1.8900043964385986,True
sab2_4i1n_b:sab2_4i1n_b_s16:sab2_4i1n_b_s03,sab2_4i1n_b,108,cdr3,I,0.08201408386230469,4.8324244022369385,2.4572192430496216,0.08201408386230469,4.750410318374634,True
sab2_4i1n_b:sab2_4i1n_b_s16:sab2_4i1n_b_s03,sab2_4i1n_b,109,cdr3,P,-0.33971309661865234,3.3284127712249756,1.4943498373031616,0.0,3.668125867843628,False
sab2_4i1n_b:sab2_4i1n_b_s16:sab2_4i1n_b_s03,sab2_4i1n_b,110,cdr3,Y,-0.4250984191894531,0.710343599319458,0.14262259006500244,0.0,1.1354420185089111,False
sab2_4i1n_b:sab2_4i1n_b_s29:sab2_4i1n_b_s04,sab2_4i1n_b,26,cdr1,R,0.16989421844482422,0.5087428092956543,0.33931851387023926,0.16989421844482422,0.3388485908508301,True
sab2_4i1n_b:sab2_4i1n_b_s29:sab2_4i1n_b_s04,sab2_4i1n_b,28,cdr1,T,0.5024080276489258,0.02544879913330078,0.2639284133911133,0.02544879913330078,0.476959228515625,True
sab2_4i1n_b:sab2_4i1n_b_s29:sab2_4i1n_b_s04,sab2_4i1n_b,30,cdr1,D,0.35072803497314453,1.3339118957519531,0.8423199653625488,0.35072803497314453,0.9831838607788086,True
sab2_4i1n_b:sab2_4i1n_b_s29:sab2_4i1n_b_s04,sab2_4i1n_b,31,cdr1,Y,0.861170768737793,2.3513927459716797,1.6062817573547363,0.861170768737793,1.4902219772338867,True
sab2_4i1n_b:sab2_4i1n_b_s29:sab2_4i1n_b_s04,sab2_4i1n_b,32,cdr1,A,-0.20566082000732422,3.4165396690368652,1.6054394245147705,0.0,3.6222004890441895,False
sab2_4i1n_b:sab2_4i1n_b_s29:sab2_4i1n_b_s04,sab2_4i1n_b,52,cdr2,W,0.3704566955566406,1.0090417861938477,0.6897492408752441,0.3704566955566406,0.638585090637207,True
sab2_4i1n_b:sab2_4i1n_b_s29:sab2_4i1n_b_s04,sab2_4i1n_b,55,cdr2,G,2.0210752487182617,3.161895751953125,2.5914855003356934,2.0210752487182617,1.1408205032348633,True
sab2_4i1n_b:sab2_4i1n_b_s29:sab2_4i1n_b_s04,sab2_4i1n_b,56,cdr2,L,0.46572017669677734,1.4997997283935547,0.982759952545166,0.46572017669677734,1.0340795516967773,True
sab2_4i1n_b:sab2_4i1n_b_s29:sab2_4i1n_b_s04,sab2_4i1n_b,98,cdr3,S,0.6235818862915039,2.8670897483825684,1.7453358173370361,0.6235818862915039,2.2435078620910645,True
sab2_4i1n_b:sab2_4i1n_b_s29:sab2_4i1n_b_s04,sab2_4i1n_b,99,cdr3,R,-0.058716773986816406,-0.014291048049926758,-0.03650391101837158,0.0,0.04442572593688965,True
sab2_4i1n_b:sab2_4i1n_b_s29:sab2_4i1n_b_s04,sab2_4i1n_b,101,cdr3,S,-0.1658782958984375,-0.5764439105987549,-0.3711611032485962,0.0,0.4105656147003174,True
sab2_4i1n_b:sab2_4i1n_b_s29:sab2_4i1n_b_s04,sab2_4i1n_b,102,cdr3,Y,0.04517364501953125,0.08105182647705078,0.06311273574829102,0.04517364501953125,0.03587818145751953,True
sab2_4i1n_b:sab2_4i1n_b_s29:sab2_4i1n_b_s04,sab2_4i1n_b,103,cdr3,A,-0.0193328857421875,-0.13637924194335938,-0.07785606384277344,0.0,0.11704635620117188,True
sab2_4i1n_b:sab2_4i1n_b_s29:sab2_4i1n_b_s04,sab2_4i1n_b,105,cdr3,W,-0.26628971099853516,0.5690383911132812,0.15137434005737305,0.0,0.8353281021118164,False
sab2_4i1n_b:sab2_4i1n_b_s29:sab2_4i1n_b_s04,sab2_4i1n_b,106,cdr3,N,1.2213716506958008,0.7199501991271973,0.970660924911499,0.7199501991271973,0.5014214515686035,True
sab2_4i1n_b:sab2_4i1n_b_s29:sab2_4i1n_b_s04,sab2_4i1n_b,107,cdr3,T,-0.12627410888671875,1.6457037925720215,0.7597148418426514,0.0,1.7719779014587402,False
sab2_4i1n_b:sab2_4i1n_b_s29:sab2_4i1n_b_s04,sab2_4i1n_b,108,cdr3,I,0.014530181884765625,-0.43282222747802734,-0.20914602279663086,0.0,0.44735240936279297,False
sab2_4i1n_b:sab2_4i1n_b_s29:sab2_4i1n_b_s04,sab2_4i1n_b,111,cdr3,N,0.3921041488647461,-1.3057951927185059,-0.4568455219268799,0.0,1.697899341583252,False
sab2_4i1n_b:sab2_4i1n_b_s29:sab2_4i1n_b_s04,sab2_4i1n_b,112,cdr3,K,0.14130020141601562,-3.1044259071350098,-1.481562852859497,0.0,3.2457261085510254,False
sab2_4i1n_b:sab2_4i1n_b_s29:sab2_4i1n_b_s04,sab2_4i1n_b,114,cdr3,T,0.12911510467529297,2.530770778656006,1.3299429416656494,0.12911510467529297,2.401655673980713,True
sab2_4i1n_b:sab2_4i1n_b_s18:sab2_4i1n_b_s27,sab2_4i1n_b,28,cdr1,T,-0.05887031555175781,-0.23586177825927734,-0.14736604690551758,0.0,0.17699146270751953,True
sab2_4i1n_b:sab2_4i1n_b_s18:sab2_4i1n_b_s27,sab2_4i1n_b,30,cdr1,D,0.8893699645996094,1.6949071884155273,1.2921385765075684,0.8893699645996094,0.805537223815918,True
sab2_4i1n_b:sab2_4i1n_b_s18:sab2_4i1n_b_s27,sab2_4i1n_b,53,cdr2,G,0.35294437408447266,2.595700263977051,1.4743223190307617,0.35294437408447266,2.242755889892578,True
sab2_4i1n_b:sab2_4i1n_b_s18:sab2_4i1n_b_s27,sab2_4i1n_b,55,cdr2,G,-1.6237068176269531,0.961524486541748,-0.33109116554260254,0.0,2.585231304168701,False
sab2_4i1n_b:sab2_4i1n_b_s18:sab2_4i1n_b_s27,sab2_4i1n_b,56,cdr2,L,-0.14591121673583984,1.5279054641723633,0.6909971237182617,0.0,1.6738166809082031,False
sab2_4i1n_b:sab2_4i1n_b_s18:sab2_4i1n_b_s27,sab2_4i1n_b,98,cdr3,S,0.6997041702270508,2.1068620681762695,1.4032831192016602,0.6997041702270508,1.4071578979492188,True
sab2_4i1n_b:sab2_4i1n_b_s18:sab2_4i1n_b_s27,sab2_4i1n_b,100,cdr3,I,-0.49277782440185547,-1.4128708839416504,-0.9528243541717529,0.0,0.9200930595397949,True
sab2_4i1n_b:sab2_4i1n_b_s18:sab2_4i1n_b_s27,sab2_4i1n_b,101,cdr3,S,-0.08905696868896484,1.1925501823425293,0.5517466068267822,0.0,1.2816071510314941,False
sab2_4i1n_b:sab2_4i1n_b_s18:sab2_4i1n_b_s27,sab2_4i1n_b,103,cdr3,A,0.15334415435791016,1.8185038566589355,0.9859240055084229,0.15334415435791016,1.6651597023010254,True
sab2_4i1n_b:sab2_4i1n_b_s18:sab2_4i1n_b_s27,sab2_4i1n_b,106,cdr3,N,1.4264764785766602,1.6372079849243164,1.5318422317504883,1.4264764785766602,0.21073150634765625,True
sab2_4i1n_b:sab2_4i1n_b_s18:sab2_4i1n_b_s27,sab2_4i1n_b,107,cdr3,T,-0.23697566986083984,2.193312168121338,0.978168249130249,0.0,2.4302878379821777,False
sab2_4i1n_b:sab2_4i1n_b_s18:sab2_4i1n_b_s27,sab2_4i1n_b,108,cdr3,I,0.8369874954223633,2.664401054382324,1.7506942749023438,0.8369874954223633,1.827413558959961,True
sab2_4i1n_b:sab2_4i1n_b_s18:sab2_4i1n_b_s27,sab2_4i1n_b,109,cdr3,P,0.42409515380859375,-0.17618036270141602,0.12395739555358887,0.0,0.6002755165100098,False
sab2_4i1n_b:sab2_4i1n_b_s19:sab2_4i1n_b_s07,sab2_4i1n_b,27,cdr1,L,0.3863048553466797,0.7983651161193848,0.5923349857330322,0.3863048553466797,0.4120602607727051,True
sab2_4i1n_b:sab2_4i1n_b_s19:sab2_4i1n_b_s07,sab2_4i1n_b,98,cdr3,S,1.2860240936279297,1.3244690895080566,1.3052465915679932,1.2860240936279297,0.03844499588012695,True
sab2_4i1n_b:sab2_4i1n_b_s19:sab2_4i1n_b_s07,sab2_4i1n_b,100,cdr3,I,-0.5077123641967773,-1.3104701042175293,-0.9090912342071533,0.0,0.802757740020752,True
sab2_4i1n_b:sab2_4i1n_b_s19:sab2_4i1n_b_s07,sab2_4i1n_b,101,cdr3,S,0.15081787109375,-0.1727294921875,-0.010955810546875,0.0,0.32354736328125,False
sab2_4i1n_b:sab2_4i1n_b_s19:sab2_4i1n_b_s07,sab2_4i1n_b,106,cdr3,N,-0.1733694076538086,1.0677342414855957,0.44718241691589355,0.0,1.2411036491394043,False
sab2_4i1n_b:sab2_4i1n_b_s19:sab2_4i1n_b_s07,sab2_4i1n_b,107,cdr3,T,-0.8914070129394531,-0.9396910667419434,-0.9155490398406982,0.0,0.048284053802490234,True
sab2_4i1n_b:sab2_4i1n_b_s19:sab2_4i1n_b_s07,sab2_4i1n_b,109,cdr3,P,3.34805965423584,1.7060718536376953,2.5270657539367676,1.7060718536376953,1.6419878005981445,True
sab2_4i1n_b:sab2_4i1n_b_s19:sab2_4i1n_b_s07,sab2_4i1n_b,111,cdr3,N,1.4651222229003906,1.1121139526367188,1.2886180877685547,1.1121139526367188,0.3530082702636719,True
sab2_4i1n_b:sab2_4i1n_b_s19:sab2_4i1n_b_s07,sab2_4i1n_b,113,cdr3,L,1.7880516052246094,3.598130226135254,2.6930909156799316,1.7880516052246094,1.8100786209106445,True
sab2_4i1n_b:sab2_4i1n_b_s19:sab2_4i1n_b_s07,sab2_4i1n_b,114,cdr3,T,8.07563591003418,2.9542665481567383,5.514951229095459,2.9542665481567383,5.121369361877441,True
sab2_4i1n_b:sab2_4i1n_b_s00:sab2_4i1n_b_s05,sab2_4i1n_b,32,cdr1,A,0.3170433044433594,0.8453073501586914,0.5811753273010254,0.3170433044433594,0.528264045715332,True
sab2_4i1n_b:sab2_4i1n_b_s00:sab2_4i1n_b_s05,sab2_4i1n_b,52,cdr2,W,1.7773504257202148,-0.6544680595397949,0.56144118309021,0.0,2.4318184852600098,False
sab2_4i1n_b:sab2_4i1n_b_s00:sab2_4i1n_b_s05,sab2_4i1n_b,55,cdr2,G,2.5101633071899414,1.339900016784668,1.9250316619873047,1.339900016784668,1.1702632904052734,True
sab2_4i1n_b:sab2_4i1n_b_s00:sab2_4i1n_b_s05,sab2_4i1n_b,57,cdr2,T,-0.23415470123291016,-1.0177631378173828,-0.6259589195251465,0.0,0.7836084365844727,True
sab2_4i1n_b:sab2_4i1n_b_s00:sab2_4i1n_b_s05,sab2_4i1n_b,98,cdr3,S,-1.7758350372314453,-1.776521921157837,-1.7761784791946411,0.0,0.0006868839263916016,True
sab2_4i1n_b:sab2_4i1n_b_s00:sab2_4i1n_b_s05,sab2_4i1n_b,99,cdr3,R,-0.28691673278808594,2.4769086837768555,1.0949959754943848,0.0,2.7638254165649414,False
sab2_4i1n_b:sab2_4i1n_b_s00:sab2_4i1n_b_s05,sab2_4i1n_b,100,cdr3,I,-1.109354019165039,1.5812864303588867,0.23596620559692383,0.0,2.690640449523926,False
sab2_4i1n_b:sab2_4i1n_b_s00:sab2_4i1n_b_s05,sab2_4i1n_b,101,cdr3,S,-0.6331758499145508,2.55881404876709,0.9628190994262695,0.0,3.1919898986816406,False
sab2_4i1n_b:sab2_4i1n_b_s00:sab2_4i1n_b_s05,sab2_4i1n_b,106,cdr3,N,0.07593822479248047,-0.3572688102722168,-0.14066529273986816,0.0,0.43320703506469727,False
sab2_4i1n_b:sab2_4i1n_b_s00:sab2_4i1n_b_s05,sab2_4i1n_b,107,cdr3,T,2.6933231353759766,2.2838363647460938,2.488579750061035,2.2838363647460938,0.4094867706298828,True
sab2_4i1n_b:sab2_4i1n_b_s00:sab2_4i1n_b_s05,sab2_4i1n_b,108,cdr3,I,1.4856643676757812,1.3270387649536133,1.4063515663146973,1.3270387649536133,0.15862560272216797,True
sab2_4i1n_b:sab2_4i1n_b_s00:sab2_4i1n_b_s05,sab2_4i1n_b,109,cdr3,P,2.1645326614379883,0.7875614166259766,1.4760470390319824,0.7875614166259766,1.3769712448120117,True
sab2_4i1n_b:sab2_4i1n_b_s00:sab2_4i1n_b_s05,sab2_4i1n_b,112,cdr3,K,-0.055606842041015625,1.344627857208252,0.6445105075836182,0.0,1.4002346992492676,False
sab2_4i1n_b:sab2_4i1n_b_s00:sab2_4i1n_b_s05,sab2_4i1n_b,114,cdr3,T,1.1988506317138672,1.8294262886047363,1.5141384601593018,1.1988506317138672,0.6305756568908691,True
sab2_4i1n_b:sab2_4i1n_b_s06:sab2_4i1n_b_s23,sab2_4i1n_b,30,cdr1,D,-1.2049636840820312,-3.260326862335205,-2.232645273208618,0.0,2.055363178253174,True
sab2_4i1n_b:sab2_4i1n_b_s06:sab2_4i1n_b_s23,sab2_4i1n_b,53,cdr2,G,1.2130460739135742,3.585873603820801,2.3994598388671875,1.2130460739135742,2.3728275299072266,True
sab2_4i1n_b:sab2_4i1n_b_s06:sab2_4i1n_b_s23,sab2_4i1n_b,98,cdr3,S,-0.5740623474121094,-1.6219124794006348,-1.097987413406372,0.0,1.0478501319885254,True
sab2_4i1n_b:sab2_4i1n_b_s06:sab2_4i1n_b_s23,sab2_4i1n_b,99,cdr3,R,0.4330110549926758,-0.39574527740478516,0.018632888793945312,0.0,0.8287563323974609,False
sab2_4i1n_b:sab2_4i1n_b_s06:sab2_4i1n_b_s23,sab2_4i1n_b,100,cdr3,I,0.9931602478027344,-1.3655776977539062,-0.18620872497558594,0.0,2.3587379455566406,False
sab2_4i1n_b:sab2_4i1n_b_s06:sab2_4i1n_b_s23,sab2_4i1n_b,103,cdr3,A,0.0010919570922851562,-0.19762420654296875,-0.0982661247253418,0.0,0.1987161636352539,False
sab2_4i1n_b:sab2_4i1n_b_s06:sab2_4i1n_b_s23,sab2_4i1n_b,104,cdr3,V,0.4161844253540039,0.6343507766723633,0.5252676010131836,0.4161844253540039,0.21816635131835938,True
sab2_4i1n_b:sab2_4i1n_b_s06:sab2_4i1n_b_s23,sab2_4i1n_b,106,cdr3,N,0.46260833740234375,0.29181814193725586,0.3772132396697998,0.29181814193725586,0.1707901954650879,True
sab2_4i1n_b:sab2_4i1n_b_s06:sab2_4i1n_b_s23,sab2_4i1n_b,108,cdr3,I,-0.1222696304321289,2.7788095474243164,1.3282699584960938,0.0,2.9010791778564453,False
sab2_4i1n_b:sab2_4i1n_b_s06:sab2_4i1n_b_s23,sab2_4i1n_b,109,cdr3,P,0.7462682723999023,1.332301139831543,1.0392847061157227,0.7462682723999023,0.5860328674316406,True
sab2_4i1n_b:sab2_4i1n_b_s06:sab2_4i1n_b_s23,sab2_4i1n_b,112,cdr3,K,2.104434013366699,4.083453178405762,3.0939435958862305,2.104434013366699,1.9790191650390625,True
sab2_4i1n_b:sab2_4i1n_b_s06:sab2_4i1n_b_s23,sab2_4i1n_b,114,cdr3,T,1.0936965942382812,2.590290069580078,1.8419933319091797,1.0936965942382812,1.4965934753417969,True
sab2_4i1n_b:sab2_4i1n_b_s12:sab2_4i1n_b_s13,sab2_4i1n_b,27,cdr1,L,-0.9126253128051758,1.1751995086669922,0.1312870979309082,0.0,2.087824821472168,False
sab2_4i1n_b:sab2_4i1n_b_s12:sab2_4i1n_b_s13,sab2_4i1n_b,28,cdr1,T,0.5354185104370117,0.07226991653442383,0.3038442134857178,0.07226991653442383,0.4631485939025879,True
sab2_4i1n_b:sab2_4i1n_b_s12:sab2_4i1n_b_s13,sab2_4i1n_b,30,cdr1,D,0.9578828811645508,0.4020218849182129,0.6799523830413818,0.4020218849182129,0.5558609962463379,True
sab2_4i1n_b:sab2_4i1n_b_s12:sab2_4i1n_b_s13,sab2_4i1n_b,53,cdr2,G,1.0991888046264648,2.3245763778686523,1.7118825912475586,1.0991888046264648,1.2253875732421875,True
sab2_4i1n_b:sab2_4i1n_b_s12:sab2_4i1n_b_s13,sab2_4i1n_b,55,cdr2,G,0.3449068069458008,1.7707977294921875,1.0578522682189941,0.3449068069458008,1.4258909225463867,True
sab2_4i1n_b:sab2_4i1n_b_s12:sab2_4i1n_b_s13,sab2_4i1n_b,56,cdr2,L,0.5300474166870117,-0.7366518974304199,-0.1033022403717041,0.0,1.2666993141174316,False
sab2_4i1n_b:sab2_4i1n_b_s12:sab2_4i1n_b_s13,sab2_4i1n_b,98,cdr3,S,0.7046098709106445,1.0435471534729004,0.8740785121917725,0.7046098709106445,0.33893728256225586,True
sab2_4i1n_b:sab2_4i1n_b_s12:sab2_4i1n_b_s13,sab2_4i1n_b,101,cdr3,S,-0.4381265640258789,-1.1937255859375,-0.8159260749816895,0.0,0.7555990219116211,True
sab2_4i1n_b:sab2_4i1n_b_s12:sab2_4i1n_b_s13,sab2_4i1n_b,102,cdr3,Y,0.5390777587890625,0.14432811737060547,0.341702938079834,0.14432811737060547,0.39474964141845703,True
sab2_4i1n_b:sab2_4i1n_b_s12:sab2_4i1n_b_s13,sab2_4i1n_b,103,cdr3,A,-0.7246847152709961,-1.6213397979736328,-1.1730122566223145,0.0,0.8966550827026367,True
sab2_4i1n_b:sab2_4i1n_b_s12:sab2_4i1n_b_s13,sab2_4i1n_b,104,cdr3,V,-0.712860107421875,0.039608001708984375,-0.3366260528564453,0.0,0.7524681091308594,False
sab2_4i1n_b:sab2_4i1n_b_s12:sab2_4i1n_b_s13,sab2_4i1n_b,105,cdr3,W,-0.6873998641967773,-0.5385351181030273,-0.6129674911499023,0.0,0.14886474609375,True
sab2_4i1n_b:sab2_4i1n_b_s12:sab2_4i1n_b_s13,sab2_4i1n_b,106,cdr3,N,-1.0477943420410156,-0.7641830444335938,-0.9059886932373047,0.0,0.2836112976074219,True
sab2_4i1n_b:sab2_4i1n_b_s12:sab2_4i1n_b_s13,sab2_4i1n_b,107,cdr3,T,-0.8214187622070312,0.35103416442871094,-0.23519229888916016,0.0,1.1724529266357422,False
sab2_4i1n_b:sab2_4i1n_b_s12:sab2_4i1n_b_s13,sab2_4i1n_b,108,cdr3,I,-1.0743303298950195,0.37345170974731445,-0.35043931007385254,0.0,1.447782039642334,False
sab2_4i1n_b:sab2_4i1n_b_s12:sab2_4i1n_b_s13,sab2_4i1n_b,109,cdr3,P,0.0224151611328125,3.204014778137207,1.6132149696350098,0.0224151611328125,3.1815996170043945,True
sab2_4i1n_b:sab2_4i1n_b_s12:sab2_4i1n_b_s13,sab2_4i1n_b,112,cdr3,K,0.08402252197265625,1.1215095520019531,0.6027660369873047,0.08402252197265625,1.0374870300292969,True
sab2_4i1n_b:sab2_4i1n_b_s14:sab2_4i1n_b_s09,sab2_4i1n_b,27,cdr1,L,0.19569110870361328,0.7982363700866699,0.4969637393951416,0.19569110870361328,0.6025452613830566,True
sab2_4i1n_b:sab2_4i1n_b_s14:sab2_4i1n_b_s09,sab2_4i1n_b,30,cdr1,D,1.268458366394043,1.9936609268188477,1.6310596466064453,1.268458366394043,0.7252025604248047,True
sab2_4i1n_b:sab2_4i1n_b_s14:sab2_4i1n_b_s09,sab2_4i1n_b,52,cdr2,W,0.13800334930419922,-0.7395563125610352,-0.30077648162841797,0.0,0.8775596618652344,False
sab2_4i1n_b:sab2_4i1n_b_s14:sab2_4i1n_b_s09,sab2_4i1n_b,99,cdr3,R,-0.26296520233154297,-0.5307564735412598,-0.39686083793640137,0.0,0.2677912712097168,True
sab2_4i1n_b:sab2_4i1n_b_s14:sab2_4i1n_b_s09,sab2_4i1n_b,101,cdr3,S,0.09824275970458984,0.26743602752685547,0.18283939361572266,0.09824275970458984,0.16919326782226562,True
sab2_4i1n_b:sab2_4i1n_b_s14:sab2_4i1n_b_s09,sab2_4i1n_b,102,cdr3,Y,1.290501594543457,0.36225032806396484,0.8263759613037109,0.36225032806396484,0.9282512664794922,True
sab2_4i1n_b:sab2_4i1n_b_s14:sab2_4i1n_b_s09,sab2_4i1n_b,103,cdr3,A,0.258209228515625,-0.11495256423950195,0.07162833213806152,0.0,0.37316179275512695,False
sab2_4i1n_b:sab2_4i1n_b_s14:sab2_4i1n_b_s09,sab2_4i1n_b,104,cdr3,V,0.7990751266479492,0.10936355590820312,0.45421934127807617,0.10936355590820312,0.6897115707397461,True
sab2_4i1n_b:sab2_4i1n_b_s14:sab2_4i1n_b_s09,sab2_4i1n_b,105,cdr3,W,0.570591926574707,1.9307518005371094,1.2506718635559082,0.570591926574707,1.3601598739624023,True
sab2_4i1n_b:sab2_4i1n_b_s14:sab2_4i1n_b_s09,sab2_4i1n_b,107,cdr3,T,-0.3552579879760742,0.2933015823364258,-0.03097820281982422,0.0,0.6485595703125,False
sab2_4i1n_b:sab2_4i1n_b_s14:sab2_4i1n_b_s09,sab2_4i1n_b,109,cdr3,P,0.13833332061767578,-0.36418581008911133,-0.11292624473571777,0.0,0.5025191307067871,False
sab2_4i1n_b:sab2_4i1n_b_s14:sab2_4i1n_b_s09,sab2_4i1n_b,112,cdr3,K,-0.034790992736816406,-0.04054117202758789,-0.03766608238220215,0.0,0.005750179290771484,True
sab2_4i1n_b:sab2_4i1n_b_s14:sab2_4i1n_b_s09,sab2_4i1n_b,114,cdr3,T,1.5814342498779297,1.7431697845458984,1.662302017211914,1.5814342498779297,0.16173553466796875,True
sab2_4r2g_d:sab2_4r2g_d_s23:sab2_4r2g_d_s04,sab2_4r2g_d,25,cdr1,G,-0.24470138549804688,0.7604278028011322,0.25786320865154266,0.0,1.005129188299179,False
sab2_4r2g_d:sab2_4r2g_d_s23:sab2_4r2g_d_s04,sab2_4r2g_d,27,cdr1,I,0.31348228454589844,0.9926945567131042,0.6530884206295013,0.31348228454589844,0.6792122721672058,True
sab2_4r2g_d:sab2_4r2g_d_s23:sab2_4r2g_d_s04,sab2_4r2g_d,28,cdr1,S,0.1293802261352539,4.935823917388916,2.532602071762085,0.1293802261352539,4.806443691253662,True
sab2_4r2g_d:sab2_4r2g_d_s23:sab2_4r2g_d_s04,sab2_4r2g_d,29,cdr1,N,0.3780527114868164,1.2825615406036377,0.830307126045227,0.3780527114868164,0.9045088291168213,True
sab2_4r2g_d:sab2_4r2g_d_s23:sab2_4r2g_d_s04,sab2_4r2g_d,30,cdr1,Y,-0.5339145660400391,-1.1448314189910889,-0.839372992515564,0.0,0.6109168529510498,True
sab2_4r2g_d:sab2_4r2g_d_s23:sab2_4r2g_d_s04,sab2_4r2g_d,31,cdr1,Y,-0.7407188415527344,1.351037621498108,0.30515938997268677,0.0,2.0917564630508423,False
sab2_4r2g_d:sab2_4r2g_d_s23:sab2_4r2g_d_s04,sab2_4r2g_d,50,cdr2,S,1.7160816192626953,3.28597092628479,2.5010262727737427,1.7160816192626953,1.5698893070220947,True
sab2_4r2g_d:sab2_4r2g_d_s23:sab2_4r2g_d_s04,sab2_4r2g_d,51,cdr2,D,0.15470504760742188,-0.35916227102279663,-0.10222861170768738,0.0,0.5138673186302185,False
sab2_4r2g_d:sab2_4r2g_d_s23:sab2_4r2g_d_s04,sab2_4r2g_d,54,cdr2,T,0.44219970703125,0.7163879126310349,0.5792938098311424,0.44219970703125,0.27418820559978485,True
sab2_4r2g_d:sab2_4r2g_d_s23:sab2_4r2g_d_s04,sab2_4r2g_d,95,cdr3,T,0.83551025390625,5.276866436004639,3.0561883449554443,0.83551025390625,4.441356182098389,True
sab2_4r2g_d:sab2_4r2g_d_s23:sab2_4r2g_d_s04,sab2_4r2g_d,97,cdr3,R,-0.14019203186035156,1.9503240585327148,0.9050660133361816,0.0,2.0905160903930664,False
sab2_4r2g_d:sab2_4r2g_d_s23:sab2_4r2g_d_s04,sab2_4r2g_d,98,cdr3,R,-0.7398815155029297,1.8106499910354614,0.5353842377662659,0.0,2.550531506538391,False
sab2_4r2g_d:sab2_4r2g_d_s23:sab2_4r2g_d_s04,sab2_4r2g_d,99,cdr3,G,0.13202285766601562,-0.5278760194778442,-0.1979265809059143,0.0,0.6598988771438599,False
sab2_4r2g_d:sab2_4r2g_d_s23:sab2_4r2g_d_s04,sab2_4r2g_d,100,cdr3,Q,-0.3434486389160156,0.5510226860642433,0.10378702357411385,0.0,0.8944713249802589,False
sab2_4r2g_d:sab2_4r2g_d_s23:sab2_4r2g_d_s04,sab2_4r2g_d,101,cdr3,R,-0.07368087768554688,2.727966547012329,1.3271428346633911,0.0,2.801647424697876,False
sab2_4r2g_d:sab2_4r2g_d_s23:sab2_4r2g_d_s04,sab2_4r2g_d,102,cdr3,I,0.5174503326416016,1.4868913888931274,1.0021708607673645,0.5174503326416016,0.9694410562515259,True
sab2_4r2g_d:sab2_4r2g_d_s23:sab2_4r2g_d_s04,sab2_4r2g_d,103,cdr3,Y,1.2089729309082031,0.5981742540607229,0.903573592484463,0.5981742540607229,0.6107986768474802,True
sab2_4r2g_d:sab2_4r2g_d_s23:sab2_4r2g_d_s04,sab2_4r2g_d,104,cdr3,G,0.002246856689453125,2.3487493991851807,1.175498127937317,0.002246856689453125,2.3465025424957275,True
sab2_4r2g_d:sab2_4r2g_d_s23:sab2_4r2g_d_s04,sab2_4r2g_d,105,cdr3,V,0.8921747207641602,2.345769762992859,1.6189722418785095,0.8921747207641602,1.4535950422286987,True
sab2_4r2g_d:sab2_4r2g_d_s23:sab2_4r2g_d_s04,sab2_4r2g_d,106,cdr3,V,-0.20893001556396484,1.0097897052764893,0.4004298448562622,0.0,1.218719720840454,False
sab2_4r2g_d:sab2_4r2g_d_s23:sab2_4r2g_d_s04,sab2_4r2g_d,107,cdr3,S,0.3759622573852539,4.420091867446899,2.3980270624160767,0.3759622573852539,4.0441296100616455,True
sab2_4r2g_d:sab2_4r2g_d_s23:sab2_4r2g_d_s04,sab2_4r2g_d,108,cdr3,F,-0.12643814086914062,1.1570788025856018,0.5153203308582306,0.0,1.2835169434547424,False
sab2_4r2g_d:sab2_4r2g_d_s23:sab2_4r2g_d_s04,sab2_4r2g_d,109,cdr3,G,1.1230173110961914,-1.0612690448760986,0.030874133110046387,0.0,2.18428635597229,False
sab2_4r2g_d:sab2_4r2g_d_s23:sab2_4r2g_d_s04,sab2_4r2g_d,110,cdr3,E,-0.33646297454833984,1.797369360923767,0.7304531931877136,0.0,2.133832335472107,False
sab2_4r2g_d:sab2_4r2g_d_s23:sab2_4r2g_d_s04,sab2_4r2g_d,111,cdr3,F,-0.20067214965820312,-0.47738027572631836,-0.33902621269226074,0.0,0.27670812606811523,True
sab2_4r2g_d:sab2_4r2g_d_s23:sab2_4r2g_d_s04,sab2_4r2g_d,112,cdr3,F,0.045257568359375,-0.10479366779327393,-0.029768049716949463,0.0,0.15005123615264893,False
sab2_4r2g_d:sab2_4r2g_d_s23:sab2_4r2g_d_s04,sab2_4r2g_d,113,cdr3,Y,0.7181529998779297,-0.6877593994140625,0.015196800231933594,0.0,1.4059123992919922,False
sab2_4r2g_d:sab2_4r2g_d_s23:sab2_4r2g_d_s04,sab2_4r2g_d,114,cdr3,Y,-0.38544654846191406,1.217714011669159,0.41613373160362244,0.0,1.603160560131073,False
sab2_4r2g_d:sab2_4r2g_d_s23:sab2_4r2g_d_s04,sab2_4r2g_d,116,cdr3,Y,0.22807693481445312,1.7262157201766968,0.977146327495575,0.22807693481445312,1.4981387853622437,True
sab2_4r2g_d:sab2_4r2g_d_s23:sab2_4r2g_d_s04,sab2_4r2g_d,118,cdr3,D,0.6242847442626953,3.00852632522583,1.8164055347442627,0.6242847442626953,2.3842415809631348,True
sab2_4r2g_d:sab2_4r2g_d_s23:sab2_4r2g_d_s04,sab2_4r2g_d,119,cdr3,V,0.49209022521972656,-2.116018295288086,-0.8119640350341797,0.0,2.6081085205078125,False
sab2_4r2g_d:sab2_4r2g_d_s20:sab2_4r2g_d_s24,sab2_4r2g_d,25,cdr1,G,1.0823774337768555,2.516642212867737,1.7995098233222961,1.0823774337768555,1.4342647790908813,True
sab2_4r2g_d:sab2_4r2g_d_s20:sab2_4r2g_d_s24,sab2_4r2g_d,28,cdr1,S,-0.5749397277832031,-2.267232298851013,-1.4210860133171082,0.0,1.69229257106781,True
sab2_4r2g_d:sab2_4r2g_d_s20:sab2_4r2g_d_s24,sab2_4r2g_d,30,cdr1,Y,-0.25147533416748047,0.5193743705749512,0.13394951820373535,0.0,0.7708497047424316,False
sab2_4r2g_d:sab2_4r2g_d_s20:sab2_4r2g_d_s24,sab2_4r2g_d,31,cdr1,Y,-0.6459922790527344,1.5293751955032349,0.44169145822525024,0.0,2.1753674745559692,False
sab2_4r2g_d:sab2_4r2g_d_s20:sab2_4r2g_d_s24,sab2_4r2g_d,50,cdr2,S,2.184412956237793,3.7187775373458862,2.9515952467918396,2.184412956237793,1.5343645811080933,True
sab2_4r2g_d:sab2_4r2g_d_s20:sab2_4r2g_d_s24,sab2_4r2g_d,52,cdr2,R,3.281680107116699,7.3516446352005005,5.3166623711586,3.281680107116699,4.069964528083801,True
sab2_4r2g_d:sab2_4r2g_d_s20:sab2_4r2g_d_s24,sab2_4r2g_d,54,cdr2,T,1.0407438278198242,1.6208964586257935,1.3308201432228088,1.0407438278198242,0.5801526308059692,True
sab2_4r2g_d:sab2_4r2g_d_s20:sab2_4r2g_d_s24,sab2_4r2g_d,96,cdr3,A,-0.057964324951171875,0.7944449186325073,0.3682402968406677,0.0,0.8524092435836792,False
sab2_4r2g_d:sab2_4r2g_d_s20:sab2_4r2g_d_s24,sab2_4r2g_d,97,cdr3,R,0.8199844360351562,-0.7557351589202881,0.03212463855743408,0.0,1.5757195949554443,False
sab2_4r2g_d:sab2_4r2g_d_s20:sab2_4r2g_d_s24,sab2_4r2g_d,98,cdr3,R,0.010458946228027344,2.2984195947647095,1.1544392704963684,0.010458946228027344,2.287960648536682,True
sab2_4r2g_d:sab2_4r2g_d_s20:sab2_4r2g_d_s24,sab2_4r2g_d,99,cdr3,G,-0.3395576477050781,-1.8839194774627686,-1.1117385625839233,0.0,1.5443618297576904,True
sab2_4r2g_d:sab2_4r2g_d_s20:sab2_4r2g_d_s24,sab2_4r2g_d,100,cdr3,Q,-0.24335384368896484,0.3170296549797058,0.03683790564537048,0.0,0.5603834986686707,False
sab2_4r2g_d:sab2_4r2g_d_s20:sab2_4r2g_d_s24,sab2_4r2g_d,101,cdr3,R,-0.9011878967285156,1.3429070711135864,0.2208595871925354,0.0,2.244094967842102,False
sab2_4r2g_d:sab2_4r2g_d_s20:sab2_4r2g_d_s24,sab2_4r2g_d,102,cdr3,I,1.1396970748901367,1.5290018320083618,1.3343494534492493,1.1396970748901367,0.3893047571182251,True
sab2_4r2g_d:sab2_4r2g_d_s20:sab2_4r2g_d_s24,sab2_4r2g_d,103,cdr3,Y,0.21268463134765625,0.17129528522491455,0.1919899582862854,0.17129528522491455,0.0413893461227417,True
sab2_4r2g_d:sab2_4r2g_d_s20:sab2_4r2g_d_s24,sab2_4r2g_d,104,cdr3,G,-0.2187652587890625,3.3396509885787964,1.560442864894867,0.0,3.558416247367859,False
sab2_4r2g_d:sab2_4r2g_d_s20:sab2_4r2g_d_s24,sab2_4r2g_d,105,cdr3,V,-0.022853851318359375,-1.1213809251785278,-0.5721173882484436,0.0,1.0985270738601685,True
sab2_4r2g_d:sab2_4r2g_d_s20:sab2_4r2g_d_s24,sab2_4r2g_d,106,cdr3,V,0.08784961700439453,-0.6790072917938232,-0.29557883739471436,0.0,0.7668569087982178,False
sab2_4r2g_d:sab2_4r2g_d_s20:sab2_4r2g_d_s24,sab2_4r2g_d,107,cdr3,S,1.1776924133300781,3.525673031806946,2.351682722568512,1.1776924133300781,2.3479806184768677,True
sab2_4r2g_d:sab2_4r2g_d_s20:sab2_4r2g_d_s24,sab2_4r2g_d,108,cdr3,F,-0.03634929656982422,2.115486264228821,1.0395684838294983,0.0,2.151835560798645,False
sab2_4r2g_d:sab2_4r2g_d_s20:sab2_4r2g_d_s24,sab2_4r2g_d,109,cdr3,G,0.7989969253540039,-1.037814438343048,-0.1194087564945221,0.0,1.836811363697052,False
sab2_4r2g_d:sab2_4r2g_d_s20:sab2_4r2g_d_s24,sab2_4r2g_d,110,cdr3,E,0.3578758239746094,-0.4957302212715149,-0.06892719864845276,0.0,0.8536060452461243,False
sab2_4r2g_d:sab2_4r2g_d_s20:sab2_4r2g_d_s24,sab2_4r2g_d,111,cdr3,F,0.5854082107543945,0.09939834475517273,0.34240327775478363,0.09939834475517273,0.4860098659992218,True
sab2_4r2g_d:sab2_4r2g_d_s20:sab2_4r2g_d_s24,sab2_4r2g_d,112,cdr3,F,0.045691490173339844,3.5399352312088013,1.7928133606910706,0.045691490173339844,3.4942437410354614,True
sab2_4r2g_d:sab2_4r2g_d_s20:sab2_4r2g_d_s24,sab2_4r2g_d,113,cdr3,Y,0.774357795715332,2.4907485246658325,1.6325531601905823,0.774357795715332,1.7163907289505005,True
sab2_4r2g_d:sab2_4r2g_d_s20:sab2_4r2g_d_s24,sab2_4r2g_d,114,cdr3,Y,0.24108219146728516,0.8694769144058228,0.555279552936554,0.24108219146728516,0.6283947229385376,True
sab2_4r2g_d:sab2_4r2g_d_s20:sab2_4r2g_d_s24,sab2_4r2g_d,115,cdr3,Y,0.7503480911254883,1.5111056566238403,1.1307268738746643,0.7503480911254883,0.760757565498352,True
sab2_4r2g_d:sab2_4r2g_d_s20:sab2_4r2g_d_s24,sab2_4r2g_d,116,cdr3,Y,0.5170450210571289,0.982740044593811,0.74989253282547,0.5170450210571289,0.46569502353668213,True
sab2_4r2g_d:sab2_4r2g_d_s12:sab2_4r2g_d_s14,sab2_4r2g_d,25,cdr1,G,0.7883310317993164,2.8415022492408752,1.8149166405200958,0.7883310317993164,2.053171217441559,True
sab2_4r2g_d:sab2_4r2g_d_s12:sab2_4r2g_d_s14,sab2_4r2g_d,28,cdr1,S,1.2331018447875977,4.916585266590118,3.074843555688858,1.2331018447875977,3.6834834218025208,True
sab2_4r2g_d:sab2_4r2g_d_s12:sab2_4r2g_d_s14,sab2_4r2g_d,31,cdr1,Y,1.5578126907348633,0.18174225091934204,0.8697774708271027,0.18174225091934204,1.3760704398155212,True
sab2_4r2g_d:sab2_4r2g_d_s12:sab2_4r2g_d_s14,sab2_4r2g_d,51,cdr2,D,1.6928043365478516,0.07693654298782349,0.8848704397678375,0.07693654298782349,1.615867793560028,True
sab2_4r2g_d:sab2_4r2g_d_s12:sab2_4r2g_d_s14,sab2_4r2g_d,54,cdr2,T,0.2911262512207031,-0.6558365970849991,-0.18235517293214798,0.0,0.9469628483057022,False
sab2_4r2g_d:sab2_4r2g_d_s12:sab2_4r2g_d_s14,sab2_4r2g_d,95,cdr3,T,0.5290107727050781,1.6372111439704895,1.0831109583377838,0.5290107727050781,1.1082003712654114,True
sab2_4r2g_d:sab2_4r2g_d_s12:sab2_4r2g_d_s14,sab2_4r2g_d,96,cdr3,A,-0.34920310974121094,-1.1339697241783142,-0.7415864169597626,0.0,0.7847666144371033,True
sab2_4r2g_d:sab2_4r2g_d_s12:sab2_4r2g_d_s14,sab2_4r2g_d,97,cdr3,R,0.21891021728515625,-0.21762454509735107,0.0006428360939025879,0.0,0.4365347623825073,False
sab2_4r2g_d:sab2_4r2g_d_s12:sab2_4r2g_d_s14,sab2_4r2g_d,99,cdr3,G,0.07870960235595703,1.092309296131134,0.5855094492435455,0.07870960235595703,1.013599693775177,True
sab2_4r2g_d:sab2_4r2g_d_s12:sab2_4r2g_d_s14,sab2_4r2g_d,100,cdr3,Q,0.3108654022216797,0.05856585502624512,0.1847156286239624,0.05856585502624512,0.25229954719543457,True
sab2_4r2g_d:sab2_4r2g_d_s12:sab2_4r2g_d_s14,sab2_4r2g_d,101,cdr3,R,-0.04987907409667969,3.119760811328888,1.5349408686161041,0.0,3.1696398854255676,False
sab2_4r2g_d:sab2_4r2g_d_s12:sab2_4r2g_d_s14,sab2_4r2g_d,102,cdr3,I,-0.0889883041381836,2.04668265581131,0.9788471758365631,0.0,2.1356709599494934,False
sab2_4r2g_d:sab2_4r2g_d_s12:sab2_4r2g_d_s14,sab2_4r2g_d,103,cdr3,Y,0.008568763732910156,2.021376669406891,1.0149727165699005,0.008568763732910156,2.0128079056739807,True
sab2_4r2g_d:sab2_4r2g_d_s12:sab2_4r2g_d_s14,sab2_4r2g_d,104,cdr3,G,1.2064037322998047,1.12423974275589,1.1653217375278473,1.12423974275589,0.0821639895439148,True
sab2_4r2g_d:sab2_4r2g_d_s12:sab2_4r2g_d_s14,sab2_4r2g_d,105,cdr3,V,0.7056770324707031,0.9125192761421204,0.8090981543064117,0.7056770324707031,0.20684224367141724,True
sab2_4r2g_d:sab2_4r2g_d_s12:sab2_4r2g_d_s14,sab2_4r2g_d,106,cdr3,V,1.1110172271728516,0.9072888493537903,1.009153038263321,0.9072888493537903,0.20372837781906128,True
sab2_4r2g_d:sab2_4r2g_d_s12:sab2_4r2g_d_s14,sab2_4r2g_d,107,cdr3,S,0.5563592910766602,3.365141212940216,1.960750252008438,0.5563592910766602,2.808781921863556,True
sab2_4r2g_d:sab2_4r2g_d_s12:sab2_4r2g_d_s14,sab2_4r2g_d,108,cdr3,F,-0.8955612182617188,1.5104902386665344,0.30746451020240784,0.0,2.406051456928253,False
sab2_4r2g_d:sab2_4r2g_d_s12:sab2_4r2g_d_s14,sab2_4r2g_d,109,cdr3,G,-0.45517730712890625,3.226208984851837,1.3855158388614655,0.0,3.6813862919807434,False
sab2_4r2g_d:sab2_4r2g_d_s12:sab2_4r2g_d_s14,sab2_4r2g_d,110,cdr3,E,-0.5207443237304688,0.6887676119804382,0.08401164412498474,0.0,1.209511935710907,False
sab2_4r2g_d:sab2_4r2g_d_s12:sab2_4r2g_d_s14,sab2_4r2g_d,111,cdr3,F,0.4864349365234375,2.9672792553901672,1.7268570959568024,0.4864349365234375,2.4808443188667297,True
sab2_4r2g_d:sab2_4r2g_d_s12:sab2_4r2g_d_s14,sab2_4r2g_d,112,cdr3,F,1.2567949295043945,0.49208611249923706,0.8744405210018158,0.49208611249923706,0.7647088170051575,True
sab2_4r2g_d:sab2_4r2g_d_s12:sab2_4r2g_d_s14,sab2_4r2g_d,113,cdr3,Y,3.08270263671875,1.644658386707306,2.363680511713028,1.644658386707306,1.438044250011444,True
sab2_4r2g_d:sab2_4r2g_d_s12:sab2_4r2g_d_s14,sab2_4r2g_d,114,cdr3,Y,-0.074615478515625,0.878189742565155,0.401787132024765,0.0,0.95280522108078,False
sab2_4r2g_d:sab2_4r2g_d_s12:sab2_4r2g_d_s14,sab2_4r2g_d,116,cdr3,Y,0.5624284744262695,1.4375141263008118,0.9999713003635406,0.5624284744262695,0.8750856518745422,True
sab2_4r2g_d:sab2_4r2g_d_s12:sab2_4r2g_d_s14,sab2_4r2g_d,119,cdr3,V,0.43663883209228516,1.187951385974884,0.8122951090335846,0.43663883209228516,0.7513125538825989,True
sab2_4r2g_d:sab2_4r2g_d_s01:sab2_4r2g_d_s27,sab2_4r2g_d,26,cdr1,S,-0.0771036148071289,0.3183097839355469,0.12060308456420898,0.0,0.3954133987426758,False
sab2_4r2g_d:sab2_4r2g_d_s01:sab2_4r2g_d_s27,sab2_4r2g_d,28,cdr1,S,1.14617919921875,3.8378684520721436,2.4920238256454468,1.14617919921875,2.6916892528533936,True
sab2_4r2g_d:sab2_4r2g_d_s01:sab2_4r2g_d_s27,sab2_4r2g_d,29,cdr1,N,0.8448600769042969,1.9729926586151123,1.4089263677597046,0.8448600769042969,1.1281325817108154,True
sab2_4r2g_d:sab2_4r2g_d_s01:sab2_4r2g_d_s27,sab2_4r2g_d,30,cdr1,Y,1.8645820617675781,-2.848097601905465,-0.4917577700689435,0.0,4.712679663673043,False
sab2_4r2g_d:sab2_4r2g_d_s01:sab2_4r2g_d_s27,sab2_4r2g_d,31,cdr1,Y,0.24100780487060547,-1.1539571285247803,-0.4564746618270874,0.0,1.3949649333953857,False
sab2_4r2g_d:sab2_4r2g_d_s01:sab2_4r2g_d_s27,sab2_4r2g_d,50,cdr2,S,0.6650362014770508,4.641813516616821,2.653424859046936,0.6650362014770508,3.9767773151397705,True
sab2_4r2g_d:sab2_4r2g_d_s01:sab2_4r2g_d_s27,sab2_4r2g_d,52,cdr2,R,-0.9357748031616211,1.5565979480743408,0.31041157245635986,0.0,2.492372751235962,False
sab2_4r2g_d:sab2_4r2g_d_s01:sab2_4r2g_d_s27,sab2_4r2g_d,54,cdr2,T,1.117690086364746,0.42441868782043457,0.7710543870925903,0.42441868782043457,0.6932713985443115,True
sab2_4r2g_d:sab2_4r2g_d_s01:sab2_4r2g_d_s27,sab2_4r2g_d,96,cdr3,A,-0.2829780578613281,0.2871096134185791,0.0020657777786254883,0.0,0.5700876712799072,False
sab2_4r2g_d:sab2_4r2g_d_s01:sab2_4r2g_d_s27,sab2_4r2g_d,99,cdr3,G,0.9540891647338867,0.8136370182037354,0.883863091468811,0.8136370182037354,0.14045214653015137,True
sab2_4r2g_d:sab2_4r2g_d_s01:sab2_4r2g_d_s27,sab2_4r2g_d,100,cdr3,Q,-0.1503286361694336,1.203089952468872,0.5263806581497192,0.0,1.3534185886383057,False
sab2_4r2g_d:sab2_4r2g_d_s01:sab2_4r2g_d_s27,sab2_4r2g_d,101,cdr3,R,-0.4040708541870117,0.2145226001739502,-0.09477412700653076,0.0,0.6185934543609619,False
sab2_4r2g_d:sab2_4r2g_d_s01:sab2_4r2g_d_s27,sab2_4r2g_d,103,cdr3,Y,3.4061279296875,0.10466217994689941,1.7553950548171997,0.10466217994689941,3.3014657497406006,True
sab2_4r2g_d:sab2_4r2g_d_s01:sab2_4r2g_d_s27,sab2_4r2g_d,105,cdr3,V,0.5489664077758789,-1.1809730529785156,-0.31600332260131836,0.0,1.7299394607543945,False
sab2_4r2g_d:sab2_4r2g_d_s01:sab2_4r2g_d_s27,sab2_4r2g_d,106,cdr3,V,-0.2915964126586914,1.7691752910614014,0.738789439201355,0.0,2.0607717037200928,False
sab2_4r2g_d:sab2_4r2g_d_s01:sab2_4r2g_d_s27,sab2_4r2g_d,107,cdr3,S,1.707413673400879,1.4612281322479248,1.5843209028244019,1.4612281322479248,0.2461855411529541,True
sab2_4r2g_d:sab2_4r2g_d_s01:sab2_4r2g_d_s27,sab2_4r2g_d,108,cdr3,F,2.1576738357543945,-2.4596346020698547,-0.1509803831577301,0.0,4.617308437824249,False
sab2_4r2g_d:sab2_4r2g_d_s01:sab2_4r2g_d_s27,sab2_4r2g_d,109,cdr3,G,0.5753049850463867,2.0140879154205322,1.2946964502334595,0.5753049850463867,1.4387829303741455,True
sab2_4r2g_d:sab2_4r2g_d_s01:sab2_4r2g_d_s27,sab2_4r2g_d,110,cdr3,E,1.024092674255371,0.5554673671722412,0.7897800207138062,0.5554673671722412,0.4686253070831299,True
sab2_4r2g_d:sab2_4r2g_d_s01:sab2_4r2g_d_s27,sab2_4r2g_d,111,cdr3,F,4.222517967224121,-1.0144340991973877,1.6040419340133667,0.0,5.236952066421509,False
sab2_4r2g_d:sab2_4r2g_d_s01:sab2_4r2g_d_s27,sab2_4r2g_d,112,cdr3,F,0.5631303787231445,-0.7323477268218994,-0.08460867404937744,0.0,1.295478105545044,False
sab2_4r2g_d:sab2_4r2g_d_s01:sab2_4r2g_d_s27,sab2_4r2g_d,113,cdr3,Y,-0.004174232482910156,0.2812938690185547,0.13855981826782227,0.0,0.28546810150146484,False
sab2_4r2g_d:sab2_4r2g_d_s01:sab2_4r2g_d_s27,sab2_4r2g_d,114,cdr3,Y,-0.2494049072265625,-0.44591522216796875,-0.3476600646972656,0.0,0.19651031494140625,True
sab2_4r2g_d:sab2_4r2g_d_s01:sab2_4r2g_d_s27,sab2_4r2g_d,115,cdr3,Y,0.1259317398071289,-0.381819486618042,-0.12794387340545654,0.0,0.5077512264251709,False
sab2_4r2g_d:sab2_4r2g_d_s01:sab2_4r2g_d_s27,sab2_4r2g_d,116,cdr3,Y,-4.9591064453125e-05,-0.19992804527282715,-0.09998881816864014,0.0,0.19987845420837402,True
sab2_4r2g_d:sab2_4r2g_d_s01:sab2_4r2g_d_s27,sab2_4r2g_d,119,cdr3,V,0.3329010009765625,2.0953452587127686,1.2141231298446655,0.3329010009765625,1.762444257736206,True
sab2_4r2g_d:sab2_4r2g_d_s21:sab2_4r2g_d_s02,sab2_4r2g_d,25,cdr1,G,0.5626335144042969,0.9702672958374023,0.7664504051208496,0.5626335144042969,0.40763378143310547,True
sab2_4r2g_d:sab2_4r2g_d_s21:sab2_4r2g_d_s02,sab2_4r2g_d,26,cdr1,S,0.43297290802001953,2.351161003112793,1.3920669555664062,0.43297290802001953,1.9181880950927734,True
sab2_4r2g_d:sab2_4r2g_d_s21:sab2_4r2g_d_s02,sab2_4r2g_d,27,cdr1,I,-0.13822174072265625,1.6521682739257812,0.7569732666015625,0.0,1.7903900146484375,False
sab2_4r2g_d:sab2_4r2g_d_s21:sab2_4r2g_d_s02,sab2_4r2g_d,29,cdr1,N,0.5082225799560547,3.582000732421875,2.045111656188965,0.5082225799560547,3.0737781524658203,True
sab2_4r2g_d:sab2_4r2g_d_s21:sab2_4r2g_d_s02,sab2_4r2g_d,30,cdr1,Y,0.6262741088867188,2.522164821624756,1.5742194652557373,0.6262741088867188,1.895890712738037,True
sab2_4r2g_d:sab2_4r2g_d_s21:sab2_4r2g_d_s02,sab2_4r2g_d,31,cdr1,Y,-0.2665576934814453,1.4717397689819336,0.6025910377502441,0.0,1.738297462463379,False
sab2_4r2g_d:sab2_4r2g_d_s21:sab2_4r2g_d_s02,sab2_4r2g_d,50,cdr2,S,1.698537826538086,-0.7385344505310059,0.48000168800354004,0.0,2.437072277069092,False
sab2_4r2g_d:sab2_4r2g_d_s21:sab2_4r2g_d_s02,sab2_4r2g_d,95,cdr3,T,2.6729326248168945,2.1914114952087402,2.4321720600128174,2.1914114952087402,0.4815211296081543,True
sab2_4r2g_d:sab2_4r2g_d_s21:sab2_4r2g_d_s02,sab2_4r2g_d,96,cdr3,A,-0.5340557098388672,-0.7883095741271973,-0.6611826419830322,0.0,0.2542538642883301,True
sab2_4r2g_d:sab2_4r2g_d_s21:sab2_4r2g_d_s02,sab2_4r2g_d,97,cdr3,R,-0.9958591461181641,-1.0350475311279297,-1.0154533386230469,0.0,0.039188385009765625,True
sab2_4r2g_d:sab2_4r2g_d_s21:sab2_4r2g_d_s02,sab2_4r2g_d,98,cdr3,R,-0.9953718185424805,-1.9550957679748535,-1.475233793258667,0.0,0.959723949432373,True
sab2_4r2g_d:sab2_4r2g_d_s21:sab2_4r2g_d_s02,sab2_4r2g_d,99,cdr3,G,-1.0451154708862305,-2.7894155979156494,-1.91726553440094,0.0,1.744300127029419,True
sab2_4r2g_d:sab2_4r2g_d_s21:sab2_4r2g_d_s02,sab2_4r2g_d,101,cdr3,R,1.121068000793457,-2.736996650695801,-0.8079643249511719,0.0,3.858064651489258,False
sab2_4r2g_d:sab2_4r2g_d_s21:sab2_4r2g_d_s02,sab2_4r2g_d,102,cdr3,I,0.11444473266601562,-0.4001469612121582,-0.1428511142730713,0.0,0.5145916938781738,False
sab2_4r2g_d:sab2_4r2g_d_s21:sab2_4r2g_d_s02,sab2_4r2g_d,103,cdr3,Y,-0.8075447082519531,0.4287691116333008,-0.18938779830932617,0.0,1.236313819885254,False
sab2_4r2g_d:sab2_4r2g_d_s21:sab2_4r2g_d_s02,sab2_4r2g_d,105,cdr3,V,-0.5532455444335938,1.839777946472168,0.6432662010192871,0.0,2.3930234909057617,False
sab2_4r2g_d:sab2_4r2g_d_s21:sab2_4r2g_d_s02,sab2_4r2g_d,106,cdr3,V,-0.6216602325439453,1.3094325065612793,0.343886137008667,0.0,1.9310927391052246,False
sab2_4r2g_d:sab2_4r2g_d_s21:sab2_4r2g_d_s02,sab2_4r2g_d,107,cdr3,S,0.5277462005615234,-0.5139760971069336,0.006885051727294922,0.0,1.041722297668457,False
sab2_4r2g_d:sab2_4r2g_d_s21:sab2_4r2g_d_s02,sab2_4r2g_d,108,cdr3,F,2.0100269317626953,0.6896190643310547,1.349822998046875,0.6896190643310547,1.3204078674316406,True
sab2_4r2g_d:sab2_4r2g_d_s21:sab2_4r2g_d_s02,sab2_4r2g_d,109,cdr3,G,2.2168397903442383,0.8083586692810059,1.512599229812622,0.8083586692810059,1.4084811210632324,True
sab2_4r2g_d:sab2_4r2g_d_s21:sab2_4r2g_d_s02,sab2_4r2g_d,110,cdr3,E,0.0185546875,-3.7166271209716797,-1.8490362167358398,0.0,3.7351818084716797,False
sab2_4r2g_d:sab2_4r2g_d_s21:sab2_4r2g_d_s02,sab2_4r2g_d,111,cdr3,F,1.4251537322998047,-3.280806541442871,-0.9278264045715332,0.0,4.705960273742676,False
sab2_4r2g_d:sab2_4r2g_d_s21:sab2_4r2g_d_s02,sab2_4r2g_d,112,cdr3,F,1.3718204498291016,-1.204742670059204,0.08353888988494873,0.0,2.5765631198883057,False
sab2_4r2g_d:sab2_4r2g_d_s21:sab2_4r2g_d_s02,sab2_4r2g_d,113,cdr3,Y,1.4042625427246094,-2.6360971927642822,-0.6159173250198364,0.0,4.040359735488892,False
sab2_4r2g_d:sab2_4r2g_d_s21:sab2_4r2g_d_s02,sab2_4r2g_d,114,cdr3,Y,0.9564666748046875,-0.40138816833496094,0.2775392532348633,0.0,1.3578548431396484,False
sab2_4r2g_d:sab2_4r2g_d_s21:sab2_4r2g_d_s02,sab2_4r2g_d,116,cdr3,Y,1.0630550384521484,-1.719954013824463,-0.3284494876861572,0.0,2.7830090522766113,False
sab2_4r2g_d:sab2_4r2g_d_s21:sab2_4r2g_d_s02,sab2_4r2g_d,118,cdr3,D,0.87744140625,0.9741916656494141,0.925816535949707,0.87744140625,0.09675025939941406,True
sab2_4r2g_d:sab2_4r2g_d_s21:sab2_4r2g_d_s02,sab2_4r2g_d,119,cdr3,V,0.11295032501220703,0.10481977462768555,0.10888504981994629,0.10481977462768555,0.008130550384521484,True
sab2_4r2g_d:sab2_4r2g_d_s19:sab2_4r2g_d_s09,sab2_4r2g_d,25,cdr1,G,-1.9298524856567383,0.09902572631835938,-0.9154133796691895,0.0,2.0288782119750977,False
sab2_4r2g_d:sab2_4r2g_d_s19:sab2_4r2g_d_s09,sab2_4r2g_d,26,cdr1,S,2.682096481323242,2.4758987426757812,2.5789976119995117,2.4758987426757812,0.20619773864746094,True
sab2_4r2g_d:sab2_4r2g_d_s19:sab2_4r2g_d_s09,sab2_4r2g_d,28,cdr1,S,-1.1398773193359375,-2.1057090759277344,-1.622793197631836,0.0,0.9658317565917969,True
sab2_4r2g_d:sab2_4r2g_d_s19:sab2_4r2g_d_s09,sab2_4r2g_d,29,cdr1,N,-0.42135047912597656,2.5394439697265625,1.059046745300293,0.0,2.960794448852539,False
sab2_4r2g_d:sab2_4r2g_d_s19:sab2_4r2g_d_s09,sab2_4r2g_d,52,cdr2,R,1.0023326873779297,0.9383306503295898,0.9703316688537598,0.9383306503295898,0.06400203704833984,True
sab2_4r2g_d:sab2_4r2g_d_s19:sab2_4r2g_d_s09,sab2_4r2g_d,54,cdr2,T,1.394247055053711,0.7858333587646484,1.0900402069091797,0.7858333587646484,0.6084136962890625,True
sab2_4r2g_d:sab2_4r2g_d_s19:sab2_4r2g_d_s09,sab2_4r2g_d,95,cdr3,T,-0.8499040603637695,0.7762203216552734,-0.03684186935424805,0.0,1.626124382019043,False
sab2_4r2g_d:sab2_4r2g_d_s19:sab2_4r2g_d_s09,sab2_4r2g_d,96,cdr3,A,-0.2789278030395508,-0.30483055114746094,-0.29187917709350586,0.0,0.025902748107910156,True
sab2_4r2g_d:sab2_4r2g_d_s19:sab2_4r2g_d_s09,sab2_4r2g_d,97,cdr3,R,0.40647125244140625,3.452648162841797,1.9295597076416016,0.40647125244140625,3.0461769104003906,True
sab2_4r2g_d:sab2_4r2g_d_s19:sab2_4r2g_d_s09,sab2_4r2g_d,98,cdr3,R,-0.16097068786621094,-0.17474985122680664,-0.1678602695465088,0.0,0.013779163360595703,True
sab2_4r2g_d:sab2_4r2g_d_s19:sab2_4r2g_d_s09,sab2_4r2g_d,100,cdr3,Q,0.2068462371826172,4.238818168640137,2.222832202911377,0.2068462371826172,4.0319719314575195,True
sab2_4r2g_d:sab2_4r2g_d_s19:sab2_4r2g_d_s09,sab2_4r2g_d,103,cdr3,Y,0.02732372283935547,3.669257164001465,1.8482904434204102,0.02732372283935547,3.6419334411621094,True
sab2_4r2g_d:sab2_4r2g_d_s19:sab2_4r2g_d_s09,sab2_4r2g_d,104,cdr3,G,0.2891674041748047,3.735316276550293,2.012241840362549,0.2891674041748047,3.4461488723754883,True
sab2_4r2g_d:sab2_4r2g_d_s19:sab2_4r2g_d_s09,sab2_4r2g_d,105,cdr3,V,-0.5751504898071289,3.4191036224365234,1.4219765663146973,0.0,3.9942541122436523,False
sab2_4r2g_d:sab2_4r2g_d_s19:sab2_4r2g_d_s09,sab2_4r2g_d,106,cdr3,V,0.011602401733398438,0.10135555267333984,0.05647897720336914,0.011602401733398438,0.0897531509399414,True
sab2_4r2g_d:sab2_4r2g_d_s19:sab2_4r2g_d_s09,sab2_4r2g_d,107,cdr3,S,0.11807441711425781,4.225069999694824,2.171572208404541,0.11807441711425781,4.106995582580566,True
sab2_4r2g_d:sab2_4r2g_d_s19:sab2_4r2g_d_s09,sab2_4r2g_d,108,cdr3,F,0.1258544921875,3.1140270233154297,1.6199407577514648,0.1258544921875,2.9881725311279297,True
sab2_4r2g_d:sab2_4r2g_d_s19:sab2_4r2g_d_s09,sab2_4r2g_d,109,cdr3,G,-0.1415843963623047,2.532682418823242,1.1955490112304688,0.0,2.674266815185547,False
sab2_4r2g_d:sab2_4r2g_d_s19:sab2_4r2g_d_s09,sab2_4r2g_d,110,cdr3,E,0.08860301971435547,3.3748111724853516,1.7317070960998535,0.08860301971435547,3.286208152770996,True
sab2_4r2g_d:sab2_4r2g_d_s19:sab2_4r2g_d_s09,sab2_4r2g_d,111,cdr3,F,0.24167633056640625,0.5887575149536133,0.41521692276000977,0.24167633056640625,0.34708118438720703,True
sab2_4r2g_d:sab2_4r2g_d_s19:sab2_4r2g_d_s09,sab2_4r2g_d,112,cdr3,F,-0.2566843032836914,3.75919246673584,1.7512540817260742,0.0,4.015876770019531,False
sab2_4r2g_d:sab2_4r2g_d_s19:sab2_4r2g_d_s09,sab2_4r2g_d,113,cdr3,Y,0.018106460571289062,2.831122398376465,1.424614429473877,0.018106460571289062,2.813015937805176,True
sab2_4r2g_d:sab2_4r2g_d_s19:sab2_4r2g_d_s09,sab2_4r2g_d,114,cdr3,Y,-0.335601806640625,-1.2101011276245117,-0.7728514671325684,0.0,0.8744993209838867,True
sab2_4r2g_d:sab2_4r2g_d_s19:sab2_4r2g_d_s09,sab2_4r2g_d,115,cdr3,Y,0.3830585479736328,0.8852806091308594,0.6341695785522461,0.3830585479736328,0.5022220611572266,True
sab2_4r2g_d:sab2_4r2g_d_s19:sab2_4r2g_d_s09,sab2_4r2g_d,119,cdr3,V,0.24468612670898438,1.2040596008300781,0.7243728637695312,0.24468612670898438,0.9593734741210938,True
sab2_4r2g_d:sab2_4r2g_d_s06:sab2_4r2g_d_s26,sab2_4r2g_d,25,cdr1,G,-0.010045051574707031,0.6342267990112305,0.3120908737182617,0.0,0.6442718505859375,False
sab2_4r2g_d:sab2_4r2g_d_s06:sab2_4r2g_d_s26,sab2_4r2g_d,27,cdr1,I,0.026404380798339844,0.0239715576171875,0.025187969207763672,0.0239715576171875,0.0024328231811523438,True
sab2_4r2g_d:sab2_4r2g_d_s06:sab2_4r2g_d_s26,sab2_4r2g_d,30,cdr1,Y,-0.6158914566040039,-1.6080594062805176,-1.1119754314422607,0.0,0.9921679496765137,True
sab2_4r2g_d:sab2_4r2g_d_s06:sab2_4r2g_d_s26,sab2_4r2g_d,31,cdr1,Y,-0.31409263610839844,0.8355464935302734,0.2607269287109375,0.0,1.1496391296386719,False
sab2_4r2g_d:sab2_4r2g_d_s06:sab2_4r2g_d_s26,sab2_4r2g_d,51,cdr2,D,0.20612621307373047,1.209395408630371,0.7077608108520508,0.20612621307373047,1.0032691955566406,True
sab2_4r2g_d:sab2_4r2g_d_s06:sab2_4r2g_d_s26,sab2_4r2g_d,52,cdr2,R,1.1712141036987305,3.1016616821289062,2.1364378929138184,1.1712141036987305,1.9304475784301758,True
sab2_4r2g_d:sab2_4r2g_d_s06:sab2_4r2g_d_s26,sab2_4r2g_d,95,cdr3,T,0.9193220138549805,3.467416763305664,2.1933693885803223,0.9193220138549805,2.5480947494506836,True
sab2_4r2g_d:sab2_4r2g_d_s06:sab2_4r2g_d_s26,sab2_4r2g_d,96,cdr3,A,-0.2789926528930664,-0.474184513092041,-0.3765885829925537,0.0,0.1951918601989746,True
sab2_4r2g_d:sab2_4r2g_d_s06:sab2_4r2g_d_s26,sab2_4r2g_d,99,cdr3,G,-0.26880741119384766,1.680643081665039,0.7059178352355957,0.0,1.9494504928588867,False
sab2_4r2g_d:sab2_4r2g_d_s06:sab2_4r2g_d_s26,sab2_4r2g_d,100,cdr3,Q,0.8557357788085938,1.512216567993164,1.183976173400879,0.8557357788085938,0.6564807891845703,True
sab2_4r2g_d:sab2_4r2g_d_s06:sab2_4r2g_d_s26,sab2_4r2g_d,101,cdr3,R,0.5704193115234375,1.2874326705932617,0.9289259910583496,0.5704193115234375,0.7170133590698242,True
sab2_4r2g_d:sab2_4r2g_d_s06:sab2_4r2g_d_s26,sab2_4r2g_d,102,cdr3,I,-0.30246543884277344,1.2331476211547852,0.46534109115600586,0.0,1.5356130599975586,False
sab2_4r2g_d:sab2_4r2g_d_s06:sab2_4r2g_d_s26,sab2_4r2g_d,103,cdr3,Y,-0.7393589019775391,1.517019271850586,0.38883018493652344,0.0,2.256378173828125,False
sab2_4r2g_d:sab2_4r2g_d_s06:sab2_4r2g_d_s26,sab2_4r2g_d,104,cdr3,G,0.4579153060913086,0.3631553649902344,0.4105353355407715,0.3631553649902344,0.09475994110107422,True
sab2_4r2g_d:sab2_4r2g_d_s06:sab2_4r2g_d_s26,sab2_4r2g_d,105,cdr3,V,-0.7786350250244141,0.9222278594970703,0.07179641723632812,0.0,1.7008628845214844,False
sab2_4r2g_d:sab2_4r2g_d_s06:sab2_4r2g_d_s26,sab2_4r2g_d,106,cdr3,V,-0.6738376617431641,1.0979061126708984,0.2120342254638672,0.0,1.7717437744140625,False
sab2_4r2g_d:sab2_4r2g_d_s06:sab2_4r2g_d_s26,sab2_4r2g_d,107,cdr3,S,0.048854827880859375,0.7387571334838867,0.39380598068237305,0.048854827880859375,0.6899023056030273,True
sab2_4r2g_d:sab2_4r2g_d_s06:sab2_4r2g_d_s26,sab2_4r2g_d,109,cdr3,G,0.5805530548095703,0.39606475830078125,0.4883089065551758,0.39606475830078125,0.18448829650878906,True
sab2_4r2g_d:sab2_4r2g_d_s06:sab2_4r2g_d_s26,sab2_4r2g_d,110,cdr3,E,0.10070037841796875,0.6569156646728516,0.37880802154541016,0.10070037841796875,0.5562152862548828,True
sab2_4r2g_d:sab2_4r2g_d_s06:sab2_4r2g_d_s26,sab2_4r2g_d,111,cdr3,F,-1.104665756225586,0.9722270965576172,-0.06621932983398438,0.0,2.076892852783203,False
sab2_4r2g_d:sab2_4r2g_d_s06:sab2_4r2g_d_s26,sab2_4r2g_d,112,cdr3,F,-0.9883975982666016,-0.6232724189758301,-0.8058350086212158,0.0,0.3651251792907715,True
sab2_4r2g_d:sab2_4r2g_d_s06:sab2_4r2g_d_s26,sab2_4r2g_d,113,cdr3,Y,-0.3697977066040039,0.2335796356201172,-0.06810903549194336,0.0,0.6033773422241211,False
sab2_4r2g_d:sab2_4r2g_d_s06:sab2_4r2g_d_s26,sab2_4r2g_d,114,cdr3,Y,1.4521474838256836,-0.09970855712890625,0.6762194633483887,0.0,1.5518560409545898,False
sab2_4r2g_d:sab2_4r2g_d_s06:sab2_4r2g_d_s26,sab2_4r2g_d,116,cdr3,Y,-0.012668609619140625,-0.21544837951660156,-0.1140584945678711,0.0,0.20277976989746094,True
sab2_4r2g_d:sab2_4r2g_d_s06:sab2_4r2g_d_s26,sab2_4r2g_d,117,cdr3,M,0.0069561004638671875,-0.4474358558654785,-0.22023987770080566,0.0,0.4543919563293457,False
sab2_4r2g_d:sab2_4r2g_d_s06:sab2_4r2g_d_s26,sab2_4r2g_d,119,cdr3,V,0.17484188079833984,0.0066070556640625,0.09072446823120117,0.0066070556640625,0.16823482513427734,True
sab2_4r2g_d:sab2_4r2g_d_s18:sab2_4r2g_d_s28,sab2_4r2g_d,25,cdr1,G,-0.012475967407226562,-1.1308927536010742,-0.5716843605041504,0.0,1.1184167861938477,True
sab2_4r2g_d:sab2_4r2g_d_s18:sab2_4r2g_d_s28,sab2_4r2g_d,29,cdr1,N,-0.5661535263061523,-1.6428050994873047,-1.1044793128967285,0.0,1.0766515731811523,True
sab2_4r2g_d:sab2_4r2g_d_s18:sab2_4r2g_d_s28,sab2_4r2g_d,30,cdr1,Y,0.4451608657836914,1.6654157638549805,1.055288314819336,0.4451608657836914,1.220254898071289,True
sab2_4r2g_d:sab2_4r2g_d_s18:sab2_4r2g_d_s28,sab2_4r2g_d,31,cdr1,Y,-0.9127597808837891,0.02619171142578125,-0.4432840347290039,0.0,0.9389514923095703,False
sab2_4r2g_d:sab2_4r2g_d_s18:sab2_4r2g_d_s28,sab2_4r2g_d,51,cdr2,D,-0.17971420288085938,0.13979244232177734,-0.019960880279541016,0.0,0.3195066452026367,False
sab2_4r2g_d:sab2_4r2g_d_s18:sab2_4r2g_d_s28,sab2_4r2g_d,52,cdr2,R,1.3331880569458008,2.393174171447754,1.8631811141967773,1.3331880569458008,1.0599861145019531,True
sab2_4r2g_d:sab2_4r2g_d_s18:sab2_4r2g_d_s28,sab2_4r2g_d,54,cdr2,T,-0.5172405242919922,-0.7068881988525391,-0.6120643615722656,0.0,0.18964767456054688,True
sab2_4r2g_d:sab2_4r2g_d_s18:sab2_4r2g_d_s28,sab2_4r2g_d,96,cdr3,A,-0.04610633850097656,-0.030951499938964844,-0.0385289192199707,0.0,0.015154838562011719,True
sab2_4r2g_d:sab2_4r2g_d_s18:sab2_4r2g_d_s28,sab2_4r2g_d,97,cdr3,R,0.4380970001220703,-1.2481679916381836,-0.40503549575805664,0.0,1.686264991760254,False
sab2_4r2g_d:sab2_4r2g_d_s18:sab2_4r2g_d_s28,sab2_4r2g_d,99,cdr3,G,-0.9389896392822266,1.1277103424072266,0.0943603515625,0.0,2.066699981689453,False
sab2_4r2g_d:sab2_4r2g_d_s18:sab2_4r2g_d_s28,sab2_4r2g_d,100,cdr3,Q,-0.0858917236328125,-1.0156407356262207,-0.5507662296295166,0.0,0.9297490119934082,True
sab2_4r2g_d:sab2_4r2g_d_s18:sab2_4r2g_d_s28,sab2_4r2g_d,101,cdr3,R,-0.019060134887695312,-1.6232786178588867,-0.821169376373291,0.0,1.6042184829711914,True
sab2_4r2g_d:sab2_4r2g_d_s18:sab2_4r2g_d_s28,sab2_4r2g_d,102,cdr3,I,-0.05192089080810547,1.6321325302124023,0.7901058197021484,0.0,1.6840534210205078,False
sab2_4r2g_d:sab2_4r2g_d_s18:sab2_4r2g_d_s28,sab2_4r2g_d,104,cdr3,G,-0.11417675018310547,-1.0604496002197266,-0.587313175201416,0.0,0.9462728500366211,True
sab2_4r2g_d:sab2_4r2g_d_s18:sab2_4r2g_d_s28,sab2_4r2g_d,105,cdr3,V,-0.0883474349975586,0.19096088409423828,0.051306724548339844,0.0,0.2793083190917969,False
sab2_4r2g_d:sab2_4r2g_d_s18:sab2_4r2g_d_s28,sab2_4r2g_d,106,cdr3,V,0.3483257293701172,-0.5795049667358398,-0.11558961868286133,0.0,0.927830696105957,False
sab2_4r2g_d:sab2_4r2g_d_s18:sab2_4r2g_d_s28,sab2_4r2g_d,108,cdr3,F,0.7725753784179688,1.6586055755615234,1.215590476989746,0.7725753784179688,0.8860301971435547,True
sab2_4r2g_d:sab2_4r2g_d_s18:sab2_4r2g_d_s28,sab2_4r2g_d,109,cdr3,G,0.3230571746826172,-0.9029712677001953,-0.28995704650878906,0.0,1.2260284423828125,False
sab2_4r2g_d:sab2_4r2g_d_s18:sab2_4r2g_d_s28,sab2_4r2g_d,111,cdr3,F,2.0045433044433594,2.5020008087158203,2.25327205657959,2.0045433044433594,0.49745750427246094,True
sab2_4r2g_d:sab2_4r2g_d_s18:sab2_4r2g_d_s28,sab2_4r2g_d,112,cdr3,F,0.9235267639160156,3.99190616607666,2.457716464996338,0.9235267639160156,3.0683794021606445,True
sab2_4r2g_d:sab2_4r2g_d_s18:sab2_4r2g_d_s28,sab2_4r2g_d,114,cdr3,Y,-0.8521022796630859,-0.3115677833557129,-0.5818350315093994,0.0,0.540534496307373,True
sab2_4r2g_d:sab2_4r2g_d_s18:sab2_4r2g_d_s28,sab2_4r2g_d,116,cdr3,Y,0.94036865234375,0.929438591003418,0.934903621673584,0.929438591003418,0.010930061340332031,True
sab2_4r2g_d:sab2_4r2g_d_s18:sab2_4r2g_d_s28,sab2_4r2g_d,117,cdr3,M,-0.031169891357421875,-0.9134869575500488,-0.47232842445373535,0.0,0.882317066192627,True
sab2_4r2g_d:sab2_4r2g_d_s18:sab2_4r2g_d_s28,sab2_4r2g_d,118,cdr3,D,0.1410541534423828,0.6518325805664062,0.39644336700439453,0.1410541534423828,0.5107784271240234,True
sab2_4r2g_d:sab2_4r2g_d_s18:sab2_4r2g_d_s28,sab2_4r2g_d,119,cdr3,V,0.6538028717041016,2.6125850677490234,1.6331939697265625,0.6538028717041016,1.9587821960449219,True
sab2_4xmp_h:sab2_4xmp_h_s24:sab2_4xmp_h_s12,sab2_4xmp_h,25,cdr1,Y,4.8982343673706055,7.701637268066406,6.299935817718506,4.8982343673706055,2.803402900695801,True
sab2_4xmp_h:sab2_4xmp_h_s24:sab2_4xmp_h_s12,sab2_4xmp_h,29,cdr1,E,0.33305931091308594,4.515748023986816,2.424403667449951,0.33305931091308594,4.1826887130737305,True
sab2_4xmp_h:sab2_4xmp_h_s24:sab2_4xmp_h_s12,sab2_4xmp_h,50,cdr2,N,0.29817962646484375,4.400764465332031,2.3494720458984375,0.29817962646484375,4.1025848388671875,True
sab2_4xmp_h:sab2_4xmp_h_s24:sab2_4xmp_h_s12,sab2_4xmp_h,52,cdr2,R,1.3823623657226562,0.5271358489990234,0.9547491073608398,0.5271358489990234,0.8552265167236328,True
sab2_4xmp_h:sab2_4xmp_h_s24:sab2_4xmp_h_s12,sab2_4xmp_h,53,cdr2,G,0.9089565277099609,0.9678115844726562,0.9383840560913086,0.9089565277099609,0.05885505676269531,True
sab2_4xmp_h:sab2_4xmp_h_s24:sab2_4xmp_h_s12,sab2_4xmp_h,55,cdr2,G,1.4745068550109863,1.2958736419677734,1.3851902484893799,1.2958736419677734,0.1786332130432129,True
sab2_4xmp_h:sab2_4xmp_h_s24:sab2_4xmp_h_s12,sab2_4xmp_h,96,cdr3,R,1.148137092590332,4.1444091796875,2.646273136138916,1.148137092590332,2.996272087097168,True
sab2_4xmp_h:sab2_4xmp_h_s24:sab2_4xmp_h_s12,sab2_4xmp_h,97,cdr3,G,0.0872964859008789,1.0141639709472656,0.5507302284240723,0.0872964859008789,0.9268674850463867,True
sab2_4xmp_h:sab2_4xmp_h_s24:sab2_4xmp_h_s12,sab2_4xmp_h,98,cdr3,R,0.1734304428100586,-0.12074661254882812,0.026341915130615234,0.0,0.2941770553588867,False
sab2_4xmp_h:sab2_4xmp_h_s24:sab2_4xmp_h_s12,sab2_4xmp_h,99,cdr3,S,-0.5830621719360352,0.26115989685058594,-0.1609511375427246,0.0,0.8442220687866211,False
sab2_4xmp_h:sab2_4xmp_h_s24:sab2_4xmp_h_s12,sab2_4xmp_h,100,cdr3,C,-0.7625255584716797,-0.21867942810058594,-0.4906024932861328,0.0,0.5438461303710938,True
sab2_4xmp_h:sab2_4xmp_h_s24:sab2_4xmp_h_s12,sab2_4xmp_h,101,cdr3,C,0.07991981506347656,0.04382896423339844,0.0618743896484375,0.04382896423339844,0.036090850830078125,True
sab2_4xmp_h:sab2_4xmp_h_s24:sab2_4xmp_h_s12,sab2_4xmp_h,104,cdr3,R,0.2879066467285156,-0.12425613403320312,0.08182525634765625,0.0,0.41216278076171875,False
sab2_4xmp_h:sab2_4xmp_h_s24:sab2_4xmp_h_s12,sab2_4xmp_h,105,cdr3,R,0.6972122192382812,-0.43729591369628906,0.1299581527709961,0.0,1.1345081329345703,False
sab2_4xmp_h:sab2_4xmp_h_s24:sab2_4xmp_h_s12,sab2_4xmp_h,106,cdr3,H,-0.6771135330200195,0.5116052627563477,-0.08275413513183594,0.0,1.1887187957763672,False
sab2_4xmp_h:sab2_4xmp_h_s24:sab2_4xmp_h_s12,sab2_4xmp_h,107,cdr3,C,0.10041332244873047,0.8255767822265625,0.4629950523376465,0.10041332244873047,0.725163459777832,True
sab2_4xmp_h:sab2_4xmp_h_s24:sab2_4xmp_h_s12,sab2_4xmp_h,108,cdr3,N,0.5543680191040039,-0.38202953338623047,0.08616924285888672,0.0,0.9363975524902344,False
sab2_4xmp_h:sab2_4xmp_h_s24:sab2_4xmp_h_s12,sab2_4xmp_h,109,cdr3,G,0.6786355972290039,0.7299633026123047,0.7042994499206543,0.6786355972290039,0.05132770538330078,True
sab2_4xmp_h:sab2_4xmp_h_s24:sab2_4xmp_h_s12,sab2_4xmp_h,110,cdr3,A,0.6662063598632812,1.3874969482421875,1.0268516540527344,0.6662063598632812,0.7212905883789062,True
sab2_4xmp_h:sab2_4xmp_h_s24:sab2_4xmp_h_s12,sab2_4xmp_h,111,cdr3,D,0.4089469909667969,0.6119670867919922,0.5104570388793945,0.4089469909667969,0.2030200958251953,True
sab2_4xmp_h:sab2_4xmp_h_s24:sab2_4xmp_h_s12,sab2_4xmp_h,113,cdr3,F,-0.1612234115600586,-1.005183219909668,-0.5832033157348633,0.0,0.8439598083496094,True
sab2_4xmp_h:sab2_4xmp_h_s24:sab2_4xmp_h_s12,sab2_4xmp_h,114,cdr3,N,0.668304443359375,-0.8713645935058594,-0.10153007507324219,0.0,1.5396690368652344,False
sab2_4xmp_h:sab2_4xmp_h_s24:sab2_4xmp_h_s12,sab2_4xmp_h,115,cdr3,W,0.32470035552978516,-0.5668544769287109,-0.12107706069946289,0.0,0.8915548324584961,False
sab2_4xmp_h:sab2_4xmp_h_s24:sab2_4xmp_h_s12,sab2_4xmp_h,118,cdr3,Q,1.2428512573242188,1.020909309387207,1.131880283355713,1.020909309387207,0.22194194793701172,True
sab2_4xmp_h:sab2_4xmp_h_s24:sab2_4xmp_h_s12,sab2_4xmp_h,119,cdr3,H,1.6305103302001953,0.19434070587158203,0.9124255180358887,0.19434070587158203,1.4361696243286133,True
sab2_4xmp_h:sab2_4xmp_h_s21:sab2_4xmp_h_s10,sab2_4xmp_h,26,cdr1,E,2.1641247272491455,1.9121685028076172,2.0381466150283813,1.9121685028076172,0.2519562244415283,True
sab2_4xmp_h:sab2_4xmp_h_s21:sab2_4xmp_h_s10,sab2_4xmp_h,50,cdr2,N,6.608649730682373,3.480348587036133,5.044499158859253,3.480348587036133,3.1283011436462402,True
sab2_4xmp_h:sab2_4xmp_h_s21:sab2_4xmp_h_s10,sab2_4xmp_h,52,cdr2,R,6.574237108230591,2.7154617309570312,4.644849419593811,2.7154617309570312,3.8587753772735596,True
sab2_4xmp_h:sab2_4xmp_h_s21:sab2_4xmp_h_s10,sab2_4xmp_h,53,cdr2,G,1.9724342823028564,-0.20874786376953125,0.8818432092666626,0.0,2.1811821460723877,False
sab2_4xmp_h:sab2_4xmp_h_s21:sab2_4xmp_h_s10,sab2_4xmp_h,55,cdr2,G,6.816746711730957,1.0269432067871094,3.921844959259033,1.0269432067871094,5.789803504943848,True
sab2_4xmp_h:sab2_4xmp_h_s21:sab2_4xmp_h_s10,sab2_4xmp_h,97,cdr3,G,2.764754891395569,0.658177375793457,1.711466133594513,0.658177375793457,2.106577515602112,True
sab2_4xmp_h:sab2_4xmp_h_s21:sab2_4xmp_h_s10,sab2_4xmp_h,98,cdr3,R,-0.046428680419921875,-1.2067089080810547,-0.6265687942504883,0.0,1.1602802276611328,True
sab2_4xmp_h:sab2_4xmp_h_s21:sab2_4xmp_h_s10,sab2_4xmp_h,100,cdr3,C,2.3272643089294434,0.033188819885253906,1.1802265644073486,0.033188819885253906,2.2940754890441895,True
sab2_4xmp_h:sab2_4xmp_h_s21:sab2_4xmp_h_s10,sab2_4xmp_h,101,cdr3,C,0.3052034378051758,-0.10346412658691406,0.10086965560913086,0.0,0.40866756439208984,False
sab2_4xmp_h:sab2_4xmp_h_s21:sab2_4xmp_h_s10,sab2_4xmp_h,102,cdr3,G,4.139420073479414,0.44822025299072266,2.2938201632350683,0.44822025299072266,3.6911998204886913,True
sab2_4xmp_h:sab2_4xmp_h_s21:sab2_4xmp_h_s10,sab2_4xmp_h,103,cdr3,G,1.5287230014801025,-0.8636503219604492,0.33253633975982666,0.0,2.3923733234405518,False
sab2_4xmp_h:sab2_4xmp_h_s21:sab2_4xmp_h_s10,sab2_4xmp_h,104,cdr3,R,-0.033566951751708984,-1.2257213592529297,-0.6296441555023193,0.0,1.1921544075012207,True
sab2_4xmp_h:sab2_4xmp_h_s21:sab2_4xmp_h_s10,sab2_4xmp_h,106,cdr3,H,-0.938805103302002,0.7786073684692383,-0.08009886741638184,0.0,1.7174124717712402,False
sab2_4xmp_h:sab2_4xmp_h_s21:sab2_4xmp_h_s10,sab2_4xmp_h,108,cdr3,N,0.3335428237915039,-0.05672740936279297,0.13840770721435547,0.0,0.3902702331542969,False
sab2_4xmp_h:sab2_4xmp_h_s21:sab2_4xmp_h_s10,sab2_4xmp_h,109,cdr3,G,1.8630576133728027,-1.1798877716064453,0.3415849208831787,0.0,3.042945384979248,False
sab2_4xmp_h:sab2_4xmp_h_s21:sab2_4xmp_h_s10,sab2_4xmp_h,110,cdr3,A,-1.0584726333618164,-0.7670774459838867,-0.9127750396728516,0.0,0.2913951873779297,True
sab2_4xmp_h:sab2_4xmp_h_s21:sab2_4xmp_h_s10,sab2_4xmp_h,111,cdr3,D,-0.7883138656616211,-0.5533123016357422,-0.6708130836486816,0.0,0.2350015640258789,True
sab2_4xmp_h:sab2_4xmp_h_s21:sab2_4xmp_h_s10,sab2_4xmp_h,112,cdr3,C,-0.07463741302490234,0.3746957778930664,0.15002918243408203,0.0,0.44933319091796875,False
sab2_4xmp_h:sab2_4xmp_h_s21:sab2_4xmp_h_s10,sab2_4xmp_h,113,cdr3,F,1.991323471069336,-0.03630352020263672,0.9775099754333496,0.0,2.0276269912719727,False
sab2_4xmp_h:sab2_4xmp_h_s21:sab2_4xmp_h_s10,sab2_4xmp_h,114,cdr3,N,-1.483224868774414,-0.941680908203125,-1.2124528884887695,0.0,0.5415439605712891,True
sab2_4xmp_h:sab2_4xmp_h_s21:sab2_4xmp_h_s10,sab2_4xmp_h,116,cdr3,D,-0.626558780670166,-0.07950210571289062,-0.3530304431915283,0.0,0.5470566749572754,True
sab2_4xmp_h:sab2_4xmp_h_s21:sab2_4xmp_h_s10,sab2_4xmp_h,119,cdr3,H,-1.0654988288879395,-1.4009723663330078,-1.2332355976104736,0.0,0.33547353744506836,True
sab2_4xmp_h:sab2_4xmp_h_s25:sab2_4xmp_h_s20,sab2_4xmp_h,25,cdr1,Y,-1.012094497680664,9.38567316532135,4.186789333820343,0.0,10.397767663002014,False
sab2_4xmp_h:sab2_4xmp_h_s25:sab2_4xmp_h_s20,sab2_4xmp_h,29,cdr1,E,1.922642707824707,1.926030158996582,1.9243364334106445,1.922642707824707,0.003387451171875,True
sab2_4xmp_h:sab2_4xmp_h_s25:sab2_4xmp_h_s20,sab2_4xmp_h,50,cdr2,N,-1.1953637599945068,-2.2378339767456055,-1.7165988683700562,0.0,1.0424702167510986,True
sab2_4xmp_h:sab2_4xmp_h_s25:sab2_4xmp_h_s20,sab2_4xmp_h,51,cdr2,P,-2.5435991287231445,2.9657201766967773,0.2110605239868164,0.0,5.509319305419922,False
sab2_4xmp_h:sab2_4xmp_h_s25:sab2_4xmp_h_s20,sab2_4xmp_h,52,cdr2,R,1.113969087600708,-0.7316207885742188,0.19117414951324463,0.0,1.8455898761749268,False
sab2_4xmp_h:sab2_4xmp_h_s25:sab2_4xmp_h_s20,sab2_4xmp_h,53,cdr2,G,-1.0259826183319092,6.916686058044434,2.945351719856262,0.0,7.942668676376343,False
sab2_4xmp_h:sab2_4xmp_h_s25:sab2_4xmp_h_s20,sab2_4xmp_h,54,cdr2,G,2.525842860341072,3.770759105682373,3.1483009830117226,2.525842860341072,1.244916245341301,True
sab2_4xmp_h:sab2_4xmp_h_s25:sab2_4xmp_h_s20,sab2_4xmp_h,55,cdr2,G,-2.9552202224731445,-0.3806877136230469,-1.6679539680480957,0.0,2.5745325088500977,True
sab2_4xmp_h:sab2_4xmp_h_s25:sab2_4xmp_h_s20,sab2_4xmp_h,97,cdr3,G,-0.533912181854248,0.2643918991088867,-0.13476014137268066,0.0,0.7983040809631348,False
sab2_4xmp_h:sab2_4xmp_h_s25:sab2_4xmp_h_s20,sab2_4xmp_h,98,cdr3,R,0.5875868797302246,-0.44171810150146484,0.07293438911437988,0.0,1.0293049812316895,False
sab2_4xmp_h:sab2_4xmp_h_s25:sab2_4xmp_h_s20,sab2_4xmp_h,99,cdr3,S,-0.42684268951416016,0.2720804214477539,-0.07738113403320312,0.0,0.6989231109619141,False
sab2_4xmp_h:sab2_4xmp_h_s25:sab2_4xmp_h_s20,sab2_4xmp_h,100,cdr3,C,-1.370823860168457,-0.586822509765625,-0.978823184967041,0.0,0.784001350402832,True
sab2_4xmp_h:sab2_4xmp_h_s25:sab2_4xmp_h_s20,sab2_4xmp_h,101,cdr3,C,-0.1106266975402832,0.45535945892333984,0.17236638069152832,0.0,0.565986156463623,False
sab2_4xmp_h:sab2_4xmp_h_s25:sab2_4xmp_h_s20,sab2_4xmp_h,102,cdr3,G,0.2933070659637451,-0.2485055923461914,0.022400736808776855,0.0,0.5418126583099365,False
sab2_4xmp_h:sab2_4xmp_h_s25:sab2_4xmp_h_s20,sab2_4xmp_h,103,cdr3,G,-0.05160117149353027,2.9257802963256836,1.4370895624160767,0.0,2.977381467819214,False
sab2_4xmp_h:sab2_4xmp_h_s25:sab2_4xmp_h_s20,sab2_4xmp_h,104,cdr3,R,0.0954596996307373,0.9506387710571289,0.5230492353439331,0.0954596996307373,0.8551790714263916,True
sab2_4xmp_h:sab2_4xmp_h_s25:sab2_4xmp_h_s20,sab2_4xmp_h,105,cdr3,R,0.3136622905731201,1.7998085021972656,1.0567353963851929,0.3136622905731201,1.4861462116241455,True
sab2_4xmp_h:sab2_4xmp_h_s25:sab2_4xmp_h_s20,sab2_4xmp_h,106,cdr3,H,1.1055517196655273,0.3912811279296875,0.7484164237976074,0.3912811279296875,0.7142705917358398,True
sab2_4xmp_h:sab2_4xmp_h_s25:sab2_4xmp_h_s20,sab2_4xmp_h,107,cdr3,C,1.0496342182159424,-0.28133106231689453,0.3841515779495239,0.0,1.330965280532837,False
sab2_4xmp_h:sab2_4xmp_h_s25:sab2_4xmp_h_s20,sab2_4xmp_h,108,cdr3,N,0.7470874786376953,-1.056640625,-0.15477657318115234,0.0,1.8037281036376953,False
sab2_4xmp_h:sab2_4xmp_h_s25:sab2_4xmp_h_s20,sab2_4xmp_h,109,cdr3,G,0.37934207916259766,-0.12341594696044922,0.12796306610107422,0.0,0.5027580261230469,False
sab2_4xmp_h:sab2_4xmp_h_s25:sab2_4xmp_h_s20,sab2_4xmp_h,110,cdr3,A,-0.15839934349060059,2.144169807434082,0.9928852319717407,0.0,2.3025691509246826,False
sab2_4xmp_h:sab2_4xmp_h_s25:sab2_4xmp_h_s20,sab2_4xmp_h,111,cdr3,D,-0.2911098003387451,-0.03991413116455078,-0.16551196575164795,0.0,0.25119566917419434,True
sab2_4xmp_h:sab2_4xmp_h_s25:sab2_4xmp_h_s20,sab2_4xmp_h,112,cdr3,C,2.90646855533123,0.6676950454711914,1.7870818004012108,0.6676950454711914,2.2387735098600388,True
sab2_4xmp_h:sab2_4xmp_h_s25:sab2_4xmp_h_s20,sab2_4xmp_h,113,cdr3,F,-0.4277496337890625,-0.044139862060546875,-0.2359447479248047,0.0,0.3836097717285156,True
sab2_4xmp_h:sab2_4xmp_h_s25:sab2_4xmp_h_s20,sab2_4xmp_h,114,cdr3,N,-0.14433050155639648,1.5453720092773438,0.7005207538604736,0.0,1.6897025108337402,False
sab2_4xmp_h:sab2_4xmp_h_s25:sab2_4xmp_h_s20,sab2_4xmp_h,116,cdr3,D,1.0243455171585083,0.5126562118530273,0.7685008645057678,0.5126562118530273,0.511689305305481,True
sab2_4xmp_h:sab2_4xmp_h_s25:sab2_4xmp_h_s20,sab2_4xmp_h,119,cdr3,H,-0.48290348052978516,-1.3162193298339844,-0.8995614051818848,0.0,0.8333158493041992,True
sab2_4xmp_h:sab2_4xmp_h_s23:sab2_4xmp_h_s09,sab2_4xmp_h,29,cdr1,E,-0.13599514961242676,3.6819539070129395,1.7729793787002563,0.0,3.817949056625366,False
sab2_4xmp_h:sab2_4xmp_h_s23:sab2_4xmp_h_s09,sab2_4xmp_h,50,cdr2,N,0.04724287986755371,5.460606813430786,2.75392484664917,0.04724287986755371,5.413363933563232,True
sab2_4xmp_h:sab2_4xmp_h_s23:sab2_4xmp_h_s09,sab2_4xmp_h,53,cdr2,G,4.446895599365234,2.927372932434082,3.687134265899658,2.927372932434082,1.5195226669311523,True
sab2_4xmp_h:sab2_4xmp_h_s23:sab2_4xmp_h_s09,sab2_4xmp_h,55,cdr2,G,-2.1729986667633057,-1.1335601806640625,-1.653279423713684,0.0,1.0394384860992432,True
sab2_4xmp_h:sab2_4xmp_h_s23:sab2_4xmp_h_s09,sab2_4xmp_h,97,cdr3,G,1.4812651872634888,0.8833503723144531,1.182307779788971,0.8833503723144531,0.5979148149490356,True
sab2_4xmp_h:sab2_4xmp_h_s23:sab2_4xmp_h_s09,sab2_4xmp_h,98,cdr3,R,-0.9173183441162109,1.0727500915527344,0.07771587371826172,0.0,1.9900684356689453,False
sab2_4xmp_h:sab2_4xmp_h_s23:sab2_4xmp_h_s09,sab2_4xmp_h,99,cdr3,S,-0.5629622936248779,0.57574462890625,0.006391167640686035,0.0,1.138706922531128,False
sab2_4xmp_h:sab2_4xmp_h_s23:sab2_4xmp_h_s09,sab2_4xmp_h,100,cdr3,C,0.4340085983276367,0.6837244033813477,0.5588665008544922,0.4340085983276367,0.24971580505371094,True
sab2_4xmp_h:sab2_4xmp_h_s23:sab2_4xmp_h_s09,sab2_4xmp_h,101,cdr3,C,-0.44570350646972656,0.1639118194580078,-0.14089584350585938,0.0,0.6096153259277344,False
sab2_4xmp_h:sab2_4xmp_h_s23:sab2_4xmp_h_s09,sab2_4xmp_h,102,cdr3,G,-2.2482149600982666,-0.6893653869628906,-1.4687901735305786,0.0,1.558849573135376,True
sab2_4xmp_h:sab2_4xmp_h_s23:sab2_4xmp_h_s09,sab2_4xmp_h,103,cdr3,G,-2.615645170211792,-0.4240837097167969,-1.5198644399642944,0.0,2.191561460494995,True
sab2_4xmp_h:sab2_4xmp_h_s23:sab2_4xmp_h_s09,sab2_4xmp_h,104,cdr3,R,-2.1769754886627197,-0.37923431396484375,-1.2781049013137817,0.0,1.797741174697876,True
sab2_4xmp_h:sab2_4xmp_h_s23:sab2_4xmp_h_s09,sab2_4xmp_h,105,cdr3,R,-0.21352028846740723,-0.1571798324584961,-0.18535006046295166,0.0,0.05634045600891113,True
sab2_4xmp_h:sab2_4xmp_h_s23:sab2_4xmp_h_s09,sab2_4xmp_h,106,cdr3,H,-1.8511245250701904,0.8325395584106445,-0.509292483329773,0.0,2.683664083480835,False
sab2_4xmp_h:sab2_4xmp_h_s23:sab2_4xmp_h_s09,sab2_4xmp_h,107,cdr3,C,-0.9458255767822266,-0.806971549987793,-0.8763985633850098,0.0,0.1388540267944336,True
sab2_4xmp_h:sab2_4xmp_h_s23:sab2_4xmp_h_s09,sab2_4xmp_h,108,cdr3,N,-1.4511168003082275,-1.017007827758789,-1.2340623140335083,0.0,0.4341089725494385,True
sab2_4xmp_h:sab2_4xmp_h_s23:sab2_4xmp_h_s09,sab2_4xmp_h,109,cdr3,G,-0.6530592441558838,-0.38779640197753906,-0.5204278230667114,0.0,0.2652628421783447,True
sab2_4xmp_h:sab2_4xmp_h_s23:sab2_4xmp_h_s09,sab2_4xmp_h,110,cdr3,A,-0.7349770069122314,0.0420379638671875,-0.346469521522522,0.0,0.777014970779419,False
sab2_4xmp_h:sab2_4xmp_h_s23:sab2_4xmp_h_s09,sab2_4xmp_h,111,cdr3,D,-0.17952322959899902,1.0248546600341797,0.42266571521759033,0.0,1.2043778896331787,False
sab2_4xmp_h:sab2_4xmp_h_s23:sab2_4xmp_h_s09,sab2_4xmp_h,112,cdr3,C,-0.2974388599395752,-0.11256790161132812,-0.20500338077545166,0.0,0.18487095832824707,True
sab2_4xmp_h:sab2_4xmp_h_s23:sab2_4xmp_h_s09,sab2_4xmp_h,114,cdr3,N,0.26151156425476074,0.4888877868652344,0.37519967555999756,0.26151156425476074,0.22737622261047363,True
sab2_4xmp_h:sab2_4xmp_h_s23:sab2_4xmp_h_s09,sab2_4xmp_h,115,cdr3,W,-2.8404648303985596,-0.5648136138916016,-1.7026392221450806,0.0,2.275651216506958,True
sab2_4xmp_h:sab2_4xmp_h_s23:sab2_4xmp_h_s09,sab2_4xmp_h,116,cdr3,D,-3.7042829990386963,-2.1927976608276367,-2.9485403299331665,0.0,1.5114853382110596,True
sab2_4xmp_h:sab2_4xmp_h_s23:sab2_4xmp_h_s09,sab2_4xmp_h,118,cdr3,Q,0.5978624820709229,2.205371856689453,1.401617169380188,0.5978624820709229,1.6075093746185303,True
sab2_4xmp_h:sab2_4xmp_h_s23:sab2_4xmp_h_s09,sab2_4xmp_h,119,cdr3,H,-1.8828976154327393,-0.3574228286743164,-1.1201602220535278,0.0,1.5254747867584229,True
sab2_4xmp_h:sab2_4xmp_h_s01:sab2_4xmp_h_s05,sab2_4xmp_h,26,cdr1,E,2.287255048751831,2.721315383911133,2.504285216331482,2.287255048751831,0.43406033515930176,True
sab2_4xmp_h:sab2_4xmp_h_s01:sab2_4xmp_h_s05,sab2_4xmp_h,27,cdr1,F,4.315867304801941,2.0231947898864746,3.1695310473442078,2.0231947898864746,2.2926725149154663,True
sab2_4xmp_h:sab2_4xmp_h_s01:sab2_4xmp_h_s05,sab2_4xmp_h,29,cdr1,E,4.055116057395935,2.283658504486084,3.1693872809410095,2.283658504486084,1.771457552909851,True
sab2_4xmp_h:sab2_4xmp_h_s01:sab2_4xmp_h_s05,sab2_4xmp_h,50,cdr2,N,2.4477094411849976,4.993803977966309,3.720756709575653,2.4477094411849976,2.546094536781311,True
sab2_4xmp_h:sab2_4xmp_h_s01:sab2_4xmp_h_s05,sab2_4xmp_h,52,cdr2,R,3.3739997148513794,2.8494224548339844,3.111711084842682,2.8494224548339844,0.524577260017395,True
sab2_4xmp_h:sab2_4xmp_h_s01:sab2_4xmp_h_s05,sab2_4xmp_h,53,cdr2,G,-1.2269660234451294,-0.17266464233398438,-0.6998153328895569,0.0,1.054301381111145,True
sab2_4xmp_h:sab2_4xmp_h_s01:sab2_4xmp_h_s05,sab2_4xmp_h,55,cdr2,G,1.2650809288024902,-1.4707069396972656,-0.1028130054473877,0.0,2.735787868499756,False
sab2_4xmp_h:sab2_4xmp_h_s01:sab2_4xmp_h_s05,sab2_4xmp_h,96,cdr3,R,0.6425025463104248,0.514124870300293,0.5783137083053589,0.514124870300293,0.12837767601013184,True
sab2_4xmp_h:sab2_4xmp_h_s01:sab2_4xmp_h_s05,sab2_4xmp_h,97,cdr3,G,0.6813446879386902,2.437952995300293,1.5596488416194916,0.6813446879386902,1.7566083073616028,True
sab2_4xmp_h:sab2_4xmp_h_s01:sab2_4xmp_h_s05,sab2_4xmp_h,98,cdr3,R,0.5899944305419922,0.500403881072998,0.5451991558074951,0.500403881072998,0.08959054946899414,True
sab2_4xmp_h:sab2_4xmp_h_s01:sab2_4xmp_h_s05,sab2_4xmp_h,99,cdr3,S,3.906943202018738,0.12742328643798828,2.017183244228363,0.12742328643798828,3.7795199155807495,True
sab2_4xmp_h:sab2_4xmp_h_s01:sab2_4xmp_h_s05,sab2_4xmp_h,100,cdr3,C,0.07573091983795166,1.0898246765136719,0.5827777981758118,0.07573091983795166,1.0140937566757202,True
sab2_4xmp_h:sab2_4xmp_h_s01:sab2_4xmp_h_s05,sab2_4xmp_h,101,cdr3,C,-0.24804019927978516,0.4727053642272949,0.11233258247375488,0.0,0.7207455635070801,False
sab2_4xmp_h:sab2_4xmp_h_s01:sab2_4xmp_h_s05,sab2_4xmp_h,102,cdr3,G,1.5576872453093529,2.429152488708496,1.9934198670089245,1.5576872453093529,0.8714652433991432,True
sab2_4xmp_h:sab2_4xmp_h_s01:sab2_4xmp_h_s05,sab2_4xmp_h,103,cdr3,G,-1.1173731088638306,-2.7282228469848633,-1.922797977924347,0.0,1.6108497381210327,True
sab2_4xmp_h:sab2_4xmp_h_s01:sab2_4xmp_h_s05,sab2_4xmp_h,104,cdr3,R,-1.745125412940979,1.0444750785827637,-0.35032516717910767,0.0,2.7896004915237427,False
sab2_4xmp_h:sab2_4xmp_h_s01:sab2_4xmp_h_s05,sab2_4xmp_h,105,cdr3,R,2.365360736846924,0.8885622024536133,1.6269614696502686,0.8885622024536133,1.4767985343933105,True
sab2_4xmp_h:sab2_4xmp_h_s01:sab2_4xmp_h_s05,sab2_4xmp_h,106,cdr3,H,-0.4812368154525757,1.0817298889160156,0.30024653673171997,0.0,1.5629667043685913,False
sab2_4xmp_h:sab2_4xmp_h_s01:sab2_4xmp_h_s05,sab2_4xmp_h,107,cdr3,C,-1.1941012144088745,0.9902453422546387,-0.10192793607711792,0.0,2.184346556663513,False
sab2_4xmp_h:sab2_4xmp_h_s01:sab2_4xmp_h_s05,sab2_4xmp_h,108,cdr3,N,-1.4590836763381958,3.003725051879883,0.7723206877708435,0.0,4.462808728218079,False
sab2_4xmp_h:sab2_4xmp_h_s01:sab2_4xmp_h_s05,sab2_4xmp_h,109,cdr3,G,-0.8036500215530396,1.7407445907592773,0.4685472846031189,0.0,2.544394612312317,False
sab2_4xmp_h:sab2_4xmp_h_s01:sab2_4xmp_h_s05,sab2_4xmp_h,110,cdr3,A,0.501453161239624,0.8590202331542969,0.6802366971969604,0.501453161239624,0.35756707191467285,True
sab2_4xmp_h:sab2_4xmp_h_s01:sab2_4xmp_h_s05,sab2_4xmp_h,111,cdr3,D,-0.4631255865097046,0.8049468994140625,0.17091065645217896,0.0,1.268072485923767,False
sab2_4xmp_h:sab2_4xmp_h_s01:sab2_4xmp_h_s05,sab2_4xmp_h,112,cdr3,C,-1.1245042085647583,-0.8932075500488281,-1.0088558793067932,0.0,0.23129665851593018,True
sab2_4xmp_h:sab2_4xmp_h_s01:sab2_4xmp_h_s05,sab2_4xmp_h,113,cdr3,F,-1.78191339969635,-0.4949760437011719,-1.138444721698761,0.0,1.2869373559951782,True
sab2_4xmp_h:sab2_4xmp_h_s01:sab2_4xmp_h_s05,sab2_4xmp_h,114,cdr3,N,-1.1249419450759888,-1.7733354568481445,-1.4491387009620667,0.0,0.6483935117721558,True
sab2_4xmp_h:sab2_4xmp_h_s01:sab2_4xmp_h_s05,sab2_4xmp_h,115,cdr3,W,-0.37384939193725586,-1.1061820983886719,-0.7400157451629639,0.0,0.732332706451416,True
sab2_4xmp_h:sab2_4xmp_h_s01:sab2_4xmp_h_s05,sab2_4xmp_h,116,cdr3,D,1.7463771998882294,1.3981409072875977,1.5722590535879135,1.3981409072875977,0.3482362926006317,True
sab2_4xmp_h:sab2_4xmp_h_s01:sab2_4xmp_h_s05,sab2_4xmp_h,117,cdr3,F,-0.6647320985794067,-0.0657958984375,-0.36526399850845337,0.0,0.5989362001419067,True
sab2_4xmp_h:sab2_4xmp_h_s01:sab2_4xmp_h_s05,sab2_4xmp_h,118,cdr3,Q,-1.2555211782455444,-0.5591306686401367,-0.9073259234428406,0.0,0.6963905096054077,True
sab2_4xmp_h:sab2_4xmp_h_s11:sab2_4xmp_h_s27,sab2_4xmp_h,50,cdr2,N,-7.323044061660767,-3.532064914703369,-5.427554488182068,0.0,3.7909791469573975,True
sab2_4xmp_h:sab2_4xmp_h_s11:sab2_4xmp_h_s27,sab2_4xmp_h,52,cdr2,R,3.279694080352783,2.931363582611084,3.1055288314819336,2.931363582611084,0.3483304977416992,True
sab2_4xmp_h:sab2_4xmp_h_s11:sab2_4xmp_h_s27,sab2_4xmp_h,53,cdr2,G,1.7204334735870361,1.5196080207824707,1.6200207471847534,1.5196080207824707,0.20082545280456543,True
sab2_4xmp_h:sab2_4xmp_h_s11:sab2_4xmp_h_s27,sab2_4xmp_h,55,cdr2,G,2.597861409187317,2.9325804710388184,2.7652209401130676,2.597861409187317,0.33471906185150146,True
sab2_4xmp_h:sab2_4xmp_h_s11:sab2_4xmp_h_s27,sab2_4xmp_h,97,cdr3,G,0.3858189582824707,2.153676986694336,1.2697479724884033,0.3858189582824707,1.7678580284118652,True
sab2_4xmp_h:sab2_4xmp_h_s11:sab2_4xmp_h_s27,sab2_4xmp_h,99,cdr3,S,-1.8784315586090088,-0.03998994827270508,-0.9592107534408569,0.0,1.8384416103363037,True
sab2_4xmp_h:sab2_4xmp_h_s11:sab2_4xmp_h_s27,sab2_4xmp_h,100,cdr3,C,0.5917312651872635,0.9485974311828613,0.7701643481850624,0.5917312651872635,0.35686616599559784,True
sab2_4xmp_h:sab2_4xmp_h_s11:sab2_4xmp_h_s27,sab2_4xmp_h,101,cdr3,C,-0.42603254318237305,-0.26773881912231445,-0.34688568115234375,0.0,0.1582937240600586,True
sab2_4xmp_h:sab2_4xmp_h_s11:sab2_4xmp_h_s27,sab2_4xmp_h,102,cdr3,G,-1.4472033977508545,3.7575650215148926,1.155180811882019,0.0,5.204768419265747,False
sab2_4xmp_h:sab2_4xmp_h_s11:sab2_4xmp_h_s27,sab2_4xmp_h,103,cdr3,G,-1.2346489429473877,-0.18946409225463867,-0.7120565176010132,0.0,1.045184850692749,True
sab2_4xmp_h:sab2_4xmp_h_s11:sab2_4xmp_h_s27,sab2_4xmp_h,104,cdr3,R,-0.1044466495513916,1.1525893211364746,0.5240713357925415,0.0,1.2570359706878662,False
sab2_4xmp_h:sab2_4xmp_h_s11:sab2_4xmp_h_s27,sab2_4xmp_h,105,cdr3,R,-0.92884361743927,-0.0010027885437011719,-0.4649232029914856,0.0,0.9278408288955688,True
sab2_4xmp_h:sab2_4xmp_h_s11:sab2_4xmp_h_s27,sab2_4xmp_h,106,cdr3,H,-3.9355270862579346,0.9033732414245605,-1.516076922416687,0.0,4.838900327682495,False
sab2_4xmp_h:sab2_4xmp_h_s11:sab2_4xmp_h_s27,sab2_4xmp_h,107,cdr3,C,-1.8692381381988525,1.218066692352295,-0.3255857229232788,0.0,3.0873048305511475,False
sab2_4xmp_h:sab2_4xmp_h_s11:sab2_4xmp_h_s27,sab2_4xmp_h,108,cdr3,N,1.889983892440796,2.1324572563171387,2.0112205743789673,1.889983892440796,0.24247336387634277,True
sab2_4xmp_h:sab2_4xmp_h_s11:sab2_4xmp_h_s27,sab2_4xmp_h,109,cdr3,G,2.2674150466918945,0.06658315658569336,1.166999101638794,0.06658315658569336,2.200831890106201,True
sab2_4xmp_h:sab2_4xmp_h_s11:sab2_4xmp_h_s27,sab2_4xmp_h,110,cdr3,A,4.1018500328063965,0.534675121307373,2.3182625770568848,0.534675121307373,3.5671749114990234,True
sab2_4xmp_h:sab2_4xmp_h_s11:sab2_4xmp_h_s27,sab2_4xmp_h,111,cdr3,D,1.131591260433197,1.3372254371643066,1.2344083487987518,1.131591260433197,0.20563417673110962,True
sab2_4xmp_h:sab2_4xmp_h_s11:sab2_4xmp_h_s27,sab2_4xmp_h,112,cdr3,C,2.983560085296631,-0.3979916572570801,1.2927842140197754,0.0,3.381551742553711,False
sab2_4xmp_h:sab2_4xmp_h_s11:sab2_4xmp_h_s27,sab2_4xmp_h,113,cdr3,F,0.1965714693069458,0.08547258377075195,0.14102202653884888,0.08547258377075195,0.11109888553619385,True
sab2_4xmp_h:sab2_4xmp_h_s11:sab2_4xmp_h_s27,sab2_4xmp_h,114,cdr3,N,1.4151557683944702,0.05558443069458008,0.7353700995445251,0.05558443069458008,1.3595713376998901,True
sab2_4xmp_h:sab2_4xmp_h_s11:sab2_4xmp_h_s27,sab2_4xmp_h,116,cdr3,D,0.9512267410755157,-1.1378655433654785,-0.09331940114498138,0.0,2.0890922844409943,False
sab2_4xmp_h:sab2_4xmp_h_s11:sab2_4xmp_h_s27,sab2_4xmp_h,117,cdr3,F,4.303282260894775,1.0242137908935547,2.663748025894165,1.0242137908935547,3.2790684700012207,True
sab2_4xmp_h:sab2_4xmp_h_s11:sab2_4xmp_h_s27,sab2_4xmp_h,119,cdr3,H,2.1175782680511475,0.2204270362854004,1.169002652168274,0.2204270362854004,1.897151231765747,True
sab2_4xmp_h:sab2_4xmp_h_s04:sab2_4xmp_h_s16,sab2_4xmp_h,50,cdr2,N,1.922214549034834,3.5795183181762695,2.7508664336055517,1.922214549034834,1.6573037691414356,True
sab2_4xmp_h:sab2_4xmp_h_s04:sab2_4xmp_h_s16,sab2_4xmp_h,53,cdr2,G,-2.903451282531023,-0.2526588439941406,-1.5780550632625818,0.0,2.6507924385368824,True
sab2_4xmp_h:sab2_4xmp_h_s04:sab2_4xmp_h_s16,sab2_4xmp_h,55,cdr2,G,3.081430356949568,4.472228527069092,3.77682944200933,3.081430356949568,1.390798170119524,True
sab2_4xmp_h:sab2_4xmp_h_s04:sab2_4xmp_h_s16,sab2_4xmp_h,97,cdr3,G,-1.6485664434731007,-0.924346923828125,-1.2864566836506128,0.0,0.7242195196449757,True
sab2_4xmp_h:sab2_4xmp_h_s04:sab2_4xmp_h_s16,sab2_4xmp_h,99,cdr3,S,1.867091577500105,-0.6468305587768555,0.6101305093616247,0.0,2.5139221362769604,False
sab2_4xmp_h:sab2_4xmp_h_s04:sab2_4xmp_h_s16,sab2_4xmp_h,100,cdr3,C,-0.0854957140982151,-0.10094165802001953,-0.09321868605911732,0.0,0.015445943921804428,True
sab2_4xmp_h:sab2_4xmp_h_s04:sab2_4xmp_h_s16,sab2_4xmp_h,101,cdr3,C,1.1902003698050976,-0.25200510025024414,0.4690976347774267,0.0,1.4422054700553417,False
sab2_4xmp_h:sab2_4xmp_h_s04:sab2_4xmp_h_s16,sab2_4xmp_h,102,cdr3,G,-0.7245412059128284,-1.9852228164672852,-1.3548820111900568,0.0,1.2606816105544567,True
sab2_4xmp_h:sab2_4xmp_h_s04:sab2_4xmp_h_s16,sab2_4xmp_h,103,cdr3,G,-0.8485534377396107,0.9535751342773438,0.05251084826886654,0.0,1.8021285720169544,False
sab2_4xmp_h:sab2_4xmp_h_s04:sab2_4xmp_h_s16,sab2_4xmp_h,104,cdr3,R,0.09630060568451881,1.7179765701293945,0.9071385879069567,0.09630060568451881,1.6216759644448757,True
sab2_4xmp_h:sab2_4xmp_h_s04:sab2_4xmp_h_s16,sab2_4xmp_h,105,cdr3,R,1.325077097862959,1.6682424545288086,1.4966597761958838,1.325077097862959,0.3431653566658497,True
sab2_4xmp_h:sab2_4xmp_h_s04:sab2_4xmp_h_s16,sab2_4xmp_h,106,cdr3,H,2.7528847865760326,0.06650304794311523,1.409693917259574,0.06650304794311523,2.6863817386329174,True
sab2_4xmp_h:sab2_4xmp_h_s04:sab2_4xmp_h_s16,sab2_4xmp_h,107,cdr3,C,2.4797760657966137,0.047347068786621094,1.2635615672916174,0.047347068786621094,2.4324289970099926,True
sab2_4xmp_h:sab2_4xmp_h_s04:sab2_4xmp_h_s16,sab2_4xmp_h,108,cdr3,N,0.9576589278876781,-1.3299474716186523,-0.1861442718654871,0.0,2.2876063995063305,False
sab2_4xmp_h:sab2_4xmp_h_s04:sab2_4xmp_h_s16,sab2_4xmp_h,109,cdr3,G,2.4010171107947826,1.3881831169128418,1.8946001138538122,1.3881831169128418,1.0128339938819408,True
sab2_4xmp_h:sab2_4xmp_h_s04:sab2_4xmp_h_s16,sab2_4xmp_h,110,cdr3,A,-0.33406587317585945,0.22283935546875,-0.055613258853554726,0.0,0.5569052286446095,False
sab2_4xmp_h:sab2_4xmp_h_s04:sab2_4xmp_h_s16,sab2_4xmp_h,111,cdr3,D,-0.036763112992048264,-1.0185918807983398,-0.527677496895194,0.0,0.9818287678062916,True
sab2_4xmp_h:sab2_4xmp_h_s04:sab2_4xmp_h_s16,sab2_4xmp_h,112,cdr3,C,0.5253168158233166,1.0361871719360352,0.7807519938796759,0.5253168158233166,0.5108703561127186,True
sab2_4xmp_h:sab2_4xmp_h_s04:sab2_4xmp_h_s16,sab2_4xmp_h,114,cdr3,N,0.996164720505476,0.11789608001708984,0.5570304002612829,0.11789608001708984,0.8782686404883862,True
sab2_4xmp_h:sab2_4xmp_h_s04:sab2_4xmp_h_s16,sab2_4xmp_h,116,cdr3,D,3.060052078217268,0.27646827697753906,1.6682601775974035,0.27646827697753906,2.783583801239729,True
sab2_4xmp_h:sab2_4xmp_h_s04:sab2_4xmp_h_s16,sab2_4xmp_h,118,cdr3,Q,2.316374223679304,-0.632563591003418,0.8419053163379431,0.0,2.948937814682722,False
sab2_4xmp_h:sab2_4xmp_h_s18:sab2_4xmp_h_s31,sab2_4xmp_h,26,cdr1,E,-2.0454060286283493,-2.3331565856933594,-2.1892813071608543,0.0,0.28775055706501007,True
sab2_4xmp_h:sab2_4xmp_h_s18:sab2_4xmp_h_s31,sab2_4xmp_h,27,cdr1,F,-1.9946613758802414,-1.3331518173217773,-1.6639065966010094,0.0,0.661509558558464,True
sab2_4xmp_h:sab2_4xmp_h_s18:sab2_4xmp_h_s31,sab2_4xmp_h,29,cdr1,E,-2.9334438294172287,-0.04873800277709961,-1.4910909160971642,0.0,2.884705826640129,True
sab2_4xmp_h:sab2_4xmp_h_s18:sab2_4xmp_h_s31,sab2_4xmp_h,50,cdr2,N,-1.4385906904935837,5.8379799127578735,2.199694611132145,0.0,7.276570603251457,False
sab2_4xmp_h:sab2_4xmp_h_s18:sab2_4xmp_h_s31,sab2_4xmp_h,51,cdr2,P,-1.9365150183439255,6.104142904281616,2.0838139429688454,0.0,8.040657922625542,False
sab2_4xmp_h:sab2_4xmp_h_s18:sab2_4xmp_h_s31,sab2_4xmp_h,52,cdr2,R,-2.6345727890729904,1.868391513824463,-0.38309063762426376,0.0,4.502964302897453,False
sab2_4xmp_h:sab2_4xmp_h_s18:sab2_4xmp_h_s31,sab2_4xmp_h,53,cdr2,G,-0.6763192862272263,4.043506622314453,1.6835936680436134,0.0,4.719825908541679,False
sab2_4xmp_h:sab2_4xmp_h_s18:sab2_4xmp_h_s31,sab2_4xmp_h,54,cdr2,G,2.6236288100481033,-0.21263456344604492,1.2054971233010292,0.0,2.8362633734941483,False
sab2_4xmp_h:sab2_4xmp_h_s18:sab2_4xmp_h_s31,sab2_4xmp_h,55,cdr2,G,-2.449745461344719,1.1977128982543945,-0.6260162815451622,0.0,3.6474583595991135,False
sab2_4xmp_h:sab2_4xmp_h_s18:sab2_4xmp_h_s31,sab2_4xmp_h,97,cdr3,G,-0.37098531424999237,2.078371047973633,0.8536928668618202,0.0,2.449356362223625,False
sab2_4xmp_h:sab2_4xmp_h_s18:sab2_4xmp_h_s31,sab2_4xmp_h,98,cdr3,R,3.5173437148332596,0.4164857864379883,1.966914750635624,0.4164857864379883,3.1008579283952713,True
sab2_4xmp_h:sab2_4xmp_h_s18:sab2_4xmp_h_s31,sab2_4xmp_h,99,cdr3,S,0.8195147067308426,0.09288263320922852,0.45619866997003555,0.09288263320922852,0.7266320735216141,True
sab2_4xmp_h:sab2_4xmp_h_s18:sab2_4xmp_h_s31,sab2_4xmp_h,100,cdr3,C,3.2247404605150223,-0.43132543563842773,1.3967075124382973,0.0,3.65606589615345,False
sab2_4xmp_h:sab2_4xmp_h_s18:sab2_4xmp_h_s31,sab2_4xmp_h,102,cdr3,G,-1.172463819384575,0.2917327880859375,-0.4403655156493187,0.0,1.4641966074705124,False
sab2_4xmp_h:sab2_4xmp_h_s18:sab2_4xmp_h_s31,sab2_4xmp_h,105,cdr3,R,2.4099332839250565,0.8097438812255859,1.6098385825753212,0.8097438812255859,1.6001894026994705,True
sab2_4xmp_h:sab2_4xmp_h_s18:sab2_4xmp_h_s31,sab2_4xmp_h,106,cdr3,H,-1.0276455730199814,0.6264863014221191,-0.20057963579893112,0.0,1.6541318744421005,False
sab2_4xmp_h:sab2_4xmp_h_s18:sab2_4xmp_h_s31,sab2_4xmp_h,107,cdr3,C,-1.4253006428480148,0.5621747970581055,-0.4315629228949547,0.0,1.9874754399061203,False
sab2_4xmp_h:sab2_4xmp_h_s18:sab2_4xmp_h_s31,sab2_4xmp_h,108,cdr3,N,1.6271042376756668,-0.003482818603515625,0.8118107095360756,0.0,1.6305870562791824,False
sab2_4xmp_h:sab2_4xmp_h_s18:sab2_4xmp_h_s31,sab2_4xmp_h,109,cdr3,G,2.0953981429338455,-0.5856800079345703,0.7548590674996376,0.0,2.681078150868416,False
sab2_4xmp_h:sab2_4xmp_h_s18:sab2_4xmp_h_s31,sab2_4xmp_h,110,cdr3,A,-1.0596499890089035,2.4057416915893555,0.673045851290226,0.0,3.465391680598259,False
sab2_4xmp_h:sab2_4xmp_h_s18:sab2_4xmp_h_s31,sab2_4xmp_h,111,cdr3,D,-0.5734703987836838,-2.4503116607666016,-1.5118910297751427,0.0,1.8768412619829178,True
sab2_4xmp_h:sab2_4xmp_h_s18:sab2_4xmp_h_s31,sab2_4xmp_h,112,cdr3,C,-1.8088980168104172,0.6160240173339844,-0.5964369997382164,0.0,2.4249220341444016,False
sab2_4xmp_h:sab2_4xmp_h_s18:sab2_4xmp_h_s31,sab2_4xmp_h,113,cdr3,F,0.5508596450090408,0.5953755378723145,0.5731175914406776,0.5508596450090408,0.04451589286327362,True
sab2_4xmp_h:sab2_4xmp_h_s18:sab2_4xmp_h_s31,sab2_4xmp_h,114,cdr3,N,-0.07304219901561737,3.867260217666626,1.8971090093255043,0.0,3.9403024166822433,False
sab2_4xmp_h:sab2_4xmp_h_s18:sab2_4xmp_h_s31,sab2_4xmp_h,117,cdr3,F,2.05926413834095,-1.6426963806152344,0.20828387886285782,0.0,3.7019605189561844,False
sab2_4xmp_h:sab2_4xmp_h_s18:sab2_4xmp_h_s31,sab2_4xmp_h,119,cdr3,H,1.4906655102968216,-1.4957408905029297,-0.0025376901030540466,0.0,2.9864064007997513,False
sab2_5vxk_b:sab2_5vxk_b_s16:sab2_5vxk_b_s12,sab2_5vxk_b,26,cdr1,T,0.3355131149291992,0.7666218280792236,0.5510674715042114,0.3355131149291992,0.4311087131500244,True
sab2_5vxk_b:sab2_5vxk_b_s16:sab2_5vxk_b_s12,sab2_5vxk_b,29,cdr1,D,1.9365596771240234,3.987360715866089,2.961960196495056,1.9365596771240234,2.0508010387420654,True
sab2_5vxk_b:sab2_5vxk_b_s16:sab2_5vxk_b_s12,sab2_5vxk_b,31,cdr1,P,-0.3985176086425781,3.686855673789978,1.6441690325737,0.0,4.085373282432556,False
sab2_5vxk_b:sab2_5vxk_b_s16:sab2_5vxk_b_s12,sab2_5vxk_b,51,cdr2,I,-0.3536834716796875,1.2802531719207764,0.46328485012054443,0.0,1.6339366436004639,False
sab2_5vxk_b:sab2_5vxk_b_s16:sab2_5vxk_b_s12,sab2_5vxk_b,52,cdr2,D,-0.46587562561035156,1.3508832454681396,0.44250380992889404,0.0,1.8167588710784912,False
sab2_5vxk_b:sab2_5vxk_b_s16:sab2_5vxk_b_s12,sab2_5vxk_b,97,cdr3,D,0.5718059539794922,3.4480221271514893,2.0099140405654907,0.5718059539794922,2.876216173171997,True
sab2_5vxk_b:sab2_5vxk_b_s16:sab2_5vxk_b_s12,sab2_5vxk_b,99,cdr3,Y,-0.8165054321289062,1.836117446422577,0.5098060071468353,0.0,2.652622878551483,False
sab2_5vxk_b:sab2_5vxk_b_s16:sab2_5vxk_b_s12,sab2_5vxk_b,100,cdr3,T,-0.4092073440551758,1.6402013897895813,0.6154970228672028,0.0,2.049408733844757,False
sab2_5vxk_b:sab2_5vxk_b_s16:sab2_5vxk_b_s12,sab2_5vxk_b,101,cdr3,S,0.3918132781982422,3.2167603969573975,1.8042868375778198,0.3918132781982422,2.8249471187591553,True
sab2_5vxk_b:sab2_5vxk_b_s16:sab2_5vxk_b_s12,sab2_5vxk_b,102,cdr3,V,-0.3376779556274414,3.117002487182617,1.389662265777588,0.0,3.4546804428100586,False
sab2_5vxk_b:sab2_5vxk_b_s16:sab2_5vxk_b_s12,sab2_5vxk_b,103,cdr3,R,-0.44245338439941406,1.3955371379852295,0.4765418767929077,0.0,1.8379905223846436,False
sab2_5vxk_b:sab2_5vxk_b_s16:sab2_5vxk_b_s12,sab2_5vxk_b,104,cdr3,Q,0.07068824768066406,2.103457728982903,1.0870729883317836,0.07068824768066406,2.032769481302239,True
sab2_5vxk_b:sab2_5vxk_b_s16:sab2_5vxk_b_s12,sab2_5vxk_b,106,cdr3,C,-0.14142322540283203,3.7823952436447144,1.8204860091209412,0.0,3.9238184690475464,False
sab2_5vxk_b:sab2_5vxk_b_s16:sab2_5vxk_b_s12,sab2_5vxk_b,109,cdr3,I,-0.1367340087890625,0.7969677448272705,0.330116868019104,0.0,0.933701753616333,False
sab2_5vxk_b:sab2_5vxk_b_s16:sab2_5vxk_b_s12,sab2_5vxk_b,111,cdr3,G,0.3356761932373047,6.801704406738281,3.568690299987793,0.3356761932373047,6.466028213500977,True
sab2_5vxk_b:sab2_5vxk_b_s16:sab2_5vxk_b_s12,sab2_5vxk_b,112,cdr3,L,0.6862058639526367,0.23775970935821533,0.461982786655426,0.23775970935821533,0.4484461545944214,True
sab2_5vxk_b:sab2_5vxk_b_s16:sab2_5vxk_b_s12,sab2_5vxk_b,113,cdr3,H,1.1614246368408203,4.786653280258179,2.9740389585494995,1.1614246368408203,3.6252286434173584,True
sab2_5vxk_b:sab2_5vxk_b_s16:sab2_5vxk_b_s12,sab2_5vxk_b,115,cdr3,V,0.9519405364990234,5.605858564376831,3.2788995504379272,0.9519405364990234,4.653918027877808,True
sab2_5vxk_b:sab2_5vxk_b_s22:sab2_5vxk_b_s04,sab2_5vxk_b,28,cdr1,D,-0.6126899719238281,-1.3759093284606934,-0.9942996501922607,0.0,0.7632193565368652,True
sab2_5vxk_b:sab2_5vxk_b_s22:sab2_5vxk_b_s04,sab2_5vxk_b,29,cdr1,D,0.5004072189331055,4.30893087387085,2.4046690464019775,0.5004072189331055,3.808523654937744,True
sab2_5vxk_b:sab2_5vxk_b_s22:sab2_5vxk_b_s04,sab2_5vxk_b,31,cdr1,P,-0.5225801467895508,1.159604787826538,0.31851232051849365,0.0,1.6821849346160889,False
sab2_5vxk_b:sab2_5vxk_b_s22:sab2_5vxk_b_s04,sab2_5vxk_b,51,cdr2,I,0.3029327392578125,1.8859972953796387,1.0944650173187256,0.3029327392578125,1.5830645561218262,True
sab2_5vxk_b:sab2_5vxk_b_s22:sab2_5vxk_b_s04,sab2_5vxk_b,52,cdr2,D,-0.06742191314697266,-1.3164915442466736,-0.6919567286968231,0.0,1.249069631099701,True
sab2_5vxk_b:sab2_5vxk_b_s22:sab2_5vxk_b_s04,sab2_5vxk_b,55,cdr2,T,0.5004520416259766,-1.3634686470031738,-0.43150830268859863,0.0,1.8639206886291504,False
sab2_5vxk_b:sab2_5vxk_b_s22:sab2_5vxk_b_s04,sab2_5vxk_b,97,cdr3,D,1.1903514862060547,5.480759143829346,3.3355553150177,1.1903514862060547,4.290407657623291,True
sab2_5vxk_b:sab2_5vxk_b_s22:sab2_5vxk_b_s04,sab2_5vxk_b,98,cdr3,R,0.8133468627929688,1.900444507598877,1.3568956851959229,0.8133468627929688,1.0870976448059082,True
sab2_5vxk_b:sab2_5vxk_b_s22:sab2_5vxk_b_s04,sab2_5vxk_b,99,cdr3,Y,1.2679357528686523,1.3470115661621094,1.3074736595153809,1.2679357528686523,0.07907581329345703,True
sab2_5vxk_b:sab2_5vxk_b_s22:sab2_5vxk_b_s04,sab2_5vxk_b,100,cdr3,T,1.119607925415039,-0.79449662566185,0.16255564987659454,0.0,1.914104551076889,False
sab2_5vxk_b:sab2_5vxk_b_s22:sab2_5vxk_b_s04,sab2_5vxk_b,101,cdr3,S,4.692043304443359,3.1225085258483887,3.907275915145874,3.1225085258483887,1.5695347785949707,True
sab2_5vxk_b:sab2_5vxk_b_s22:sab2_5vxk_b_s04,sab2_5vxk_b,102,cdr3,V,1.0344457626342773,6.885773658752441,3.9601097106933594,1.0344457626342773,5.851327896118164,True
sab2_5vxk_b:sab2_5vxk_b_s22:sab2_5vxk_b_s04,sab2_5vxk_b,103,cdr3,R,0.8816184997558594,-3.0899155139923096,-1.104148507118225,0.0,3.971534013748169,False
sab2_5vxk_b:sab2_5vxk_b_s22:sab2_5vxk_b_s04,sab2_5vxk_b,104,cdr3,Q,0.7404241561889648,4.3987321853637695,2.569578170776367,0.7404241561889648,3.6583080291748047,True
sab2_5vxk_b:sab2_5vxk_b_s22:sab2_5vxk_b_s04,sab2_5vxk_b,105,cdr3,M,0.7043228149414062,2.300004243850708,1.5021635293960571,0.7043228149414062,1.5956814289093018,True
sab2_5vxk_b:sab2_5vxk_b_s22:sab2_5vxk_b_s04,sab2_5vxk_b,106,cdr3,C,0.24219512939453125,-0.3199388086795807,-0.03887183964252472,0.0,0.5621339380741119,False
sab2_5vxk_b:sab2_5vxk_b_s22:sab2_5vxk_b_s04,sab2_5vxk_b,107,cdr3,T,3.638425827026367,7.8023457527160645,5.720385789871216,3.638425827026367,4.163919925689697,True
sab2_5vxk_b:sab2_5vxk_b_s22:sab2_5vxk_b_s04,sab2_5vxk_b,108,cdr3,M,-0.4238624572753906,0.37304723262786865,-0.025407612323760986,0.0,0.7969096899032593,False
sab2_5vxk_b:sab2_5vxk_b_s22:sab2_5vxk_b_s04,sab2_5vxk_b,110,cdr3,E,0.34714508056640625,0.6099905967712402,0.47856783866882324,0.34714508056640625,0.262845516204834,True
sab2_5vxk_b:sab2_5vxk_b_s22:sab2_5vxk_b_s04,sab2_5vxk_b,112,cdr3,L,-0.028389930725097656,0.6344836950302124,0.3030468821525574,0.0,0.6628736257553101,False
sab2_5vxk_b:sab2_5vxk_b_s22:sab2_5vxk_b_s04,sab2_5vxk_b,113,cdr3,H,1.5332603454589844,-0.07429701089859009,0.7294816672801971,0.0,1.6075573563575745,False
sab2_5vxk_b:sab2_5vxk_b_s22:sab2_5vxk_b_s04,sab2_5vxk_b,114,cdr3,R,0.7992124557495117,0.910361647605896,0.8547870516777039,0.7992124557495117,0.11114919185638428,True
sab2_5vxk_b:sab2_5vxk_b_s07:sab2_5vxk_b_s08,sab2_5vxk_b,26,cdr1,T,1.1136035919189453,3.410926103591919,2.262264847755432,1.1136035919189453,2.2973225116729736,True
sab2_5vxk_b:sab2_5vxk_b_s07:sab2_5vxk_b_s08,sab2_5vxk_b,51,cdr2,I,1.1897916793823242,4.581847429275513,2.8858195543289185,1.1897916793823242,3.3920557498931885,True
sab2_5vxk_b:sab2_5vxk_b_s07:sab2_5vxk_b_s08,sab2_5vxk_b,52,cdr2,D,-0.17210769653320312,3.4532511234283447,1.6405717134475708,0.0,3.625358819961548,False
sab2_5vxk_b:sab2_5vxk_b_s07:sab2_5vxk_b_s08,sab2_5vxk_b,97,cdr3,D,-0.03731250762939453,-1.2276827497407794,-0.632497628685087,0.0,1.1903702421113849,True
sab2_5vxk_b:sab2_5vxk_b_s07:sab2_5vxk_b_s08,sab2_5vxk_b,98,cdr3,R,1.4065465927124023,-2.8793822526931763,-0.736417829990387,0.0,4.285928845405579,False
sab2_5vxk_b:sab2_5vxk_b_s07:sab2_5vxk_b_s08,sab2_5vxk_b,99,cdr3,Y,0.942286491394043,1.5528953075408936,1.2475908994674683,0.942286491394043,0.6106088161468506,True
sab2_5vxk_b:sab2_5vxk_b_s07:sab2_5vxk_b_s08,sab2_5vxk_b,100,cdr3,T,1.4416265487670898,0.03815805912017822,0.739892303943634,0.03815805912017822,1.4034684896469116,True
sab2_5vxk_b:sab2_5vxk_b_s07:sab2_5vxk_b_s08,sab2_5vxk_b,101,cdr3,S,0.4232206344604492,2.710092782974243,1.5666567087173462,0.4232206344604492,2.286872148513794,True
sab2_5vxk_b:sab2_5vxk_b_s07:sab2_5vxk_b_s08,sab2_5vxk_b,102,cdr3,V,0.42850399017333984,9.069546937942505,4.749025464057922,0.42850399017333984,8.641042947769165,True
sab2_5vxk_b:sab2_5vxk_b_s07:sab2_5vxk_b_s08,sab2_5vxk_b,104,cdr3,Q,0.8406982421875,-1.7046557366847992,-0.4319787472486496,0.0,2.545353978872299,False
sab2_5vxk_b:sab2_5vxk_b_s07:sab2_5vxk_b_s08,sab2_5vxk_b,105,cdr3,M,1.6126995086669922,-2.9383208751678467,-0.6628106832504272,0.0,4.551020383834839,False
sab2_5vxk_b:sab2_5vxk_b_s07:sab2_5vxk_b_s08,sab2_5vxk_b,106,cdr3,C,0.5119571685791016,0.003467559814453125,0.25771236419677734,0.003467559814453125,0.5084896087646484,True
sab2_5vxk_b:sab2_5vxk_b_s07:sab2_5vxk_b_s08,sab2_5vxk_b,107,cdr3,T,0.1811389923095703,8.771096467971802,4.476117730140686,0.1811389923095703,8.589957475662231,True
sab2_5vxk_b:sab2_5vxk_b_s07:sab2_5vxk_b_s08,sab2_5vxk_b,109,cdr3,I,1.093825340270996,0.5336782932281494,0.8137518167495728,0.5336782932281494,0.5601470470428467,True
sab2_5vxk_b:sab2_5vxk_b_s07:sab2_5vxk_b_s08,sab2_5vxk_b,110,cdr3,E,0.5153541564941406,-0.7941738963127136,-0.1394098699092865,0.0,1.3095280528068542,False
sab2_5vxk_b:sab2_5vxk_b_s07:sab2_5vxk_b_s08,sab2_5vxk_b,111,cdr3,G,0.014467239379882812,2.9197914600372314,1.4671293497085571,0.014467239379882812,2.9053242206573486,True
sab2_5vxk_b:sab2_5vxk_b_s07:sab2_5vxk_b_s08,sab2_5vxk_b,112,cdr3,L,0.9293804168701172,-1.6281254291534424,-0.3493725061416626,0.0,2.5575058460235596,False
sab2_5vxk_b:sab2_5vxk_b_s07:sab2_5vxk_b_s08,sab2_5vxk_b,114,cdr3,R,-0.14580631256103516,-1.0768959820270538,-0.6113511472940445,0.0,0.9310896694660187,True
sab2_5vxk_b:sab2_5vxk_b_s07:sab2_5vxk_b_s08,sab2_5vxk_b,115,cdr3,V,-0.407196044921875,-4.518280267715454,-2.4627381563186646,0.0,4.111084222793579,True
sab2_5vxk_b:sab2_5vxk_b_s15:sab2_5vxk_b_s14,sab2_5vxk_b,51,cdr2,I,1.6415910720825195,2.610684633255005,2.126137852668762,1.6415910720825195,0.9690935611724854,True
sab2_5vxk_b:sab2_5vxk_b_s15:sab2_5vxk_b_s14,sab2_5vxk_b,55,cdr2,T,0.2658853530883789,-1.1718252897262573,-0.4529699683189392,0.0,1.4377106428146362,False
sab2_5vxk_b:sab2_5vxk_b_s15:sab2_5vxk_b_s14,sab2_5vxk_b,97,cdr3,D,1.1132278442382812,2.80470871925354,1.9589682817459106,1.1132278442382812,1.6914808750152588,True
sab2_5vxk_b:sab2_5vxk_b_s15:sab2_5vxk_b_s14,sab2_5vxk_b,98,cdr3,R,-0.2608175277709961,-0.4798450469970703,-0.3703312873840332,0.0,0.21902751922607422,True
sab2_5vxk_b:sab2_5vxk_b_s15:sab2_5vxk_b_s14,sab2_5vxk_b,99,cdr3,Y,-0.8815994262695312,-0.27660179138183594,-0.5791006088256836,0.0,0.6049976348876953,True
sab2_5vxk_b:sab2_5vxk_b_s15:sab2_5vxk_b_s14,sab2_5vxk_b,100,cdr3,T,0.29794883728027344,1.584627389907837,0.9412881135940552,0.29794883728027344,1.2866785526275635,True
sab2_5vxk_b:sab2_5vxk_b_s15:sab2_5vxk_b_s14,sab2_5vxk_b,101,cdr3,S,-0.2346782684326172,-0.41514086723327637,-0.3249095678329468,0.0,0.18046259880065918,True
sab2_5vxk_b:sab2_5vxk_b_s15:sab2_5vxk_b_s14,sab2_5vxk_b,102,cdr3,V,-0.9230031967163086,5.630761384963989,2.3538790941238403,0.0,6.553764581680298,False
sab2_5vxk_b:sab2_5vxk_b_s15:sab2_5vxk_b_s14,sab2_5vxk_b,103,cdr3,R,-0.1445760726928711,-0.2269606590270996,-0.18576836585998535,0.0,0.08238458633422852,True
sab2_5vxk_b:sab2_5vxk_b_s15:sab2_5vxk_b_s14,sab2_5vxk_b,104,cdr3,Q,0.5067720413208008,1.2999327182769775,0.9033523797988892,0.5067720413208008,0.7931606769561768,True
sab2_5vxk_b:sab2_5vxk_b_s15:sab2_5vxk_b_s14,sab2_5vxk_b,107,cdr3,T,-1.7857379913330078,3.8727529048919678,1.04350745677948,0.0,5.658490896224976,False
sab2_5vxk_b:sab2_5vxk_b_s15:sab2_5vxk_b_s14,sab2_5vxk_b,109,cdr3,I,1.1925716400146484,0.7491724491119385,0.9708720445632935,0.7491724491119385,0.44339919090270996,True
sab2_5vxk_b:sab2_5vxk_b_s15:sab2_5vxk_b_s14,sab2_5vxk_b,111,cdr3,G,0.030731201171875,-1.4292726516723633,-0.6992707252502441,0.0,1.4600038528442383,False
sab2_5vxk_b:sab2_5vxk_b_s15:sab2_5vxk_b_s14,sab2_5vxk_b,112,cdr3,L,0.4310579299926758,0.3713986873626709,0.40122830867767334,0.3713986873626709,0.05965924263000488,True
sab2_5vxk_b:sab2_5vxk_b_s15:sab2_5vxk_b_s14,sab2_5vxk_b,113,cdr3,H,0.035182952880859375,-0.3787667751312256,-0.1717919111251831,0.0,0.41394972801208496,False
sab2_5vxk_b:sab2_5vxk_b_s10:sab2_5vxk_b_s18,sab2_5vxk_b,26,cdr1,T,0.013278007507324219,0.9124140739440918,0.462846040725708,0.013278007507324219,0.8991360664367676,True
sab2_5vxk_b:sab2_5vxk_b_s10:sab2_5vxk_b_s18,sab2_5vxk_b,29,cdr1,D,1.9065074920654297,3.7235727310180664,2.815040111541748,1.9065074920654297,1.8170652389526367,True
sab2_5vxk_b:sab2_5vxk_b_s10:sab2_5vxk_b_s18,sab2_5vxk_b,52,cdr2,D,0.06688213348388672,0.9660930633544922,0.5164875984191895,0.06688213348388672,0.8992109298706055,True
sab2_5vxk_b:sab2_5vxk_b_s10:sab2_5vxk_b_s18,sab2_5vxk_b,54,cdr2,N,-1.3644304275512695,-0.03672313690185547,-0.7005767822265625,0.0,1.327707290649414,True
sab2_5vxk_b:sab2_5vxk_b_s10:sab2_5vxk_b_s18,sab2_5vxk_b,55,cdr2,T,0.5097866058349609,0.23596954345703125,0.3728780746459961,0.23596954345703125,0.2738170623779297,True
sab2_5vxk_b:sab2_5vxk_b_s10:sab2_5vxk_b_s18,sab2_5vxk_b,97,cdr3,D,1.1312808990478516,0.06128835678100586,0.5962846279144287,0.06128835678100586,1.0699925422668457,True
sab2_5vxk_b:sab2_5vxk_b_s10:sab2_5vxk_b_s18,sab2_5vxk_b,99,cdr3,Y,-0.058078765869140625,1.1676959991455078,0.5548086166381836,0.0,1.2257747650146484,False
sab2_5vxk_b:sab2_5vxk_b_s10:sab2_5vxk_b_s18,sab2_5vxk_b,100,cdr3,T,0.9122657775878906,1.3716716766357422,1.1419687271118164,0.9122657775878906,0.45940589904785156,True
sab2_5vxk_b:sab2_5vxk_b_s10:sab2_5vxk_b_s18,sab2_5vxk_b,101,cdr3,S,0.8073339462280273,0.3800182342529297,0.5936760902404785,0.3800182342529297,0.42731571197509766,True
sab2_5vxk_b:sab2_5vxk_b_s10:sab2_5vxk_b_s18,sab2_5vxk_b,102,cdr3,V,-0.13408851623535156,-2.4179491996765137,-1.2760188579559326,0.0,2.283860683441162,True
sab2_5vxk_b:sab2_5vxk_b_s10:sab2_5vxk_b_s18,sab2_5vxk_b,103,cdr3,R,-0.1531085968017578,0.8003683090209961,0.32362985610961914,0.0,0.9534769058227539,False
sab2_5vxk_b:sab2_5vxk_b_s10:sab2_5vxk_b_s18,sab2_5vxk_b,104,cdr3,Q,-0.16624069213867188,0.6062107086181641,0.2199850082397461,0.0,0.7724514007568359,False
sab2_5vxk_b:sab2_5vxk_b_s10:sab2_5vxk_b_s18,sab2_5vxk_b,105,cdr3,M,0.3677787780761719,1.1424446105957031,0.7551116943359375,0.3677787780761719,0.7746658325195312,True
sab2_5vxk_b:sab2_5vxk_b_s10:sab2_5vxk_b_s18,sab2_5vxk_b,106,cdr3,C,-0.8506441116333008,-1.1100411415100098,-0.9803426265716553,0.0,0.259397029876709,True
sab2_5vxk_b:sab2_5vxk_b_s10:sab2_5vxk_b_s18,sab2_5vxk_b,107,cdr3,T,-0.0388031005859375,-0.4715409278869629,-0.2551720142364502,0.0,0.4327378273010254,True
sab2_5vxk_b:sab2_5vxk_b_s10:sab2_5vxk_b_s18,sab2_5vxk_b,112,cdr3,L,-0.5075531005859375,-0.2902994155883789,-0.3989262580871582,0.0,0.2172536849975586,True
sab2_5vxk_b:sab2_5vxk_b_s10:sab2_5vxk_b_s18,sab2_5vxk_b,114,cdr3,R,3.308958053588867,1.3265790939331055,2.3177685737609863,1.3265790939331055,1.9823789596557617,True
sab2_5vxk_b:sab2_5vxk_b_s10:sab2_5vxk_b_s18,sab2_5vxk_b,115,cdr3,V,-0.6698837280273438,0.38269567489624023,-0.14359402656555176,0.0,1.052579402923584,False
sab2_5vxk_b:sab2_5vxk_b_s20:sab2_5vxk_b_s25,sab2_5vxk_b,26,cdr1,T,0.4654216766357422,0.8551616668701172,0.6602916717529297,0.4654216766357422,0.389739990234375,True
sab2_5vxk_b:sab2_5vxk_b_s20:sab2_5vxk_b_s25,sab2_5vxk_b,27,cdr1,L,0.6589269638061523,-0.008406639099121094,0.3252601623535156,0.0,0.6673336029052734,False
sab2_5vxk_b:sab2_5vxk_b_s20:sab2_5vxk_b_s25,sab2_5vxk_b,29,cdr1,D,0.8335533142089844,2.311427116394043,1.5724902153015137,0.8335533142089844,1.4778738021850586,True
sab2_5vxk_b:sab2_5vxk_b_s20:sab2_5vxk_b_s25,sab2_5vxk_b,97,cdr3,D,-0.41289615631103516,-0.7789244651794434,-0.5959103107452393,0.0,0.3660283088684082,True
sab2_5vxk_b:sab2_5vxk_b_s20:sab2_5vxk_b_s25,sab2_5vxk_b,99,cdr3,Y,-0.6076564788818359,-0.5570192337036133,-0.5823378562927246,0.0,0.050637245178222656,True
sab2_5vxk_b:sab2_5vxk_b_s20:sab2_5vxk_b_s25,sab2_5vxk_b,100,cdr3,T,0.9074535369873047,-1.1922950744628906,-0.14242076873779297,0.0,2.0997486114501953,False
sab2_5vxk_b:sab2_5vxk_b_s20:sab2_5vxk_b_s25,sab2_5vxk_b,101,cdr3,S,0.5585727691650391,1.134521484375,0.8465471267700195,0.5585727691650391,0.5759487152099609,True
sab2_5vxk_b:sab2_5vxk_b_s20:sab2_5vxk_b_s25,sab2_5vxk_b,102,cdr3,V,-0.9777078628540039,-0.054012298583984375,-0.5158600807189941,0.0,0.9236955642700195,True
sab2_5vxk_b:sab2_5vxk_b_s20:sab2_5vxk_b_s25,sab2_5vxk_b,105,cdr3,M,1.4054021835327148,1.0745525360107422,1.2399773597717285,1.0745525360107422,0.33084964752197266,True
sab2_5vxk_b:sab2_5vxk_b_s20:sab2_5vxk_b_s25,sab2_5vxk_b,106,cdr3,C,-1.076528549194336,-0.024297714233398438,-0.5504131317138672,0.0,1.0522308349609375,True
sab2_5vxk_b:sab2_5vxk_b_s20:sab2_5vxk_b_s25,sab2_5vxk_b,107,cdr3,T,-0.4377288818359375,-0.6816496849060059,-0.5596892833709717,0.0,0.24392080307006836,True
sab2_5vxk_b:sab2_5vxk_b_s20:sab2_5vxk_b_s25,sab2_5vxk_b,108,cdr3,M,-0.31681156158447266,-2.040717601776123,-1.1787645816802979,0.0,1.7239060401916504,True
sab2_5vxk_b:sab2_5vxk_b_s20:sab2_5vxk_b_s25,sab2_5vxk_b,110,cdr3,E,-0.0996408462524414,-1.4431757926940918,-0.7714083194732666,0.0,1.3435349464416504,True
sab2_5vxk_b:sab2_5vxk_b_s20:sab2_5vxk_b_s25,sab2_5vxk_b,112,cdr3,L,-0.50634765625,0.47803497314453125,-0.014156341552734375,0.0,0.9843826293945312,False
sab2_5vxk_b:sab2_5vxk_b_s20:sab2_5vxk_b_s25,sab2_5vxk_b,113,cdr3,H,0.6620054244995117,0.9991827011108398,0.8305940628051758,0.6620054244995117,0.3371772766113281,True
sab2_5vxk_b:sab2_5vxk_b_s20:sab2_5vxk_b_s25,sab2_5vxk_b,114,cdr3,R,-0.06878852844238281,-0.05514240264892578,-0.0619654655456543,0.0,0.013646125793457031,True
sab2_5vxk_b:sab2_5vxk_b_s20:sab2_5vxk_b_s25,sab2_5vxk_b,115,cdr3,V,-0.061084747314453125,-0.2966775894165039,-0.17888116836547852,0.0,0.23559284210205078,True
sab2_5vxk_b:sab2_5vxk_b_s00:sab2_5vxk_b_s24,sab2_5vxk_b,27,cdr1,L,1.0470504760742188,0.6595249176025391,0.8532876968383789,0.6595249176025391,0.3875255584716797,True
sab2_5vxk_b:sab2_5vxk_b_s00:sab2_5vxk_b_s24,sab2_5vxk_b,28,cdr1,D,0.23079872131347656,1.2372007369995117,0.7339997291564941,0.23079872131347656,1.0064020156860352,True
sab2_5vxk_b:sab2_5vxk_b_s00:sab2_5vxk_b_s24,sab2_5vxk_b,49,cdr2,I,-0.33492279052734375,-1.2394089698791504,-0.7871658802032471,0.0,0.9044861793518066,True
sab2_5vxk_b:sab2_5vxk_b_s00:sab2_5vxk_b_s24,sab2_5vxk_b,51,cdr2,I,1.3031024932861328,2.304856300354004,1.8039793968200684,1.3031024932861328,1.001753807067871,True
sab2_5vxk_b:sab2_5vxk_b_s00:sab2_5vxk_b_s24,sab2_5vxk_b,55,cdr2,T,1.0545988082885742,2.1204757690429688,1.5875372886657715,1.0545988082885742,1.0658769607543945,True
sab2_5vxk_b:sab2_5vxk_b_s00:sab2_5vxk_b_s24,sab2_5vxk_b,97,cdr3,D,-1.040994644165039,-1.161797046661377,-1.101395845413208,0.0,0.12080240249633789,True
sab2_5vxk_b:sab2_5vxk_b_s00:sab2_5vxk_b_s24,sab2_5vxk_b,98,cdr3,R,0.08783721923828125,-0.6377277374267578,-0.2749452590942383,0.0,0.7255649566650391,False
sab2_5vxk_b:sab2_5vxk_b_s00:sab2_5vxk_b_s24,sab2_5vxk_b,99,cdr3,Y,-0.015479087829589844,-0.8788890838623047,-0.44718408584594727,0.0,0.8634099960327148,True
sab2_5vxk_b:sab2_5vxk_b_s00:sab2_5vxk_b_s24,sab2_5vxk_b,100,cdr3,T,0.18577289581298828,-0.6941862106323242,-0.25420665740966797,0.0,0.8799591064453125,False
sab2_5vxk_b:sab2_5vxk_b_s00:sab2_5vxk_b_s24,sab2_5vxk_b,101,cdr3,S,0.23542213439941406,-1.228154182434082,-0.496366024017334,0.0,1.463576316833496,False
sab2_5vxk_b:sab2_5vxk_b_s00:sab2_5vxk_b_s24,sab2_5vxk_b,102,cdr3,V,0.20061588287353516,-0.15831947326660156,0.021148204803466797,0.0,0.3589353561401367,False
sab2_5vxk_b:sab2_5vxk_b_s00:sab2_5vxk_b_s24,sab2_5vxk_b,103,cdr3,R,-0.4501457214355469,-0.10379409790039062,-0.27696990966796875,0.0,0.34635162353515625,True
sab2_5vxk_b:sab2_5vxk_b_s00:sab2_5vxk_b_s24,sab2_5vxk_b,104,cdr3,Q,0.03193855285644531,0.5962152481079102,0.31407690048217773,0.03193855285644531,0.5642766952514648,True
sab2_5vxk_b:sab2_5vxk_b_s00:sab2_5vxk_b_s24,sab2_5vxk_b,106,cdr3,C,-0.370025634765625,0.15868186950683594,-0.10567188262939453,0.0,0.5287075042724609,False
sab2_5vxk_b:sab2_5vxk_b_s00:sab2_5vxk_b_s24,sab2_5vxk_b,109,cdr3,I,-1.0689964294433594,-0.39453935623168945,-0.7317678928375244,0.0,0.6744570732116699,True
sab2_5vxk_b:sab2_5vxk_b_s00:sab2_5vxk_b_s24,sab2_5vxk_b,112,cdr3,L,3.892742156982422,1.2283048629760742,2.560523509979248,1.2283048629760742,2.6644372940063477,True
sab2_5vxk_b:sab2_5vxk_b_s00:sab2_5vxk_b_s24,sab2_5vxk_b,114,cdr3,R,-1.5514965057373047,-0.6624975204467773,-1.106997013092041,0.0,0.8889989852905273,True
sab2_5vxk_b:sab2_5vxk_b_s00:sab2_5vxk_b_s24,sab2_5vxk_b,115,cdr3,V,1.5431556701660156,2.7221927642822266,2.132674217224121,1.5431556701660156,1.179037094116211,True
sab2_5vxk_b:sab2_5vxk_b_s26:sab2_5vxk_b_s23,sab2_5vxk_b,31,cdr1,P,-0.1753396987915039,-0.6071405410766602,-0.39124011993408203,0.0,0.43180084228515625,True
sab2_5vxk_b:sab2_5vxk_b_s26:sab2_5vxk_b_s23,sab2_5vxk_b,55,cdr2,T,0.5493087768554688,0.510523796081543,0.5299162864685059,0.510523796081543,0.03878498077392578,True
sab2_5vxk_b:sab2_5vxk_b_s26:sab2_5vxk_b_s23,sab2_5vxk_b,97,cdr3,D,1.5995817184448242,2.1629905700683594,1.8812861442565918,1.5995817184448242,0.5634088516235352,True
sab2_5vxk_b:sab2_5vxk_b_s26:sab2_5vxk_b_s23,sab2_5vxk_b,99,cdr3,Y,2.751100540161133,-2.554788589477539,0.09815597534179688,0.0,5.305889129638672,False
sab2_5vxk_b:sab2_5vxk_b_s26:sab2_5vxk_b_s23,sab2_5vxk_b,100,cdr3,T,0.5404329299926758,0.28369808197021484,0.4120655059814453,0.28369808197021484,0.25673484802246094,True
sab2_5vxk_b:sab2_5vxk_b_s26:sab2_5vxk_b_s23,sab2_5vxk_b,101,cdr3,S,1.297358512878418,1.0217390060424805,1.1595487594604492,1.0217390060424805,0.2756195068359375,True
sab2_5vxk_b:sab2_5vxk_b_s26:sab2_5vxk_b_s23,sab2_5vxk_b,102,cdr3,V,-1.0627593994140625,3.0968103408813477,1.0170254707336426,0.0,4.15956974029541,False
sab2_5vxk_b:sab2_5vxk_b_s26:sab2_5vxk_b_s23,sab2_5vxk_b,103,cdr3,R,1.3338098526000977,0.7838134765625,1.0588116645812988,0.7838134765625,0.5499963760375977,True
sab2_5vxk_b:sab2_5vxk_b_s26:sab2_5vxk_b_s23,sab2_5vxk_b,104,cdr3,Q,-0.16546344757080078,-1.8466300964355469,-1.0060467720031738,0.0,1.681166648864746,True
sab2_5vxk_b:sab2_5vxk_b_s26:sab2_5vxk_b_s23,sab2_5vxk_b,105,cdr3,M,-0.09996318817138672,0.6481447219848633,0.2740907669067383,0.0,0.74810791015625,False
sab2_5vxk_b:sab2_5vxk_b_s26:sab2_5vxk_b_s23,sab2_5vxk_b,106,cdr3,C,-0.8090553283691406,-1.199540138244629,-1.0042977333068848,0.0,0.3904848098754883,True
sab2_5vxk_b:sab2_5vxk_b_s26:sab2_5vxk_b_s23,sab2_5vxk_b,107,cdr3,T,-1.1585464477539062,3.842991828918457,1.3422226905822754,0.0,5.001538276672363,False
sab2_5vxk_b:sab2_5vxk_b_s26:sab2_5vxk_b_s23,sab2_5vxk_b,108,cdr3,M,0.016655921936035156,-1.372319221496582,-0.6778316497802734,0.0,1.3889751434326172,False
sab2_5vxk_b:sab2_5vxk_b_s26:sab2_5vxk_b_s23,sab2_5vxk_b,109,cdr3,I,0.7289056777954102,-0.5873203277587891,0.07079267501831055,0.0,1.3162260055541992,False
sab2_5vxk_b:sab2_5vxk_b_s26:sab2_5vxk_b_s23,sab2_5vxk_b,111,cdr3,G,2.0070409774780273,1.3302183151245117,1.6686296463012695,1.3302183151245117,0.6768226623535156,True
sab2_5vxk_b:sab2_5vxk_b_s26:sab2_5vxk_b_s23,sab2_5vxk_b,112,cdr3,L,1.0752954483032227,0.48345470428466797,0.7793750762939453,0.48345470428466797,0.5918407440185547,True
sab2_5vxk_b:sab2_5vxk_b_s26:sab2_5vxk_b_s23,sab2_5vxk_b,113,cdr3,H,-1.1999425888061523,-0.8011579513549805,-1.0005502700805664,0.0,0.3987846374511719,True
sab2_5vxk_b:sab2_5vxk_b_s26:sab2_5vxk_b_s23,sab2_5vxk_b,115,cdr3,V,-1.3296384811401367,-0.8158073425292969,-1.0727229118347168,0.0,0.5138311386108398,True
sab2_6mqe_h:sab2_6mqe_h_s21:sab2_6mqe_h_s13,sab2_6mqe_h,30,cdr1,R,1.2821035385131836,3.1188490986824036,2.2004763185977936,1.2821035385131836,1.83674556016922,True
sab2_6mqe_h:sab2_6mqe_h_s21:sab2_6mqe_h_s13,sab2_6mqe_h,31,cdr1,D,0.4441986083984375,1.4904028177261353,0.9673007130622864,0.4441986083984375,1.0462042093276978,True
sab2_6mqe_h:sab2_6mqe_h_s21:sab2_6mqe_h_s13,sab2_6mqe_h,33,cdr1,F,0.22704315185546875,2.6703996658325195,1.4487214088439941,0.22704315185546875,2.443356513977051,True
sab2_6mqe_h:sab2_6mqe_h_s21:sab2_6mqe_h_s13,sab2_6mqe_h,34,cdr1,Y,0.5558738708496094,-1.199786901473999,-0.3219565153121948,0.0,1.7556607723236084,False
sab2_6mqe_h:sab2_6mqe_h_s21:sab2_6mqe_h_s13,sab2_6mqe_h,53,cdr2,Y,0.07465457916259766,1.1509580612182617,0.6128063201904297,0.07465457916259766,1.076303482055664,True
sab2_6mqe_h:sab2_6mqe_h_s21:sab2_6mqe_h_s13,sab2_6mqe_h,56,cdr2,S,0.7571344375610352,3.098390430212021,1.927762433886528,0.7571344375610352,2.3412559926509857,True
sab2_6mqe_h:sab2_6mqe_h_s21:sab2_6mqe_h_s13,sab2_6mqe_h,100,cdr3,R,-0.1613636016845703,-0.26502084732055664,-0.21319222450256348,0.0,0.10365724563598633,True
sab2_6mqe_h:sab2_6mqe_h_s21:sab2_6mqe_h_s13,sab2_6mqe_h,101,cdr3,A,0.3508892059326172,0.41195058822631836,0.3814198970794678,0.3508892059326172,0.06106138229370117,True
sab2_6mqe_h:sab2_6mqe_h_s21:sab2_6mqe_h_s13,sab2_6mqe_h,102,cdr3,K,-0.3023672103881836,0.10971498489379883,-0.09632611274719238,0.0,0.4120821952819824,False
sab2_6mqe_h:sab2_6mqe_h_s21:sab2_6mqe_h_s13,sab2_6mqe_h,103,cdr3,I,0.9309139251708984,0.6099607944488525,0.7704373598098755,0.6099607944488525,0.3209531307220459,True
sab2_6mqe_h:sab2_6mqe_h_s21:sab2_6mqe_h_s13,sab2_6mqe_h,105,cdr3,Y,0.3977622985839844,0.887428879737854,0.6425955891609192,0.3977622985839844,0.48966658115386963,True
sab2_6mqe_h:sab2_6mqe_h_s21:sab2_6mqe_h_s13,sab2_6mqe_h,106,cdr3,S,0.09414100646972656,-0.19769001007080078,-0.05177450180053711,0.0,0.29183101654052734,False
sab2_6mqe_h:sab2_6mqe_h_s21:sab2_6mqe_h_s13,sab2_6mqe_h,107,cdr3,A,0.5333843231201172,-1.3423490524291992,-0.404482364654541,0.0,1.8757333755493164,False
sab2_6mqe_h:sab2_6mqe_h_s21:sab2_6mqe_h_s13,sab2_6mqe_h,108,cdr3,S,0.5910120010375977,0.2245497703552246,0.40778088569641113,0.2245497703552246,0.36646223068237305,True
sab2_6mqe_h:sab2_6mqe_h_s21:sab2_6mqe_h_s13,sab2_6mqe_h,109,cdr3,Y,0.24571609497070312,0.6263632774353027,0.43603968620300293,0.24571609497070312,0.3806471824645996,True
sab2_6mqe_h:sab2_6mqe_h_s21:sab2_6mqe_h_s13,sab2_6mqe_h,111,cdr3,G,0.09698867797851562,2.586922325193882,1.3419555015861988,0.09698867797851562,2.4899336472153664,True
sab2_6mqe_h:sab2_6mqe_h_s21:sab2_6mqe_h_s13,sab2_6mqe_h,113,cdr3,R,1.479726791381836,1.6416356563568115,1.5606812238693237,1.479726791381836,0.16190886497497559,True
sab2_6mqe_h:sab2_6mqe_h_s21:sab2_6mqe_h_s13,sab2_6mqe_h,114,cdr3,I,1.2671146392822266,1.9265427589416504,1.5968286991119385,1.2671146392822266,0.6594281196594238,True
sab2_6mqe_h:sab2_6mqe_h_s21:sab2_6mqe_h_s13,sab2_6mqe_h,115,cdr3,D,0.8114099502563477,3.7935560941696167,2.302483022212982,0.8114099502563477,2.982146143913269,True
sab2_6mqe_h:sab2_6mqe_h_s21:sab2_6mqe_h_s13,sab2_6mqe_h,116,cdr3,V,-1.222757339477539,0.518500804901123,-0.352128267288208,0.0,1.741258144378662,False
sab2_6mqe_h:sab2_6mqe_h_s20:sab2_6mqe_h_s02,sab2_6mqe_h,28,cdr1,T,1.073002815246582,2.749482035636902,1.911242425441742,1.073002815246582,1.6764792203903198,True
sab2_6mqe_h:sab2_6mqe_h_s20:sab2_6mqe_h_s02,sab2_6mqe_h,30,cdr1,R,2.2618913650512695,-1.7139649391174316,0.27396321296691895,0.0,3.975856304168701,False
sab2_6mqe_h:sab2_6mqe_h_s20:sab2_6mqe_h_s02,sab2_6mqe_h,31,cdr1,D,0.40601253509521484,-0.38307416439056396,0.01146918535232544,0.0,0.7890866994857788,False
sab2_6mqe_h:sab2_6mqe_h_s20:sab2_6mqe_h_s02,sab2_6mqe_h,32,cdr1,F,0.9043521881103516,2.648646831512451,1.7764995098114014,0.9043521881103516,1.7442946434020996,True
sab2_6mqe_h:sab2_6mqe_h_s20:sab2_6mqe_h_s02,sab2_6mqe_h,34,cdr1,Y,-0.47341442108154297,-1.4400124549865723,-0.9567134380340576,0.0,0.9665980339050293,True
sab2_6mqe_h:sab2_6mqe_h_s20:sab2_6mqe_h_s02,sab2_6mqe_h,53,cdr2,Y,-1.2672243118286133,-0.9911894798278809,-1.129206895828247,0.0,0.2760348320007324,True
sab2_6mqe_h:sab2_6mqe_h_s20:sab2_6mqe_h_s02,sab2_6mqe_h,56,cdr2,S,2.0672607421875,2.308677852153778,2.187969297170639,2.0672607421875,0.24141710996627808,True
sab2_6mqe_h:sab2_6mqe_h_s20:sab2_6mqe_h_s02,sab2_6mqe_h,58,cdr2,E,1.5669498443603516,4.93346905708313,3.2502094507217407,1.5669498443603516,3.3665192127227783,True
sab2_6mqe_h:sab2_6mqe_h_s20:sab2_6mqe_h_s02,sab2_6mqe_h,100,cdr3,R,0.3902254104614258,0.6270413994789124,0.5086334049701691,0.3902254104614258,0.23681598901748657,True
sab2_6mqe_h:sab2_6mqe_h_s20:sab2_6mqe_h_s02,sab2_6mqe_h,102,cdr3,K,0.9971895217895508,-0.3045161962509155,0.3463366627693176,0.0,1.3017057180404663,False
sab2_6mqe_h:sab2_6mqe_h_s20:sab2_6mqe_h_s02,sab2_6mqe_h,103,cdr3,I,-0.1950368881225586,-2.526096820831299,-1.3605668544769287,0.0,2.3310599327087402,True
sab2_6mqe_h:sab2_6mqe_h_s20:sab2_6mqe_h_s02,sab2_6mqe_h,105,cdr3,Y,-0.19988155364990234,-2.8478074073791504,-1.5238444805145264,0.0,2.647925853729248,True
sab2_6mqe_h:sab2_6mqe_h_s20:sab2_6mqe_h_s02,sab2_6mqe_h,106,cdr3,S,0.39612770080566406,0.49506527185440063,0.44559648633003235,0.39612770080566406,0.09893757104873657,True
sab2_6mqe_h:sab2_6mqe_h_s20:sab2_6mqe_h_s02,sab2_6mqe_h,107,cdr3,A,0.54559326171875,0.9093345701694489,0.7274639159440994,0.54559326171875,0.36374130845069885,True
sab2_6mqe_h:sab2_6mqe_h_s20:sab2_6mqe_h_s02,sab2_6mqe_h,108,cdr3,S,-0.16337108612060547,-0.8050203323364258,-0.4841957092285156,0.0,0.6416492462158203,True
sab2_6mqe_h:sab2_6mqe_h_s20:sab2_6mqe_h_s02,sab2_6mqe_h,109,cdr3,Y,0.8651752471923828,3.500527858734131,2.182851552963257,0.8651752471923828,2.635352611541748,True
sab2_6mqe_h:sab2_6mqe_h_s20:sab2_6mqe_h_s02,sab2_6mqe_h,110,cdr3,S,0.17188072204589844,1.0668522119522095,0.619366466999054,0.17188072204589844,0.894971489906311,True
sab2_6mqe_h:sab2_6mqe_h_s20:sab2_6mqe_h_s02,sab2_6mqe_h,111,cdr3,G,1.2098922729492188,1.4809904098510742,1.3454413414001465,1.2098922729492188,0.27109813690185547,True
sab2_6mqe_h:sab2_6mqe_h_s20:sab2_6mqe_h_s02,sab2_6mqe_h,113,cdr3,R,0.6134061813354492,-0.550534725189209,0.03143572807312012,0.0,1.1639409065246582,False
sab2_6mqe_h:sab2_6mqe_h_s20:sab2_6mqe_h_s02,sab2_6mqe_h,114,cdr3,I,1.0725555419921875,-1.6612911224365234,-0.29436779022216797,0.0,2.733846664428711,False
sab2_6mqe_h:sab2_6mqe_h_s20:sab2_6mqe_h_s02,sab2_6mqe_h,116,cdr3,V,0.9674110412597656,1.4020218066871166,1.1847164239734411,0.9674110412597656,0.434610765427351,True
sab2_6mqe_h:sab2_6mqe_h_s15:sab2_6mqe_h_s24,sab2_6mqe_h,26,cdr1,G,-0.2511882781982422,-0.07941389083862305,-0.16530108451843262,0.0,0.17177438735961914,True
sab2_6mqe_h:sab2_6mqe_h_s15:sab2_6mqe_h_s24,sab2_6mqe_h,30,cdr1,R,1.273061752319336,2.359145402908325,1.8161035776138306,1.273061752319336,1.0860836505889893,True
sab2_6mqe_h:sab2_6mqe_h_s15:sab2_6mqe_h_s24,sab2_6mqe_h,33,cdr1,F,2.060683250427246,2.4804080724716187,2.2705456614494324,2.060683250427246,0.41972482204437256,True
sab2_6mqe_h:sab2_6mqe_h_s15:sab2_6mqe_h_s24,sab2_6mqe_h,53,cdr2,Y,-0.030463218688964844,1.7374829053878784,0.8535098433494568,0.0,1.7679461240768433,False
sab2_6mqe_h:sab2_6mqe_h_s15:sab2_6mqe_h_s24,sab2_6mqe_h,54,cdr2,S,-0.987513542175293,-0.3817319869995117,-0.6846227645874023,0.0,0.6057815551757812,True
sab2_6mqe_h:sab2_6mqe_h_s15:sab2_6mqe_h_s24,sab2_6mqe_h,99,cdr3,S,0.31572723388671875,1.2878156304359436,0.8017714321613312,0.31572723388671875,0.9720883965492249,True
sab2_6mqe_h:sab2_6mqe_h_s15:sab2_6mqe_h_s24,sab2_6mqe_h,100,cdr3,R,0.02436542510986328,0.6164102554321289,0.3203878402709961,0.02436542510986328,0.5920448303222656,True
sab2_6mqe_h:sab2_6mqe_h_s15:sab2_6mqe_h_s24,sab2_6mqe_h,103,cdr3,I,0.6084785461425781,0.6329036056995392,0.6206910759210587,0.6084785461425781,0.02442505955696106,True
sab2_6mqe_h:sab2_6mqe_h_s15:sab2_6mqe_h_s24,sab2_6mqe_h,104,cdr3,Y,-0.8451442718505859,1.1095885038375854,0.13222211599349976,0.0,1.9547327756881714,False
sab2_6mqe_h:sab2_6mqe_h_s15:sab2_6mqe_h_s24,sab2_6mqe_h,105,cdr3,Y,3.0605249404907227,2.263550639152527,2.6620377898216248,2.263550639152527,0.7969743013381958,True
sab2_6mqe_h:sab2_6mqe_h_s15:sab2_6mqe_h_s24,sab2_6mqe_h,106,cdr3,S,-1.3237323760986328,-3.3482327461242676,-2.33598256111145,0.0,2.0245003700256348,True
sab2_6mqe_h:sab2_6mqe_h_s15:sab2_6mqe_h_s24,sab2_6mqe_h,107,cdr3,A,0.6976242065429688,1.156845137476921,0.9272346720099449,0.6976242065429688,0.45922093093395233,True
sab2_6mqe_h:sab2_6mqe_h_s15:sab2_6mqe_h_s24,sab2_6mqe_h,108,cdr3,S,1.381678581237793,2.7152533531188965,2.0484659671783447,1.381678581237793,1.3335747718811035,True
sab2_6mqe_h:sab2_6mqe_h_s15:sab2_6mqe_h_s24,sab2_6mqe_h,109,cdr3,Y,-0.8785867691040039,-0.9501991271972656,-0.9143929481506348,0.0,0.07161235809326172,True
sab2_6mqe_h:sab2_6mqe_h_s15:sab2_6mqe_h_s24,sab2_6mqe_h,110,cdr3,S,-0.5935897827148438,-0.797778844833374,-0.6956843137741089,0.0,0.20418906211853027,True
sab2_6mqe_h:sab2_6mqe_h_s15:sab2_6mqe_h_s24,sab2_6mqe_h,113,cdr3,R,-0.8841590881347656,-1.887251853942871,-1.3857054710388184,0.0,1.0030927658081055,True
sab2_6mqe_h:sab2_6mqe_h_s15:sab2_6mqe_h_s24,sab2_6mqe_h,114,cdr3,I,-2.382936477661133,-2.101442337036133,-2.242189407348633,0.0,0.281494140625,True
sab2_6mqe_h:sab2_6mqe_h_s15:sab2_6mqe_h_s24,sab2_6mqe_h,115,cdr3,D,3.435123920440674,4.567729711532593,4.001426815986633,3.435123920440674,1.132605791091919,True
sab2_6mqe_h:sab2_6mqe_h_s15:sab2_6mqe_h_s24,sab2_6mqe_h,116,cdr3,V,-0.9670925140380859,-0.11888909339904785,-0.5429908037185669,0.0,0.8482034206390381,True
sab2_6mqe_h:sab2_6mqe_h_s07:sab2_6mqe_h_s00,sab2_6mqe_h,26,cdr1,G,-1.8298311233520508,1.5645006597042084,-0.1326652318239212,0.0,3.394331783056259,False
sab2_6mqe_h:sab2_6mqe_h_s07:sab2_6mqe_h_s00,sab2_6mqe_h,27,cdr1,S,3.3732314109802246,0.8730482757091522,2.1231398433446884,0.8730482757091522,2.5001831352710724,True
sab2_6mqe_h:sab2_6mqe_h_s07:sab2_6mqe_h_s00,sab2_6mqe_h,30,cdr1,R,1.725764274597168,2.447065681219101,2.0864149779081345,1.725764274597168,0.721301406621933,True
sab2_6mqe_h:sab2_6mqe_h_s07:sab2_6mqe_h_s00,sab2_6mqe_h,31,cdr1,D,4.242284774780273,1.818043440580368,3.0301641076803207,1.818043440580368,2.4242413341999054,True
sab2_6mqe_h:sab2_6mqe_h_s07:sab2_6mqe_h_s00,sab2_6mqe_h,53,cdr2,Y,0.6219186782836914,-4.9609624445438385,-2.1695218831300735,0.0,5.58288112282753,False
sab2_6mqe_h:sab2_6mqe_h_s07:sab2_6mqe_h_s00,sab2_6mqe_h,54,cdr2,S,-1.412703514099121,-0.8865375816822052,-1.1496205478906631,0.0,0.5261659324169159,True
sab2_6mqe_h:sab2_6mqe_h_s07:sab2_6mqe_h_s00,sab2_6mqe_h,55,cdr2,N,0.05591297149658203,0.442418709397316,0.249165840446949,0.05591297149658203,0.38650573790073395,True
sab2_6mqe_h:sab2_6mqe_h_s07:sab2_6mqe_h_s00,sab2_6mqe_h,56,cdr2,S,-1.1163129806518555,0.909206360578537,-0.10355331003665924,0.0,2.0255193412303925,False
sab2_6mqe_h:sab2_6mqe_h_s07:sab2_6mqe_h_s00,sab2_6mqe_h,58,cdr2,E,-0.40462398529052734,-0.7886513769626617,-0.5966376811265945,0.0,0.3840273916721344,True
sab2_6mqe_h:sab2_6mqe_h_s07:sab2_6mqe_h_s00,sab2_6mqe_h,100,cdr3,R,-1.909743309020996,-1.5448903143405914,-1.7273168116807938,0.0,0.36485299468040466,True
sab2_6mqe_h:sab2_6mqe_h_s07:sab2_6mqe_h_s00,sab2_6mqe_h,101,cdr3,A,0.18500995635986328,-0.13938939571380615,0.022810280323028564,0.0,0.32439935207366943,False
sab2_6mqe_h:sab2_6mqe_h_s07:sab2_6mqe_h_s00,sab2_6mqe_h,102,cdr3,K,-0.37852001190185547,4.168609946966171,1.895044967532158,0.0,4.547129958868027,False
sab2_6mqe_h:sab2_6mqe_h_s07:sab2_6mqe_h_s00,sab2_6mqe_h,103,cdr3,I,1.5859794616699219,0.06674396991729736,0.8263617157936096,0.06674396991729736,1.5192354917526245,True
sab2_6mqe_h:sab2_6mqe_h_s07:sab2_6mqe_h_s00,sab2_6mqe_h,104,cdr3,Y,-1.3464117050170898,-0.039555519819259644,-0.6929836124181747,0.0,1.3068561851978302,True
sab2_6mqe_h:sab2_6mqe_h_s07:sab2_6mqe_h_s00,sab2_6mqe_h,106,cdr3,S,-2.6977033615112305,-0.6718948781490326,-1.6847991198301315,0.0,2.025808483362198,True
sab2_6mqe_h:sab2_6mqe_h_s07:sab2_6mqe_h_s00,sab2_6mqe_h,107,cdr3,A,3.852297782897949,3.007113069295883,3.429705426096916,3.007113069295883,0.845184713602066,True
sab2_6mqe_h:sab2_6mqe_h_s07:sab2_6mqe_h_s00,sab2_6mqe_h,108,cdr3,S,-1.711928367614746,-0.013401269912719727,-0.8626648187637329,0.0,1.6985270977020264,True
sab2_6mqe_h:sab2_6mqe_h_s07:sab2_6mqe_h_s00,sab2_6mqe_h,109,cdr3,Y,-1.1144723892211914,0.3060025470331311,-0.40423492109403014,0.0,1.4204749362543225,False
sab2_6mqe_h:sab2_6mqe_h_s07:sab2_6mqe_h_s00,sab2_6mqe_h,111,cdr3,G,1.3834314346313477,2.9401048123836517,2.1617681235074997,1.3834314346313477,1.556673377752304,True
sab2_6mqe_h:sab2_6mqe_h_s07:sab2_6mqe_h_s00,sab2_6mqe_h,113,cdr3,R,0.5291538238525391,0.6123329102993011,0.5707433670759201,0.5291538238525391,0.08317908644676208,True
sab2_6mqe_h:sab2_6mqe_h_s07:sab2_6mqe_h_s00,sab2_6mqe_h,114,cdr3,I,3.530270576477051,8.248935550451279,5.889603063464165,3.530270576477051,4.718664973974228,True
sab2_6mqe_h:sab2_6mqe_h_s07:sab2_6mqe_h_s00,sab2_6mqe_h,115,cdr3,D,0.3305015563964844,0.5980470478534698,0.4642743021249771,0.3305015563964844,0.2675454914569855,True
sab2_6mqe_h:sab2_6mqe_h_s01:sab2_6mqe_h_s16,sab2_6mqe_h,30,cdr1,R,3.6894149780273438,1.6280863285064697,2.6587506532669067,1.6280863285064697,2.061328649520874,True
sab2_6mqe_h:sab2_6mqe_h_s01:sab2_6mqe_h_s16,sab2_6mqe_h,31,cdr1,D,1.6387009620666504,-2.6950557231903076,-0.5281773805618286,0.0,4.333756685256958,False
sab2_6mqe_h:sab2_6mqe_h_s01:sab2_6mqe_h_s16,sab2_6mqe_h,32,cdr1,F,0.5599040985107422,-1.5842732191085815,-0.5121845602989197,0.0,2.1441773176193237,False
sab2_6mqe_h:sab2_6mqe_h_s01:sab2_6mqe_h_s16,sab2_6mqe_h,33,cdr1,F,4.537083148956299,-1.0683391988277435,1.7343719750642776,0.0,5.605422347784042,False
sab2_6mqe_h:sab2_6mqe_h_s01:sab2_6mqe_h_s16,sab2_6mqe_h,53,cdr2,Y,3.1071019172668457,4.969042062759399,4.038071990013123,3.1071019172668457,1.8619401454925537,True
sab2_6mqe_h:sab2_6mqe_h_s01:sab2_6mqe_h_s16,sab2_6mqe_h,58,cdr2,E,-0.616633415222168,-1.256769061088562,-0.936701238155365,0.0,0.640135645866394,True
sab2_6mqe_h:sab2_6mqe_h_s01:sab2_6mqe_h_s16,sab2_6mqe_h,99,cdr3,S,0.8855695724487305,-1.8782408237457275,-0.49633562564849854,0.0,2.763810396194458,False
sab2_6mqe_h:sab2_6mqe_h_s01:sab2_6mqe_h_s16,sab2_6mqe_h,101,cdr3,A,1.875563144683838,4.79023003578186,3.332896590232849,1.875563144683838,2.9146668910980225,True
sab2_6mqe_h:sab2_6mqe_h_s01:sab2_6mqe_h_s16,sab2_6mqe_h,102,cdr3,K,2.478257179260254,0.739759087562561,1.6090081334114075,0.739759087562561,1.7384980916976929,True
sab2_6mqe_h:sab2_6mqe_h_s01:sab2_6mqe_h_s16,sab2_6mqe_h,103,cdr3,I,-0.6069746017456055,-0.2966344952583313,-0.4518045485019684,0.0,0.31034010648727417,True
sab2_6mqe_h:sab2_6mqe_h_s01:sab2_6mqe_h_s16,sab2_6mqe_h,104,cdr3,Y,-0.7503175735473633,1.2594194412231445,0.2545509338378906,0.0,2.009737014770508,False
sab2_6mqe_h:sab2_6mqe_h_s01:sab2_6mqe_h_s16,sab2_6mqe_h,105,cdr3,Y,0.15769386291503906,-1.2189784049987793,-0.5306422710418701,0.0,1.3766722679138184,False
sab2_6mqe_h:sab2_6mqe_h_s01:sab2_6mqe_h_s16,sab2_6mqe_h,106,cdr3,S,3.925323486328125,-2.3275084495544434,0.7989075183868408,0.0,6.252831935882568,False
sab2_6mqe_h:sab2_6mqe_h_s01:sab2_6mqe_h_s16,sab2_6mqe_h,107,cdr3,A,0.0417022705078125,-0.1512242555618286,-0.05476099252700806,0.0,0.1929265260696411,False
sab2_6mqe_h:sab2_6mqe_h_s01:sab2_6mqe_h_s16,sab2_6mqe_h,108,cdr3,S,0.2505016326904297,0.8997364044189453,0.5751190185546875,0.2505016326904297,0.6492347717285156,True
sab2_6mqe_h:sab2_6mqe_h_s01:sab2_6mqe_h_s16,sab2_6mqe_h,109,cdr3,Y,-0.156402587890625,1.705594778060913,0.774596095085144,0.0,1.861997365951538,False
sab2_6mqe_h:sab2_6mqe_h_s01:sab2_6mqe_h_s16,sab2_6mqe_h,110,cdr3,S,0.9092187881469727,0.26552248001098633,0.5873706340789795,0.26552248001098633,0.6436963081359863,True
sab2_6mqe_h:sab2_6mqe_h_s01:sab2_6mqe_h_s16,sab2_6mqe_h,111,cdr3,G,1.7260980606079102,1.0882878303527832,1.4071929454803467,1.0882878303527832,0.637810230255127,True
sab2_6mqe_h:sab2_6mqe_h_s01:sab2_6mqe_h_s16,sab2_6mqe_h,116,cdr3,V,-1.659322738647461,-4.387437343597412,-3.0233800411224365,0.0,2.728114604949951,True
sab2_6mqe_h:sab2_6mqe_h_s17:sab2_6mqe_h_s12,sab2_6mqe_h,26,cdr1,G,0.09499359130859375,-1.2316964268684387,-0.5683514177799225,0.0,1.3266900181770325,False
sab2_6mqe_h:sab2_6mqe_h_s17:sab2_6mqe_h_s12,sab2_6mqe_h,30,cdr1,R,-0.6271839141845703,-0.29967212677001953,-0.4634280204772949,0.0,0.3275117874145508,True
sab2_6mqe_h:sab2_6mqe_h_s17:sab2_6mqe_h_s12,sab2_6mqe_h,31,cdr1,D,0.5440101623535156,1.4030616283416748,0.9735358953475952,0.5440101623535156,0.8590514659881592,True
sab2_6mqe_h:sab2_6mqe_h_s17:sab2_6mqe_h_s12,sab2_6mqe_h,32,cdr1,F,-0.4983959197998047,-1.8092845678329468,-1.1538402438163757,0.0,1.310888648033142,True
sab2_6mqe_h:sab2_6mqe_h_s17:sab2_6mqe_h_s12,sab2_6mqe_h,33,cdr1,F,3.0718441009521484,1.3137855529785156,2.192814826965332,1.3137855529785156,1.7580585479736328,True
sab2_6mqe_h:sab2_6mqe_h_s17:sab2_6mqe_h_s12,sab2_6mqe_h,34,cdr1,Y,-0.05554771423339844,-1.5420428911893396,-0.798795302711369,0.0,1.4864951769559411,True
sab2_6mqe_h:sab2_6mqe_h_s17:sab2_6mqe_h_s12,sab2_6mqe_h,53,cdr2,Y,5.8391828536987305,1.1524646282196045,3.4958237409591675,1.1524646282196045,4.686718225479126,True
sab2_6mqe_h:sab2_6mqe_h_s17:sab2_6mqe_h_s12,sab2_6mqe_h,56,cdr2,S,-3.509244918823242,-2.1994723081588745,-2.8543586134910583,0.0,1.3097726106643677,True
sab2_6mqe_h:sab2_6mqe_h_s17:sab2_6mqe_h_s12,sab2_6mqe_h,58,cdr2,E,-3.7220706939697266,-2.4200581312179565,-3.0710644125938416,0.0,1.30201256275177,True
sab2_6mqe_h:sab2_6mqe_h_s17:sab2_6mqe_h_s12,sab2_6mqe_h,99,cdr3,S,7.478513717651367,5.4968767166137695,6.487695217132568,5.4968767166137695,1.9816370010375977,True
sab2_6mqe_h:sab2_6mqe_h_s17:sab2_6mqe_h_s12,sab2_6mqe_h,101,cdr3,A,0.4718751907348633,-0.7800079584121704,-0.15406638383865356,0.0,1.2518831491470337,False
sab2_6mqe_h:sab2_6mqe_h_s17:sab2_6mqe_h_s12,sab2_6mqe_h,102,cdr3,K,0.37944698333740234,-0.8165304660797119,-0.21854174137115479,0.0,1.1959774494171143,False
sab2_6mqe_h:sab2_6mqe_h_s17:sab2_6mqe_h_s12,sab2_6mqe_h,106,cdr3,S,-0.8312950134277344,-2.106576144695282,-1.4689355790615082,0.0,1.2752811312675476,True
sab2_6mqe_h:sab2_6mqe_h_s17:sab2_6mqe_h_s12,sab2_6mqe_h,107,cdr3,A,0.34902381896972656,-1.4126600325107574,-0.5318181067705154,0.0,1.761683851480484,False
sab2_6mqe_h:sab2_6mqe_h_s17:sab2_6mqe_h_s12,sab2_6mqe_h,108,cdr3,S,-0.0963592529296875,-3.6698124408721924,-1.88308584690094,0.0,3.573453187942505,True
sab2_6mqe_h:sab2_6mqe_h_s17:sab2_6mqe_h_s12,sab2_6mqe_h,109,cdr3,Y,-0.24327468872070312,-3.748199701309204,-1.9957371950149536,0.0,3.504925012588501,True
sab2_6mqe_h:sab2_6mqe_h_s17:sab2_6mqe_h_s12,sab2_6mqe_h,112,cdr3,G,-0.028461456298828125,-3.6173653602600098,-1.822913408279419,0.0,3.5889039039611816,True
sab2_6mqe_h:sab2_6mqe_h_s17:sab2_6mqe_h_s12,sab2_6mqe_h,113,cdr3,R,2.5342540740966797,0.07965362071990967,1.3069538474082947,0.07965362071990967,2.45460045337677,True
sab2_6mqe_h:sab2_6mqe_h_s17:sab2_6mqe_h_s12,sab2_6mqe_h,114,cdr3,I,4.181418418884277,3.594010353088379,3.887714385986328,3.594010353088379,0.5874080657958984,True
sab2_6mqe_h:sab2_6mqe_h_s17:sab2_6mqe_h_s12,sab2_6mqe_h,116,cdr3,V,4.4014129638671875,5.037666320800781,4.719539642333984,4.4014129638671875,0.6362533569335938,True
sab2_6mqe_h:sab2_6mqe_h_s04:sab2_6mqe_h_s14,sab2_6mqe_h,28,cdr1,T,1.7010412216186523,-0.13738834857940674,0.7818264365196228,0.0,1.838429570198059,False
sab2_6mqe_h:sab2_6mqe_h_s04:sab2_6mqe_h_s14,sab2_6mqe_h,30,cdr1,R,-0.7463817596435547,-0.9717238545417786,-0.8590528070926666,0.0,0.22534209489822388,True
sab2_6mqe_h:sab2_6mqe_h_s04:sab2_6mqe_h_s14,sab2_6mqe_h,31,cdr1,D,0.2877359390258789,1.0577802658081055,0.6727581024169922,0.2877359390258789,0.7700443267822266,True
sab2_6mqe_h:sab2_6mqe_h_s04:sab2_6mqe_h_s14,sab2_6mqe_h,32,cdr1,F,-1.6114377975463867,-1.7119243144989014,-1.661681056022644,0.0,0.10048651695251465,True
sab2_6mqe_h:sab2_6mqe_h_s04:sab2_6mqe_h_s14,sab2_6mqe_h,34,cdr1,Y,-1.0764551162719727,-0.815813422203064,-0.9461342692375183,0.0,0.2606416940689087,True
sab2_6mqe_h:sab2_6mqe_h_s04:sab2_6mqe_h_s14,sab2_6mqe_h,53,cdr2,Y,3.817248821258545,4.19463586807251,4.005942344665527,3.817248821258545,0.37738704681396484,True
sab2_6mqe_h:sab2_6mqe_h_s04:sab2_6mqe_h_s14,sab2_6mqe_h,56,cdr2,S,4.874257326126099,-0.9542950391769409,1.9599811434745789,0.0,5.8285523653030396,False
sab2_6mqe_h:sab2_6mqe_h_s04:sab2_6mqe_h_s14,sab2_6mqe_h,58,cdr2,E,-1.433720588684082,-1.6031467020511627,-1.5184336453676224,0.0,0.1694261133670807,True
sab2_6mqe_h:sab2_6mqe_h_s04:sab2_6mqe_h_s14,sab2_6mqe_h,99,cdr3,S,3.458613872528076,5.117384433746338,4.287999153137207,3.458613872528076,1.6587705612182617,True
sab2_6mqe_h:sab2_6mqe_h_s04:sab2_6mqe_h_s14,sab2_6mqe_h,100,cdr3,R,-1.3528680801391602,0.8838009834289551,-0.23453354835510254,0.0,2.2366690635681152,False
sab2_6mqe_h:sab2_6mqe_h_s04:sab2_6mqe_h_s14,sab2_6mqe_h,101,cdr3,A,-2.018625259399414,-1.6436354294419289,-1.8311303444206715,0.0,0.3749898299574852,True
sab2_6mqe_h:sab2_6mqe_h_s04:sab2_6mqe_h_s14,sab2_6mqe_h,102,cdr3,K,-1.498215675354004,1.151127815246582,-0.17354393005371094,0.0,2.649343490600586,False
sab2_6mqe_h:sab2_6mqe_h_s04:sab2_6mqe_h_s14,sab2_6mqe_h,103,cdr3,I,0.39297962188720703,-1.8269793204963207,-0.7169998493045568,0.0,2.2199589423835278,False
sab2_6mqe_h:sab2_6mqe_h_s04:sab2_6mqe_h_s14,sab2_6mqe_h,105,cdr3,Y,1.2236342430114746,0.7485136985778809,0.9860739707946777,0.7485136985778809,0.47512054443359375,True
sab2_6mqe_h:sab2_6mqe_h_s04:sab2_6mqe_h_s14,sab2_6mqe_h,107,cdr3,A,-2.3219852447509766,-2.6441637873649597,-2.483074516057968,0.0,0.32217854261398315,True
sab2_6mqe_h:sab2_6mqe_h_s04:sab2_6mqe_h_s14,sab2_6mqe_h,108,cdr3,S,0.33603763580322266,0.2842226028442383,0.31013011932373047,0.2842226028442383,0.051815032958984375,True
sab2_6mqe_h:sab2_6mqe_h_s04:sab2_6mqe_h_s14,sab2_6mqe_h,109,cdr3,Y,0.9898242950439453,1.155470848083496,1.0726475715637207,0.9898242950439453,0.16564655303955078,True
sab2_6mqe_h:sab2_6mqe_h_s04:sab2_6mqe_h_s14,sab2_6mqe_h,110,cdr3,S,-0.5061178207397461,1.22878098487854,0.361331582069397,0.0,1.7348988056182861,False
sab2_6mqe_h:sab2_6mqe_h_s04:sab2_6mqe_h_s14,sab2_6mqe_h,112,cdr3,G,-0.38205814361572266,2.110276699066162,0.8641092777252197,0.0,2.4923348426818848,False
sab2_6mqe_h:sab2_6mqe_h_s04:sab2_6mqe_h_s14,sab2_6mqe_h,113,cdr3,R,-0.809971809387207,2.724268913269043,0.957148551940918,0.0,3.53424072265625,False
sab2_6mqe_h:sab2_6mqe_h_s04:sab2_6mqe_h_s14,sab2_6mqe_h,114,cdr3,I,0.1994037628173828,1.7857012748718262,0.9925525188446045,0.1994037628173828,1.5862975120544434,True
sab2_6mqe_h:sab2_6mqe_h_s04:sab2_6mqe_h_s14,sab2_6mqe_h,115,cdr3,D,0.2259511947631836,3.3662543296813965,1.79610276222229,0.2259511947631836,3.140303134918213,True
sab2_6mqe_h:sab2_6mqe_h_s28:sab2_6mqe_h_s18,sab2_6mqe_h,26,cdr1,G,-1.7781248092651367,-0.619525671005249,-1.1988252401351929,0.0,1.1585991382598877,True
sab2_6mqe_h:sab2_6mqe_h_s28:sab2_6mqe_h_s18,sab2_6mqe_h,30,cdr1,R,0.11988258361816406,0.9496793746948242,0.5347809791564941,0.11988258361816406,0.8297967910766602,True
sab2_6mqe_h:sab2_6mqe_h_s28:sab2_6mqe_h_s18,sab2_6mqe_h,31,cdr1,D,0.32669544219970703,1.7088379859924316,1.0177667140960693,0.32669544219970703,1.3821425437927246,True
sab2_6mqe_h:sab2_6mqe_h_s28:sab2_6mqe_h_s18,sab2_6mqe_h,33,cdr1,F,-1.386673927307129,-1.4813192486763,-1.4339965879917145,0.0,0.09464532136917114,True
sab2_6mqe_h:sab2_6mqe_h_s28:sab2_6mqe_h_s18,sab2_6mqe_h,53,cdr2,Y,-1.9115924835205078,0.03993034362792969,-0.9358310699462891,0.0,1.9515228271484375,False
sab2_6mqe_h:sab2_6mqe_h_s28:sab2_6mqe_h_s18,sab2_6mqe_h,56,cdr2,S,-1.8754310607910156,0.5789310932159424,-0.6482499837875366,0.0,2.454362154006958,False
sab2_6mqe_h:sab2_6mqe_h_s28:sab2_6mqe_h_s18,sab2_6mqe_h,58,cdr2,E,0.21758079528808594,1.1123671531677246,0.6649739742279053,0.21758079528808594,0.8947863578796387,True
sab2_6mqe_h:sab2_6mqe_h_s28:sab2_6mqe_h_s18,sab2_6mqe_h,99,cdr3,S,4.632211208343506,1.7910573482513428,3.2116342782974243,1.7910573482513428,2.841153860092163,True
sab2_6mqe_h:sab2_6mqe_h_s28:sab2_6mqe_h_s18,sab2_6mqe_h,100,cdr3,R,1.7391948699951172,3.3565216064453125,2.547858238220215,1.7391948699951172,1.6173267364501953,True
sab2_6mqe_h:sab2_6mqe_h_s28:sab2_6mqe_h_s18,sab2_6mqe_h,101,cdr3,A,-1.3794660568237305,-0.3661186695098877,-0.8727923631668091,0.0,1.0133473873138428,True
sab2_6mqe_h:sab2_6mqe_h_s28:sab2_6mqe_h_s18,sab2_6mqe_h,102,cdr3,K,-1.0623140335083008,2.078819751739502,0.5082528591156006,0.0,3.1411337852478027,False
sab2_6mqe_h:sab2_6mqe_h_s28:sab2_6mqe_h_s18,sab2_6mqe_h,103,cdr3,I,-0.6521501541137695,0.6356735229492188,-0.00823831558227539,0.0,1.2878236770629883,False
sab2_6mqe_h:sab2_6mqe_h_s28:sab2_6mqe_h_s18,sab2_6mqe_h,104,cdr3,Y,-2.9104223251342773,-4.045022487640381,-3.477722406387329,0.0,1.1346001625061035,True
sab2_6mqe_h:sab2_6mqe_h_s28:sab2_6mqe_h_s18,sab2_6mqe_h,105,cdr3,Y,0.7999334335327148,1.2706029415130615,1.0352681875228882,0.7999334335327148,0.4706695079803467,True
sab2_6mqe_h:sab2_6mqe_h_s28:sab2_6mqe_h_s18,sab2_6mqe_h,107,cdr3,A,-2.1175832748413086,0.34583091735839844,-0.8858761787414551,0.0,2.463414192199707,False
sab2_6mqe_h:sab2_6mqe_h_s28:sab2_6mqe_h_s18,sab2_6mqe_h,108,cdr3,S,-0.22913455963134766,1.318206548690796,0.5445359945297241,0.0,1.5473411083221436,False
sab2_6mqe_h:sab2_6mqe_h_s28:sab2_6mqe_h_s18,sab2_6mqe_h,109,cdr3,Y,-0.7443761825561523,-0.4537203311920166,-0.5990482568740845,0.0,0.29065585136413574,True
sab2_6mqe_h:sab2_6mqe_h_s28:sab2_6mqe_h_s18,sab2_6mqe_h,110,cdr3,S,-1.409379005432129,-0.1762068271636963,-0.7927929162979126,0.0,1.2331721782684326,True
sab2_6mqe_h:sab2_6mqe_h_s28:sab2_6mqe_h_s18,sab2_6mqe_h,111,cdr3,G,-0.6861438751220703,-1.119265615940094,-0.9027047455310822,0.0,0.4331217408180237,True
sab2_6mqe_h:sab2_6mqe_h_s28:sab2_6mqe_h_s18,sab2_6mqe_h,114,cdr3,I,4.645638465881348,0.49299001693725586,2.5693142414093018,0.49299001693725586,4.152648448944092,True
sab2_6mqe_h:sab2_6mqe_h_s28:sab2_6mqe_h_s18,sab2_6mqe_h,116,cdr3,V,11.510931968688965,3.4504151344299316,7.480673551559448,3.4504151344299316,8.060516834259033,True
sab2_6p4b_b:sab2_6p4b_b_s01:sab2_6p4b_b_s23,sab2_6p4b_b,26,cdr1,D,1.0049018859863281,6.590872526168823,3.7978872060775757,1.0049018859863281,5.585970640182495,True
sab2_6p4b_b:sab2_6p4b_b_s01:sab2_6p4b_b_s23,sab2_6p4b_b,29,cdr1,T,-0.23528766632080078,3.9679245948791504,1.8663184642791748,0.0,4.203212261199951,False
sab2_6p4b_b:sab2_6p4b_b_s01:sab2_6p4b_b_s23,sab2_6p4b_b,31,cdr1,D,0.3730497360229492,6.936060905456543,3.654555320739746,0.3730497360229492,6.563011169433594,True
sab2_6p4b_b:sab2_6p4b_b_s01:sab2_6p4b_b_s23,sab2_6p4b_b,51,cdr2,S,1.001485824584961,6.227392196655273,3.614439010620117,1.001485824584961,5.2259063720703125,True
sab2_6p4b_b:sab2_6p4b_b_s01:sab2_6p4b_b_s23,sab2_6p4b_b,53,cdr2,S,2.725895881652832,4.165684223175049,3.4457900524139404,2.725895881652832,1.4397883415222168,True
sab2_6p4b_b:sab2_6p4b_b_s01:sab2_6p4b_b_s23,sab2_6p4b_b,55,cdr2,N,-0.5727958679199219,2.110306739807129,0.7687554359436035,0.0,2.683102607727051,False
sab2_6p4b_b:sab2_6p4b_b_s01:sab2_6p4b_b_s23,sab2_6p4b_b,96,cdr3,N,4.261927604675293,8.006723642349243,6.134325623512268,4.261927604675293,3.74479603767395,True
sab2_6p4b_b:sab2_6p4b_b_s01:sab2_6p4b_b_s23,sab2_6p4b_b,97,cdr3,W,-1.2819032669067383,-0.38342761993408203,-0.8326654434204102,0.0,0.8984756469726562,True
sab2_6p4b_b:sab2_6p4b_b_s01:sab2_6p4b_b_s23,sab2_6p4b_b,98,cdr3,D,-0.5812282562255859,-2.2059574127197266,-1.3935928344726562,0.0,1.6247291564941406,True
sab2_6p4b_b:sab2_6p4b_b_s01:sab2_6p4b_b_s23,sab2_6p4b_b,99,cdr3,G,2.5957374572753906,2.172058582305908,2.3838980197906494,2.172058582305908,0.4236788749694824,True
sab2_6p4b_b:sab2_6p4b_b_s01:sab2_6p4b_b_s23,sab2_6p4b_b,100,cdr3,D,-0.3992500305175781,-1.767653465270996,-1.083451747894287,0.0,1.368403434753418,True
sab2_6p4b_b:sab2_6p4b_b_s01:sab2_6p4b_b_s23,sab2_6p4b_b,101,cdr3,Y,-0.4262714385986328,2.5980091094970703,1.0858688354492188,0.0,3.024280548095703,False
sab2_6p4b_b:sab2_6p4b_b_s31:sab2_6p4b_b_s25,sab2_6p4b_b,26,cdr1,D,0.6519556045532227,6.425012826919556,3.538484215736389,0.6519556045532227,5.773057222366333,True
sab2_6p4b_b:sab2_6p4b_b_s31:sab2_6p4b_b_s25,sab2_6p4b_b,28,cdr1,I,1.5769481658935547,-2.0968856811523438,-0.25996875762939453,0.0,3.6738338470458984,False
sab2_6p4b_b:sab2_6p4b_b_s31:sab2_6p4b_b_s25,sab2_6p4b_b,29,cdr1,T,1.260087013244629,8.472965717315674,4.866526365280151,1.260087013244629,7.212878704071045,True
sab2_6p4b_b:sab2_6p4b_b_s31:sab2_6p4b_b_s25,sab2_6p4b_b,30,cdr1,S,-0.30643558502197266,-0.3901948928833008,-0.3483152389526367,0.0,0.08375930786132812,True
sab2_6p4b_b:sab2_6p4b_b_s31:sab2_6p4b_b_s25,sab2_6p4b_b,32,cdr1,H,1.0259666442871094,2.367969512939453,1.6969680786132812,1.0259666442871094,1.3420028686523438,True
sab2_6p4b_b:sab2_6p4b_b_s31:sab2_6p4b_b_s25,sab2_6p4b_b,53,cdr2,S,3.6589441299438477,7.887889742851257,5.7734169363975525,3.6589441299438477,4.22894561290741,True
sab2_6p4b_b:sab2_6p4b_b_s31:sab2_6p4b_b_s25,sab2_6p4b_b,55,cdr2,N,0.10956192016601562,-1.4818086624145508,-0.6861233711242676,0.0,1.5913705825805664,False
sab2_6p4b_b:sab2_6p4b_b_s31:sab2_6p4b_b_s25,sab2_6p4b_b,96,cdr3,N,4.267268657684326,7.39453786611557,5.830903261899948,4.267268657684326,3.127269208431244,True
sab2_6p4b_b:sab2_6p4b_b_s31:sab2_6p4b_b_s25,sab2_6p4b_b,97,cdr3,W,-0.4443044662475586,1.2392711639404297,0.39748334884643555,0.0,1.6835756301879883,False
sab2_6p4b_b:sab2_6p4b_b_s31:sab2_6p4b_b_s25,sab2_6p4b_b,98,cdr3,D,-0.6171331405639648,1.0191221237182617,0.20099449157714844,0.0,1.6362552642822266,False
sab2_6p4b_b:sab2_6p4b_b_s31:sab2_6p4b_b_s25,sab2_6p4b_b,100,cdr3,D,-0.027024269104003906,1.7434096336364746,0.8581926822662354,0.0,1.7704339027404785,False
sab2_6p4b_b:sab2_6p4b_b_s31:sab2_6p4b_b_s25,sab2_6p4b_b,101,cdr3,Y,-0.29207706451416016,0.22720861434936523,-0.03243422508239746,0.0,0.5192856788635254,False
sab2_6p4b_b:sab2_6p4b_b_s16:sab2_6p4b_b_s14,sab2_6p4b_b,26,cdr1,D,0.3830232620239258,-0.6354780197143555,-0.12622737884521484,0.0,1.0185012817382812,False
sab2_6p4b_b:sab2_6p4b_b_s16:sab2_6p4b_b_s14,sab2_6p4b_b,28,cdr1,I,0.5602931976318359,-2.393723487854004,-0.916715145111084,0.0,2.95401668548584,False
sab2_6p4b_b:sab2_6p4b_b_s16:sab2_6p4b_b_s14,sab2_6p4b_b,30,cdr1,S,-0.564356803894043,2.5988221168518066,1.0172326564788818,0.0,3.1631789207458496,False
sab2_6p4b_b:sab2_6p4b_b_s16:sab2_6p4b_b_s14,sab2_6p4b_b,31,cdr1,D,0.019746780395507812,2.1958623230457306,1.1078045517206192,0.019746780395507812,2.176115542650223,True
sab2_6p4b_b:sab2_6p4b_b_s16:sab2_6p4b_b_s14,sab2_6p4b_b,95,cdr3,A,6.087773323059082,9.162670135498047,7.6252217292785645,6.087773323059082,3.074896812438965,True
sab2_6p4b_b:sab2_6p4b_b_s16:sab2_6p4b_b_s14,sab2_6p4b_b,96,cdr3,N,0.7655916213989258,4.219926238059998,2.4927589297294617,0.7655916213989258,3.4543346166610718,True
sab2_6p4b_b:sab2_6p4b_b_s16:sab2_6p4b_b_s14,sab2_6p4b_b,97,cdr3,W,1.1026287078857422,7.90280818939209,4.502718448638916,1.1026287078857422,6.800179481506348,True
sab2_6p4b_b:sab2_6p4b_b_s16:sab2_6p4b_b_s14,sab2_6p4b_b,98,cdr3,D,0.058338165283203125,2.5852080956101418,1.3217731304466724,0.058338165283203125,2.5268699303269386,True
sab2_6p4b_b:sab2_6p4b_b_s16:sab2_6p4b_b_s14,sab2_6p4b_b,99,cdr3,G,-0.3317527770996094,2.284578949213028,0.9764130860567093,0.0,2.6163317263126373,False
sab2_6p4b_b:sab2_6p4b_b_s13:sab2_6p4b_b_s17,sab2_6p4b_b,30,cdr1,S,1.412846565246582,0.08331501483917236,0.7480807900428772,0.08331501483917236,1.3295315504074097,True
sab2_6p4b_b:sab2_6p4b_b_s13:sab2_6p4b_b_s17,sab2_6p4b_b,31,cdr1,D,0.016890525817871094,7.225600361824036,3.6212454438209534,0.016890525817871094,7.2087098360061646,True
sab2_6p4b_b:sab2_6p4b_b_s13:sab2_6p4b_b_s17,sab2_6p4b_b,32,cdr1,H,0.07240581512451172,-0.5130106210708618,-0.22030240297317505,0.0,0.5854164361953735,False
sab2_6p4b_b:sab2_6p4b_b_s13:sab2_6p4b_b_s17,sab2_6p4b_b,53,cdr2,S,2.058600425720215,4.721751809120178,3.3901761174201965,2.058600425720215,2.6631513833999634,True
sab2_6p4b_b:sab2_6p4b_b_s13:sab2_6p4b_b_s17,sab2_6p4b_b,55,cdr2,N,-0.8719892501831055,0.44098132848739624,-0.21550396084785461,0.0,1.3129705786705017,False
sab2_6p4b_b:sab2_6p4b_b_s13:sab2_6p4b_b_s17,sab2_6p4b_b,96,cdr3,N,7.992652177810669,5.4379812479019165,6.715316712856293,5.4379812479019165,2.5546709299087524,True
sab2_6p4b_b:sab2_6p4b_b_s13:sab2_6p4b_b_s17,sab2_6p4b_b,97,cdr3,W,-2.614529609680176,-1.7179933786392212,-2.1662614941596985,0.0,0.8965362310409546,True
sab2_6p4b_b:sab2_6p4b_b_s13:sab2_6p4b_b_s17,sab2_6p4b_b,98,cdr3,D,-1.9961481094360352,-0.4805382490158081,-1.2383431792259216,0.0,1.515609860420227,True
sab2_6p4b_b:sab2_6p4b_b_s13:sab2_6p4b_b_s17,sab2_6p4b_b,99,cdr3,G,-1.9064874649047852,-2.16372549533844,-2.0351064801216125,0.0,0.2572380304336548,True
sab2_6p4b_b:sab2_6p4b_b_s13:sab2_6p4b_b_s17,sab2_6p4b_b,101,cdr3,Y,-1.3653488159179688,4.662852883338928,1.6487520337104797,0.0,6.028201699256897,False
sab2_6p4b_b:sab2_6p4b_b_s06:sab2_6p4b_b_s00,sab2_6p4b_b,26,cdr1,D,0.6254205703735352,3.1214033365249634,1.8734119534492493,0.6254205703735352,2.4959827661514282,True
sab2_6p4b_b:sab2_6p4b_b_s06:sab2_6p4b_b_s00,sab2_6p4b_b,28,cdr1,I,-0.2890787124633789,1.5681434869766235,0.6395323872566223,0.0,1.8572221994400024,False
sab2_6p4b_b:sab2_6p4b_b_s06:sab2_6p4b_b_s00,sab2_6p4b_b,30,cdr1,S,0.06970500946044922,6.3143264055252075,3.1920157074928284,0.06970500946044922,6.244621396064758,True
sab2_6p4b_b:sab2_6p4b_b_s06:sab2_6p4b_b_s00,sab2_6p4b_b,31,cdr1,D,0.25899600982666016,1.7760108709335327,1.0175034403800964,0.25899600982666016,1.5170148611068726,True
sab2_6p4b_b:sab2_6p4b_b_s06:sab2_6p4b_b_s00,sab2_6p4b_b,32,cdr1,H,-0.9315567016601562,4.7903395891189575,1.9293914437294006,0.0,5.721896290779114,False
sab2_6p4b_b:sab2_6p4b_b_s06:sab2_6p4b_b_s00,sab2_6p4b_b,53,cdr2,S,6.5872392654418945,9.992722630500793,8.289980947971344,6.5872392654418945,3.405483365058899,True
sab2_6p4b_b:sab2_6p4b_b_s06:sab2_6p4b_b_s00,sab2_6p4b_b,96,cdr3,N,-0.7339096069335938,3.131080746650696,1.198585569858551,0.0,3.8649903535842896,False
sab2_6p4b_b:sab2_6p4b_b_s06:sab2_6p4b_b_s00,sab2_6p4b_b,97,cdr3,W,-0.8774538040161133,0.42825379967689514,-0.22460000216960907,0.0,1.3057076036930084,False
sab2_6p4b_b:sab2_6p4b_b_s06:sab2_6p4b_b_s00,sab2_6p4b_b,98,cdr3,D,-2.1599225997924805,3.7714091539382935,0.8057432770729065,0.0,5.931331753730774,False
sab2_6p4b_b:sab2_6p4b_b_s06:sab2_6p4b_b_s00,sab2_6p4b_b,99,cdr3,G,1.3312368392944336,-3.203429102897644,-0.9360961318016052,0.0,4.534665942192078,False
sab2_6p4b_b:sab2_6p4b_b_s06:sab2_6p4b_b_s00,sab2_6p4b_b,100,cdr3,D,0.44003772735595703,-2.558785319328308,-1.0593737959861755,0.0,2.998823046684265,False
sab2_6p4b_b:sab2_6p4b_b_s06:sab2_6p4b_b_s00,sab2_6p4b_b,101,cdr3,Y,0.33089160919189453,-1.1552622318267822,-0.41218531131744385,0.0,1.4861538410186768,False
sab2_6p4b_b:sab2_6p4b_b_s30:sab2_6p4b_b_s28,sab2_6p4b_b,26,cdr1,D,-0.43234920501708984,1.4230798184871674,0.49536530673503876,0.0,1.8554290235042572,False
sab2_6p4b_b:sab2_6p4b_b_s30:sab2_6p4b_b_s28,sab2_6p4b_b,28,cdr1,I,-1.1076812744140625,1.8322517573833466,0.36228524148464203,0.0,2.939933031797409,False
sab2_6p4b_b:sab2_6p4b_b_s30:sab2_6p4b_b_s28,sab2_6p4b_b,29,cdr1,T,2.278125762939453,-4.727259308099747,-1.2245667725801468,0.0,7.0053850710392,False
sab2_6p4b_b:sab2_6p4b_b_s30:sab2_6p4b_b_s28,sab2_6p4b_b,30,cdr1,S,1.3326358795166016,4.382008880376816,2.8573223799467087,1.3326358795166016,3.0493730008602142,True
sab2_6p4b_b:sab2_6p4b_b_s30:sab2_6p4b_b_s28,sab2_6p4b_b,31,cdr1,D,-0.4799489974975586,-1.0780016481876373,-0.778975322842598,0.0,0.5980526506900787,True
sab2_6p4b_b:sab2_6p4b_b_s30:sab2_6p4b_b_s28,sab2_6p4b_b,32,cdr1,H,-1.1023750305175781,-2.496389538049698,-1.799382284283638,0.0,1.3940145075321198,True
sab2_6p4b_b:sab2_6p4b_b_s30:sab2_6p4b_b_s28,sab2_6p4b_b,53,cdr2,S,2.526020050048828,5.468496650457382,3.997258350253105,2.526020050048828,2.942476600408554,True
sab2_6p4b_b:sab2_6p4b_b_s30:sab2_6p4b_b_s28,sab2_6p4b_b,55,cdr2,N,0.2508096694946289,4.513338893651962,2.3820742815732956,0.2508096694946289,4.262529224157333,True
sab2_6p4b_b:sab2_6p4b_b_s30:sab2_6p4b_b_s28,sab2_6p4b_b,97,cdr3,W,2.532052993774414,1.6833990514278412,2.1077260226011276,1.6833990514278412,0.8486539423465729,True
sab2_6p4b_b:sab2_6p4b_b_s30:sab2_6p4b_b_s28,sab2_6p4b_b,99,cdr3,G,-0.771693229675293,-2.6588717997074127,-1.7152825146913528,0.0,1.8871785700321198,True
sab2_6p4b_b:sab2_6p4b_b_s30:sab2_6p4b_b_s28,sab2_6p4b_b,100,cdr3,D,1.958322525024414,0.45369595289230347,1.2060092389583588,0.45369595289230347,1.5046265721321106,True
sab2_6p4b_b:sab2_6p4b_b_s30:sab2_6p4b_b_s28,sab2_6p4b_b,101,cdr3,Y,2.1401233673095703,0.5099380314350128,1.3250306993722916,0.5099380314350128,1.6301853358745575,True
sab2_6p4b_b:sab2_6p4b_b_s22:sab2_6p4b_b_s09,sab2_6p4b_b,29,cdr1,T,1.851914405822754,4.204955916851759,3.0284351613372564,1.851914405822754,2.353041511029005,True
sab2_6p4b_b:sab2_6p4b_b_s22:sab2_6p4b_b_s09,sab2_6p4b_b,30,cdr1,S,1.2986440658569336,2.8378394655883312,2.0682417657226324,1.2986440658569336,1.5391953997313976,True
sab2_6p4b_b:sab2_6p4b_b_s22:sab2_6p4b_b_s09,sab2_6p4b_b,53,cdr2,S,-2.779224395751953,-5.429999966174364,-4.104612180963159,0.0,2.650775570422411,True
sab2_6p4b_b:sab2_6p4b_b_s22:sab2_6p4b_b_s09,sab2_6p4b_b,55,cdr2,N,0.21601200103759766,-1.7945989556610584,-0.7892934773117304,0.0,2.010610956698656,False
sab2_6p4b_b:sab2_6p4b_b_s22:sab2_6p4b_b_s09,sab2_6p4b_b,96,cdr3,N,2.8135576248168945,8.403684001415968,5.608620813116431,2.8135576248168945,5.590126376599073,True
sab2_6p4b_b:sab2_6p4b_b_s22:sab2_6p4b_b_s09,sab2_6p4b_b,97,cdr3,W,0.17439842224121094,4.466546397656202,2.3204724099487066,0.17439842224121094,4.292147975414991,True
sab2_6p4b_b:sab2_6p4b_b_s22:sab2_6p4b_b_s09,sab2_6p4b_b,98,cdr3,D,-0.6185598373413086,1.0399752669036388,0.21070771478116512,0.0,1.6585351042449474,False
sab2_6p4b_b:sab2_6p4b_b_s22:sab2_6p4b_b_s09,sab2_6p4b_b,99,cdr3,G,-0.9499855041503906,6.343137126415968,2.6965758111327887,0.0,7.293122630566359,False
sab2_6p4b_b:sab2_6p4b_b_s22:sab2_6p4b_b_s09,sab2_6p4b_b,100,cdr3,D,2.898958206176758,2.8704024367034435,2.8846803214401007,2.8704024367034435,0.028555769473314285,True
sab2_6p4b_b:sab2_6p4b_b_s22:sab2_6p4b_b_s09,sab2_6p4b_b,101,cdr3,Y,-1.3123016357421875,0.49451617524027824,-0.40889273025095463,0.0,1.8068178109824657,False
sab2_6p4b_b:sab2_6p4b_b_s12:sab2_6p4b_b_s26,sab2_6p4b_b,31,cdr1,D,0.10534191131591797,1.637551188468933,0.8714465498924255,0.10534191131591797,1.5322092771530151,True
sab2_6p4b_b:sab2_6p4b_b_s12:sab2_6p4b_b_s26,sab2_6p4b_b,32,cdr1,H,-0.1588287353515625,3.075194001197815,1.4581826329231262,0.0,3.2340227365493774,False
sab2_6p4b_b:sab2_6p4b_b_s12:sab2_6p4b_b_s26,sab2_6p4b_b,53,cdr2,S,6.220013618469238,8.26897394657135,7.244493782520294,6.220013618469238,2.048960328102112,True
sab2_6p4b_b:sab2_6p4b_b_s12:sab2_6p4b_b_s26,sab2_6p4b_b,96,cdr3,N,2.0662059783935547,1.3677810430526733,1.716993510723114,1.3677810430526733,0.6984249353408813,True
sab2_6p4b_b:sab2_6p4b_b_s12:sab2_6p4b_b_s26,sab2_6p4b_b,97,cdr3,W,0.6809873580932617,-1.4370055794715881,-0.3780091106891632,0.0,2.11799293756485,False
sab2_6p4b_b:sab2_6p4b_b_s12:sab2_6p4b_b_s26,sab2_6p4b_b,99,cdr3,G,0.7011117935180664,1.9952205419540405,1.3481661677360535,0.7011117935180664,1.2941087484359741,True
sab2_6p4b_b:sab2_6p4b_b_s12:sab2_6p4b_b_s26,sab2_6p4b_b,101,cdr3,Y,-1.5033683776855469,3.05089795589447,0.7737647891044617,0.0,4.554266333580017,False
sab2_6u52_c:sab2_6u52_c_s18:sab2_6u52_c_s29,sab2_6u52_c,26,cdr1,F,-0.8575811386108398,-0.6371431350708008,-0.7473621368408203,0.0,0.22043800354003906,True
sab2_6u52_c:sab2_6u52_c_s18:sab2_6u52_c_s29,sab2_6u52_c,27,cdr1,F,0.0004558563232421875,-0.11667346954345703,-0.05810880661010742,0.0,0.11712932586669922,False
sab2_6u52_c:sab2_6u52_c_s18:sab2_6u52_c_s29,sab2_6u52_c,30,cdr1,G,1.7287731170654297,-0.3611927032470703,0.6837902069091797,0.0,2.0899658203125,False
sab2_6u52_c:sab2_6u52_c_s18:sab2_6u52_c_s29,sab2_6u52_c,54,cdr2,R,3.0113182067871094,-0.6249704360961914,1.193173885345459,0.0,3.636288642883301,False
sab2_6u52_c:sab2_6u52_c_s18:sab2_6u52_c_s29,sab2_6u52_c,55,cdr2,T,2.296876907348633,1.8542118072509766,2.0755443572998047,1.8542118072509766,0.44266510009765625,True
sab2_6u52_c:sab2_6u52_c_s18:sab2_6u52_c_s29,sab2_6u52_c,95,cdr3,L,8.10300874710083,7.466334581375122,7.784671664237976,7.466334581375122,0.636674165725708,True
sab2_6u52_c:sab2_6u52_c_s18:sab2_6u52_c_s29,sab2_6u52_c,96,cdr3,N,-1.7093048095703125,0.8037948608398438,-0.4527549743652344,0.0,2.5130996704101562,False
sab2_6u52_c:sab2_6u52_c_s18:sab2_6u52_c_s29,sab2_6u52_c,98,cdr3,R,0.12321186065673828,0.4859037399291992,0.30455780029296875,0.12321186065673828,0.36269187927246094,True
sab2_6u52_c:sab2_6u52_c_s18:sab2_6u52_c_s29,sab2_6u52_c,99,cdr3,T,-0.24352169036865234,-0.49407100677490234,-0.36879634857177734,0.0,0.25054931640625,True
sab2_6u52_c:sab2_6u52_c_s18:sab2_6u52_c_s29,sab2_6u52_c,100,cdr3,A,2.1790170669555664,0.3632087707519531,1.2711129188537598,0.3632087707519531,1.8158082962036133,True
sab2_6u52_c:sab2_6u52_c_s18:sab2_6u52_c_s29,sab2_6u52_c,101,cdr3,V,2.3568382263183594,1.177525520324707,1.7671818733215332,1.177525520324707,1.1793127059936523,True
sab2_6u52_c:sab2_6u52_c_s18:sab2_6u52_c_s29,sab2_6u52_c,102,cdr3,A,6.357930660247803,4.000304222106934,5.179117441177368,4.000304222106934,2.357626438140869,True
sab2_6u52_c:sab2_6u52_c_s18:sab2_6u52_c_s29,sab2_6u52_c,103,cdr3,G,-0.3329191207885742,0.48706817626953125,0.07707452774047852,0.0,0.8199872970581055,False
sab2_6u52_c:sab2_6u52_c_s18:sab2_6u52_c_s29,sab2_6u52_c,104,cdr3,R,2.9925994873046875,1.5123910903930664,2.252495288848877,1.5123910903930664,1.480208396911621,True
sab2_6u52_c:sab2_6u52_c_s18:sab2_6u52_c_s29,sab2_6u52_c,106,cdr3,D,3.5682029724121094,3.2014875411987305,3.38484525680542,3.2014875411987305,0.3667154312133789,True
sab2_6u52_c:sab2_6u52_c_s28:sab2_6u52_c_s00,sab2_6u52_c,24,cdr1,G,0.07077980041503906,0.13636207580566406,0.10357093811035156,0.07077980041503906,0.065582275390625,True
sab2_6u52_c:sab2_6u52_c_s28:sab2_6u52_c_s00,sab2_6u52_c,25,cdr1,A,4.436117649078369,10.08447265625,7.260295152664185,4.436117649078369,5.648355007171631,True
sab2_6u52_c:sab2_6u52_c_s28:sab2_6u52_c_s00,sab2_6u52_c,29,cdr1,A,0.5221824645996094,1.9015989303588867,1.211890697479248,0.5221824645996094,1.3794164657592773,True
sab2_6u52_c:sab2_6u52_c_s28:sab2_6u52_c_s00,sab2_6u52_c,31,cdr1,P,-0.3492698669433594,0.46080684661865234,0.055768489837646484,0.0,0.8100767135620117,False
sab2_6u52_c:sab2_6u52_c_s28:sab2_6u52_c_s00,sab2_6u52_c,50,cdr2,S,-0.8145952224731445,4.831140518188477,2.008272647857666,0.0,5.645735740661621,False
sab2_6u52_c:sab2_6u52_c_s28:sab2_6u52_c_s00,sab2_6u52_c,54,cdr2,R,-0.11535358428955078,2.647554636001587,1.266100525856018,0.0,2.7629082202911377,False
sab2_6u52_c:sab2_6u52_c_s28:sab2_6u52_c_s00,sab2_6u52_c,97,cdr3,V,0.556300163269043,-0.14346790313720703,0.20641613006591797,0.0,0.69976806640625,False
sab2_6u52_c:sab2_6u52_c_s28:sab2_6u52_c_s00,sab2_6u52_c,98,cdr3,R,1.726888656616211,1.5292456150054932,1.628067135810852,1.5292456150054932,0.19764304161071777,True
sab2_6u52_c:sab2_6u52_c_s28:sab2_6u52_c_s00,sab2_6u52_c,99,cdr3,T,2.876941680908203,0.2869739532470703,1.5819578170776367,0.2869739532470703,2.589967727661133,True
sab2_6u52_c:sab2_6u52_c_s28:sab2_6u52_c_s00,sab2_6u52_c,100,cdr3,A,1.2220335006713867,-0.8531179428100586,0.18445777893066406,0.0,2.0751514434814453,False
sab2_6u52_c:sab2_6u52_c_s28:sab2_6u52_c_s00,sab2_6u52_c,101,cdr3,V,0.7041864395141602,-0.6485238075256348,0.027831315994262695,0.0,1.352710247039795,False
sab2_6u52_c:sab2_6u52_c_s28:sab2_6u52_c_s00,sab2_6u52_c,102,cdr3,A,2.0459461212158203,-0.6255249977111816,0.7102105617523193,0.0,2.671471118927002,False
sab2_6u52_c:sab2_6u52_c_s28:sab2_6u52_c_s00,sab2_6u52_c,103,cdr3,G,0.8697624206542969,2.155701160430908,1.5127317905426025,0.8697624206542969,1.2859387397766113,True
sab2_6u52_c:sab2_6u52_c_s28:sab2_6u52_c_s00,sab2_6u52_c,104,cdr3,R,1.7508916854858398,1.7015581130981445,1.7262248992919922,1.7015581130981445,0.04933357238769531,True
sab2_6u52_c:sab2_6u52_c_s27:sab2_6u52_c_s19,sab2_6u52_c,24,cdr1,G,3.8482370376586914,1.4664075374603271,2.6573222875595093,1.4664075374603271,2.3818295001983643,True
sab2_6u52_c:sab2_6u52_c_s27:sab2_6u52_c_s19,sab2_6u52_c,25,cdr1,A,5.194576263427734,6.524548411369324,5.859562337398529,5.194576263427734,1.3299721479415894,True
sab2_6u52_c:sab2_6u52_c_s27:sab2_6u52_c_s19,sab2_6u52_c,26,cdr1,F,1.926234245300293,-0.08396625518798828,0.9211339950561523,0.0,2.0102005004882812,False
sab2_6u52_c:sab2_6u52_c_s27:sab2_6u52_c_s19,sab2_6u52_c,28,cdr1,R,-0.9399633407592773,3.278947591781616,1.1694921255111694,0.0,4.2189109325408936,False
sab2_6u52_c:sab2_6u52_c_s27:sab2_6u52_c_s19,sab2_6u52_c,30,cdr1,G,1.2701005935668945,-0.3924717903137207,0.4388144016265869,0.0,1.6625723838806152,False
sab2_6u52_c:sab2_6u52_c_s27:sab2_6u52_c_s19,sab2_6u52_c,50,cdr2,S,0.9697809219360352,3.375683307647705,2.17273211479187,0.9697809219360352,2.40590238571167,True
sab2_6u52_c:sab2_6u52_c_s27:sab2_6u52_c_s19,sab2_6u52_c,96,cdr3,N,-0.38494873046875,2.062844753265381,0.8389480113983154,0.0,2.447793483734131,False
sab2_6u52_c:sab2_6u52_c_s27:sab2_6u52_c_s19,sab2_6u52_c,98,cdr3,R,0.055141448974609375,-0.5460753440856934,-0.245466947555542,0.0,0.6012167930603027,False
sab2_6u52_c:sab2_6u52_c_s27:sab2_6u52_c_s19,sab2_6u52_c,99,cdr3,T,-0.02707672119140625,0.23456525802612305,0.1037442684173584,0.0,0.2616419792175293,False
sab2_6u52_c:sab2_6u52_c_s27:sab2_6u52_c_s19,sab2_6u52_c,100,cdr3,A,0.33631134033203125,2.3311898708343506,1.333750605583191,0.33631134033203125,1.9948785305023193,True
sab2_6u52_c:sab2_6u52_c_s27:sab2_6u52_c_s19,sab2_6u52_c,101,cdr3,V,-2.8339967727661133,-0.9804539680480957,-1.9072253704071045,0.0,1.8535428047180176,True
sab2_6u52_c:sab2_6u52_c_s27:sab2_6u52_c_s19,sab2_6u52_c,102,cdr3,A,-2.0592422485351562,3.265382766723633,0.6030702590942383,0.0,5.324625015258789,False
sab2_6u52_c:sab2_6u52_c_s27:sab2_6u52_c_s19,sab2_6u52_c,103,cdr3,G,0.23083019256591797,1.3567934036254883,0.7938117980957031,0.23083019256591797,1.1259632110595703,True
sab2_6u52_c:sab2_6u52_c_s27:sab2_6u52_c_s19,sab2_6u52_c,104,cdr3,R,-1.8750944137573242,-0.5384793281555176,-1.206786870956421,0.0,1.3366150856018066,True
sab2_6u52_c:sab2_6u52_c_s27:sab2_6u52_c_s19,sab2_6u52_c,106,cdr3,D,2.1573896408081055,5.650361657142639,3.9038756489753723,2.1573896408081055,3.4929720163345337,True
sab2_6u52_c:sab2_6u52_c_s27:sab2_6u52_c_s19,sab2_6u52_c,107,cdr3,Y,0.10646533966064453,-0.03905630111694336,0.033704519271850586,0.0,0.1455216407775879,False
sab2_6u52_c:sab2_6u52_c_s10:sab2_6u52_c_s15,sab2_6u52_c,24,cdr1,G,0.8410310745239258,1.7531778812408447,1.2971044778823853,0.8410310745239258,0.912146806716919,True
sab2_6u52_c:sab2_6u52_c_s10:sab2_6u52_c_s15,sab2_6u52_c,25,cdr1,A,4.193007469177246,6.7255072593688965,5.459257364273071,4.193007469177246,2.5324997901916504,True
sab2_6u52_c:sab2_6u52_c_s10:sab2_6u52_c_s15,sab2_6u52_c,26,cdr1,F,-0.6220359802246094,2.693957805633545,1.0359609127044678,0.0,3.3159937858581543,False
sab2_6u52_c:sab2_6u52_c_s10:sab2_6u52_c_s15,sab2_6u52_c,29,cdr1,A,3.034567356109619,0.7284121513366699,1.8814897537231445,0.7284121513366699,2.306155204772949,True
sab2_6u52_c:sab2_6u52_c_s10:sab2_6u52_c_s15,sab2_6u52_c,30,cdr1,G,-0.08393669128417969,0.6478414535522461,0.2819523811340332,0.0,0.7317781448364258,False
sab2_6u52_c:sab2_6u52_c_s10:sab2_6u52_c_s15,sab2_6u52_c,97,cdr3,V,1.3594331741333008,-0.23249578475952148,0.5634686946868896,0.0,1.5919289588928223,False
sab2_6u52_c:sab2_6u52_c_s10:sab2_6u52_c_s15,sab2_6u52_c,98,cdr3,R,-1.2941017150878906,0.6295046806335449,-0.33229851722717285,0.0,1.9236063957214355,False
sab2_6u52_c:sab2_6u52_c_s10:sab2_6u52_c_s15,sab2_6u52_c,99,cdr3,T,1.0143775939941406,4.31323766708374,2.6638076305389404,1.0143775939941406,3.2988600730895996,True
sab2_6u52_c:sab2_6u52_c_s10:sab2_6u52_c_s15,sab2_6u52_c,100,cdr3,A,-0.3390998840332031,-0.25251078605651855,-0.29580533504486084,0.0,0.08658909797668457,True
sab2_6u52_c:sab2_6u52_c_s10:sab2_6u52_c_s15,sab2_6u52_c,104,cdr3,R,-0.22143077850341797,1.8948702812194824,0.8367197513580322,0.0,2.1163010597229004,False
sab2_6u52_c:sab2_6u52_c_s10:sab2_6u52_c_s15,sab2_6u52_c,105,cdr3,N,1.605499267578125,3.796486496925354,2.7009928822517395,1.605499267578125,2.190987229347229,True
sab2_6u52_c:sab2_6u52_c_s07:sab2_6u52_c_s11,sab2_6u52_c,25,cdr1,A,3.327688217163086,3.0984591841697693,3.2130737006664276,3.0984591841697693,0.22922903299331665,True
sab2_6u52_c:sab2_6u52_c_s07:sab2_6u52_c_s11,sab2_6u52_c,26,cdr1,F,0.2699460983276367,0.4585106372833252,0.36422836780548096,0.2699460983276367,0.18856453895568848,True
sab2_6u52_c:sab2_6u52_c_s07:sab2_6u52_c_s11,sab2_6u52_c,28,cdr1,R,-0.15565109252929688,0.4983764886856079,0.17136269807815552,0.0,0.6540275812149048,False
sab2_6u52_c:sab2_6u52_c_s07:sab2_6u52_c_s11,sab2_6u52_c,29,cdr1,A,-1.533595085144043,-1.7118229866027832,-1.622709035873413,0.0,0.17822790145874023,True
sab2_6u52_c:sab2_6u52_c_s07:sab2_6u52_c_s11,sab2_6u52_c,30,cdr1,G,0.20006370544433594,-0.061171531677246094,0.06944608688354492,0.0,0.26123523712158203,False
sab2_6u52_c:sab2_6u52_c_s07:sab2_6u52_c_s11,sab2_6u52_c,54,cdr2,R,0.6096639633178711,0.024897098541259766,0.31728053092956543,0.024897098541259766,0.5847668647766113,True
sab2_6u52_c:sab2_6u52_c_s07:sab2_6u52_c_s11,sab2_6u52_c,96,cdr3,N,-0.4335823059082031,0.6277323961257935,0.09707504510879517,0.0,1.0613147020339966,False
sab2_6u52_c:sab2_6u52_c_s07:sab2_6u52_c_s11,sab2_6u52_c,97,cdr3,V,1.0072708129882812,-0.716543436050415,0.1453636884689331,0.0,1.7238142490386963,False
sab2_6u52_c:sab2_6u52_c_s07:sab2_6u52_c_s11,sab2_6u52_c,99,cdr3,T,0.22749996185302734,-0.570690393447876,-0.17159521579742432,0.0,0.7981903553009033,False
sab2_6u52_c:sab2_6u52_c_s07:sab2_6u52_c_s11,sab2_6u52_c,100,cdr3,A,1.374323844909668,0.864495038986206,1.119409441947937,0.864495038986206,0.5098288059234619,True
sab2_6u52_c:sab2_6u52_c_s07:sab2_6u52_c_s11,sab2_6u52_c,101,cdr3,V,-0.027894973754882812,-2.7222719192504883,-1.3750834465026855,0.0,2.6943769454956055,True
sab2_6u52_c:sab2_6u52_c_s07:sab2_6u52_c_s11,sab2_6u52_c,102,cdr3,A,0.8737010955810547,4.2700008153915405,2.5718509554862976,0.8737010955810547,3.396299719810486,True
sab2_6u52_c:sab2_6u52_c_s07:sab2_6u52_c_s11,sab2_6u52_c,103,cdr3,G,-0.5517721176147461,0.3904764652252197,-0.08064782619476318,0.0,0.9422485828399658,False
sab2_6u52_c:sab2_6u52_c_s07:sab2_6u52_c_s11,sab2_6u52_c,105,cdr3,N,2.4248266220092773,7.145557403564453,4.785192012786865,2.4248266220092773,4.720730781555176,True
sab2_6u52_c:sab2_6u52_c_s07:sab2_6u52_c_s11,sab2_6u52_c,106,cdr3,D,0.1393728256225586,2.411193748237565,1.2752832869300619,0.1393728256225586,2.2718209226150066,True
sab2_6u52_c:sab2_6u52_c_s20:sab2_6u52_c_s04,sab2_6u52_c,26,cdr1,F,-0.07346820831298828,-0.7707618474960327,-0.4221150279045105,0.0,0.6972936391830444,True
sab2_6u52_c:sab2_6u52_c_s20:sab2_6u52_c_s04,sab2_6u52_c,29,cdr1,A,0.8217267990112305,0.5205374956130981,0.6711321473121643,0.5205374956130981,0.3011893033981323,True
sab2_6u52_c:sab2_6u52_c_s20:sab2_6u52_c_s04,sab2_6u52_c,31,cdr1,P,-0.22228050231933594,-1.0121861696243286,-0.6172333359718323,0.0,0.7899056673049927,True
sab2_6u52_c:sab2_6u52_c_s20:sab2_6u52_c_s04,sab2_6u52_c,54,cdr2,R,2.189502716064453,1.9682961702346802,2.0788994431495667,1.9682961702346802,0.22120654582977295,True
sab2_6u52_c:sab2_6u52_c_s20:sab2_6u52_c_s04,sab2_6u52_c,96,cdr3,N,-1.2051286697387695,1.5267540961503983,0.16081271320581436,0.0,2.731882765889168,False
sab2_6u52_c:sab2_6u52_c_s20:sab2_6u52_c_s04,sab2_6u52_c,97,cdr3,V,-1.4674224853515625,-1.2827545404434204,-1.3750885128974915,0.0,0.1846679449081421,True
sab2_6u52_c:sab2_6u52_c_s20:sab2_6u52_c_s04,sab2_6u52_c,98,cdr3,R,-0.8915910720825195,0.08784401416778564,-0.40187352895736694,0.0,0.9794350862503052,False
sab2_6u52_c:sab2_6u52_c_s20:sab2_6u52_c_s04,sab2_6u52_c,99,cdr3,T,-1.6336183547973633,-2.048202157020569,-1.840910255908966,0.0,0.41458380222320557,True
sab2_6u52_c:sab2_6u52_c_s20:sab2_6u52_c_s04,sab2_6u52_c,100,cdr3,A,-0.5187969207763672,-0.5858842134475708,-0.552340567111969,0.0,0.06708729267120361,True
sab2_6u52_c:sab2_6u52_c_s20:sab2_6u52_c_s04,sab2_6u52_c,101,cdr3,V,0.22414016723632812,0.6307331323623657,0.4274366497993469,0.22414016723632812,0.4065929651260376,True
sab2_6u52_c:sab2_6u52_c_s20:sab2_6u52_c_s04,sab2_6u52_c,102,cdr3,A,4.001874923706055,0.08284270763397217,2.0423588156700134,0.08284270763397217,3.9190322160720825,True
sab2_6u52_c:sab2_6u52_c_s20:sab2_6u52_c_s04,sab2_6u52_c,103,cdr3,G,-0.4408597946166992,1.4181433022022247,0.48864175379276276,0.0,1.859003096818924,False
sab2_6u52_c:sab2_6u52_c_s20:sab2_6u52_c_s04,sab2_6u52_c,104,cdr3,R,0.7047033309936523,1.8463119268417358,1.275507628917694,0.7047033309936523,1.1416085958480835,True
sab2_6u52_c:sab2_6u52_c_s20:sab2_6u52_c_s04,sab2_6u52_c,106,cdr3,D,1.1706123352050781,3.8435510396957397,2.507081687450409,1.1706123352050781,2.6729387044906616,True
sab2_6u52_c:sab2_6u52_c_s13:sab2_6u52_c_s12,sab2_6u52_c,27,cdr1,F,-1.1231613159179688,-1.2208271026611328,-1.1719942092895508,0.0,0.09766578674316406,True
sab2_6u52_c:sab2_6u52_c_s13:sab2_6u52_c_s12,sab2_6u52_c,29,cdr1,A,-1.094639778137207,-1.6891186237335205,-1.3918792009353638,0.0,0.5944788455963135,True
sab2_6u52_c:sab2_6u52_c_s13:sab2_6u52_c_s12,sab2_6u52_c,50,cdr2,S,5.175074100494385,4.414485216140747,4.794779658317566,4.414485216140747,0.7605888843536377,True
sab2_6u52_c:sab2_6u52_c_s13:sab2_6u52_c_s12,sab2_6u52_c,98,cdr3,R,-0.8392677307128906,-0.07684135437011719,-0.4580545425415039,0.0,0.7624263763427734,True
sab2_6u52_c:sab2_6u52_c_s13:sab2_6u52_c_s12,sab2_6u52_c,99,cdr3,T,1.0372543334960938,-0.14414477348327637,0.4465547800064087,0.0,1.1813991069793701,False
sab2_6u52_c:sab2_6u52_c_s13:sab2_6u52_c_s12,sab2_6u52_c,102,cdr3,A,4.8613457679748535,6.668134450912476,5.7647401094436646,4.8613457679748535,1.806788682937622,True
sab2_6u52_c:sab2_6u52_c_s13:sab2_6u52_c_s12,sab2_6u52_c,104,cdr3,R,1.3875370025634766,-0.13385009765625,0.6268434524536133,0.0,1.5213871002197266,False
sab2_6u52_c:sab2_6u52_c_s13:sab2_6u52_c_s12,sab2_6u52_c,105,cdr3,N,3.4464645385742188,3.958726644515991,3.702595591545105,3.4464645385742188,0.5122621059417725,True
sab2_6u52_c:sab2_6u52_c_s22:sab2_6u52_c_s31,sab2_6u52_c,24,cdr1,G,2.653843402862549,3.7709214091300964,3.2123824059963226,2.653843402862549,1.1170780062675476,True
sab2_6u52_c:sab2_6u52_c_s22:sab2_6u52_c_s31,sab2_6u52_c,25,cdr1,A,4.138096809387207,7.945606887340546,6.041851848363876,4.138096809387207,3.8075100779533386,True
sab2_6u52_c:sab2_6u52_c_s22:sab2_6u52_c_s31,sab2_6u52_c,26,cdr1,F,1.0180177688598633,-1.4403846859931946,-0.21118345856666565,0.0,2.458402454853058,False
sab2_6u52_c:sab2_6u52_c_s22:sab2_6u52_c_s31,sab2_6u52_c,27,cdr1,F,-0.9284477233886719,-0.6771236062049866,-0.8027856647968292,0.0,0.2513241171836853,True
sab2_6u52_c:sab2_6u52_c_s22:sab2_6u52_c_s31,sab2_6u52_c,29,cdr1,A,4.824639320373535,0.1539974808692932,2.489318400621414,0.1539974808692932,4.670641839504242,True
sab2_6u52_c:sab2_6u52_c_s22:sab2_6u52_c_s31,sab2_6u52_c,30,cdr1,G,1.4316906929016113,-2.1160324215888977,-0.3421708643436432,0.0,3.547723114490509,False
sab2_6u52_c:sab2_6u52_c_s22:sab2_6u52_c_s31,sab2_6u52_c,49,cdr2,I,4.70538330078125,-5.511263191699982,-0.40293994545936584,0.0,10.216646492481232,False
sab2_6u52_c:sab2_6u52_c_s22:sab2_6u52_c_s31,sab2_6u52_c,50,cdr2,S,1.8001866340637207,-0.08147025108337402,0.8593581914901733,0.0,1.8816568851470947,False
sab2_6u52_c:sab2_6u52_c_s22:sab2_6u52_c_s31,sab2_6u52_c,52,cdr2,N,-0.9786043167114258,0.3688147962093353,-0.3048947602510452,0.0,1.347419112920761,False
sab2_6u52_c:sab2_6u52_c_s22:sab2_6u52_c_s31,sab2_6u52_c,54,cdr2,R,0.13522720336914062,0.8447110056877136,0.4899691045284271,0.13522720336914062,0.709483802318573,True
sab2_6u52_c:sab2_6u52_c_s22:sab2_6u52_c_s31,sab2_6u52_c,95,cdr3,L,4.585666656494141,5.279118239879608,4.932392448186874,4.585666656494141,0.6934515833854675,True
sab2_6u52_c:sab2_6u52_c_s22:sab2_6u52_c_s31,sab2_6u52_c,96,cdr3,N,-1.2313098907470703,-0.7799989581108093,-1.0056544244289398,0.0,0.451310932636261,True
sab2_6u52_c:sab2_6u52_c_s22:sab2_6u52_c_s31,sab2_6u52_c,97,cdr3,V,0.8014593124389648,-3.523766815662384,-1.3611537516117096,0.0,4.325226128101349,False
sab2_6u52_c:sab2_6u52_c_s22:sab2_6u52_c_s31,sab2_6u52_c,99,cdr3,T,-0.17040729522705078,1.1737526059150696,0.5016726553440094,0.0,1.3441599011421204,False
sab2_6u52_c:sab2_6u52_c_s22:sab2_6u52_c_s31,sab2_6u52_c,100,cdr3,A,-1.8243522644042969,-0.4529520869255066,-1.1386521756649017,0.0,1.3714001774787903,True
sab2_6u52_c:sab2_6u52_c_s22:sab2_6u52_c_s31,sab2_6u52_c,101,cdr3,V,-0.7420072555541992,0.7598630040884018,0.008927874267101288,0.0,1.501870259642601,False
sab2_6u52_c:sab2_6u52_c_s22:sab2_6u52_c_s31,sab2_6u52_c,102,cdr3,A,-2.764455795288086,-2.434904158115387,-2.5996799767017365,0.0,0.329551637172699,True
sab2_6u52_c:sab2_6u52_c_s22:sab2_6u52_c_s31,sab2_6u52_c,103,cdr3,G,-2.0199289321899414,-0.7441635727882385,-1.38204625248909,0.0,1.2757653594017029,True
sab2_6u52_c:sab2_6u52_c_s22:sab2_6u52_c_s31,sab2_6u52_c,104,cdr3,R,-0.5348348617553711,-1.6337547898292542,-1.0842948257923126,0.0,1.098919928073883,True
sab2_7jkt_h:sab2_7jkt_h_s20:sab2_7jkt_h_s11,sab2_7jkt_h,26,cdr1,Y,-1.0212087631225586,-0.15695571899414062,-0.5890822410583496,0.0,0.864253044128418,True
sab2_7jkt_h:sab2_7jkt_h_s20:sab2_7jkt_h_s11,sab2_7jkt_h,27,cdr1,S,0.994300365447998,0.6848020553588867,0.8395512104034424,0.6848020553588867,0.30949831008911133,True
sab2_7jkt_h:sab2_7jkt_h_s20:sab2_7jkt_h_s11,sab2_7jkt_h,32,cdr1,F,4.998838663101196,4.480767726898193,4.739803194999695,4.480767726898193,0.5180709362030029,True
sab2_7jkt_h:sab2_7jkt_h_s20:sab2_7jkt_h_s11,sab2_7jkt_h,51,cdr2,N,1.33642578125,2.570712089538574,1.953568935394287,1.33642578125,1.2342863082885742,True
sab2_7jkt_h:sab2_7jkt_h_s20:sab2_7jkt_h_s11,sab2_7jkt_h,52,cdr2,P,1.161214828491211,2.7338361740112305,1.9475255012512207,1.161214828491211,1.5726213455200195,True
sab2_7jkt_h:sab2_7jkt_h_s20:sab2_7jkt_h_s11,sab2_7jkt_h,53,cdr2,I,0.7018275260925293,1.0289812088012695,0.8654043674468994,0.7018275260925293,0.32715368270874023,True
sab2_7jkt_h:sab2_7jkt_h_s20:sab2_7jkt_h_s11,sab2_7jkt_h,54,cdr2,F,-0.019782066345214844,4.048880577087402,2.0145492553710938,0.0,4.068662643432617,False
sab2_7jkt_h:sab2_7jkt_h_s20:sab2_7jkt_h_s11,sab2_7jkt_h,55,cdr2,G,-0.45497989654541016,1.4415349960327148,0.49327754974365234,0.0,1.896514892578125,False
sab2_7jkt_h:sab2_7jkt_h_s20:sab2_7jkt_h_s11,sab2_7jkt_h,56,cdr2,A,0.9938845634460449,0.1782979965209961,0.5860912799835205,0.1782979965209961,0.8155865669250488,True
sab2_7jkt_h:sab2_7jkt_h_s20:sab2_7jkt_h_s11,sab2_7jkt_h,99,cdr3,R,3.341172218322754,0.4614877700805664,1.9013299942016602,0.4614877700805664,2.8796844482421875,True
sab2_7jkt_h:sab2_7jkt_h_s20:sab2_7jkt_h_s11,sab2_7jkt_h,100,cdr3,V,-0.8571100234985352,0.6621026992797852,-0.097503662109375,0.0,1.5192127227783203,False
sab2_7jkt_h:sab2_7jkt_h_s20:sab2_7jkt_h_s11,sab2_7jkt_h,101,cdr3,Y,0.5429496765136719,-0.052834510803222656,0.2450575828552246,0.0,0.5957841873168945,False
sab2_7jkt_h:sab2_7jkt_h_s20:sab2_7jkt_h_s11,sab2_7jkt_h,104,cdr3,Y,-1.0531139373779297,0.5377798080444336,-0.25766706466674805,0.0,1.5908937454223633,False
sab2_7jkt_h:sab2_7jkt_h_s20:sab2_7jkt_h_s11,sab2_7jkt_h,105,cdr3,D,0.056006431579589844,-0.9955892562866211,-0.4697914123535156,0.0,1.051595687866211,False
sab2_7jkt_h:sab2_7jkt_h_s20:sab2_7jkt_h_s11,sab2_7jkt_h,107,cdr3,D,-0.08889961242675781,0.010781288146972656,-0.03905916213989258,0.0,0.09968090057373047,False
sab2_7jkt_h:sab2_7jkt_h_s20:sab2_7jkt_h_s11,sab2_7jkt_h,108,cdr3,W,5.564098596572876,3.21256160736084,4.388330101966858,3.21256160736084,2.351536989212036,True
sab2_7jkt_h:sab2_7jkt_h_s09:sab2_7jkt_h_s04,sab2_7jkt_h,25,cdr1,G,-1.873323917388916,-0.3968629837036133,-1.1350934505462646,0.0,1.4764609336853027,True
sab2_7jkt_h:sab2_7jkt_h_s09:sab2_7jkt_h_s04,sab2_7jkt_h,26,cdr1,Y,2.5597071647644043,-0.8059625625610352,0.8768723011016846,0.0,3.3656697273254395,False
sab2_7jkt_h:sab2_7jkt_h_s09:sab2_7jkt_h_s04,sab2_7jkt_h,32,cdr1,F,3.06227445602417,1.2402944564819336,2.1512844562530518,1.2402944564819336,1.8219799995422363,True
sab2_7jkt_h:sab2_7jkt_h_s09:sab2_7jkt_h_s04,sab2_7jkt_h,51,cdr2,N,1.5805749893188477,1.9468860626220703,1.763730525970459,1.5805749893188477,0.36631107330322266,True
sab2_7jkt_h:sab2_7jkt_h_s09:sab2_7jkt_h_s04,sab2_7jkt_h,52,cdr2,P,1.8638296127319336,4.035984516143799,2.949907064437866,1.8638296127319336,2.1721549034118652,True
sab2_7jkt_h:sab2_7jkt_h_s09:sab2_7jkt_h_s04,sab2_7jkt_h,53,cdr2,I,-0.7306962013244629,-1.709183692932129,-1.219939947128296,0.0,0.978487491607666,True
sab2_7jkt_h:sab2_7jkt_h_s09:sab2_7jkt_h_s04,sab2_7jkt_h,54,cdr2,F,2.5349228382110596,5.311535835266113,3.9232293367385864,2.5349228382110596,2.7766129970550537,True
sab2_7jkt_h:sab2_7jkt_h_s09:sab2_7jkt_h_s04,sab2_7jkt_h,55,cdr2,G,0.24843120574951172,2.817697525024414,1.533064365386963,0.24843120574951172,2.5692663192749023,True
sab2_7jkt_h:sab2_7jkt_h_s09:sab2_7jkt_h_s04,sab2_7jkt_h,56,cdr2,A,2.7583351135253906,2.5408687591552734,2.649601936340332,2.5408687591552734,0.2174663543701172,True
sab2_7jkt_h:sab2_7jkt_h_s09:sab2_7jkt_h_s04,sab2_7jkt_h,97,cdr3,R,4.412920594215393,4.269996643066406,4.3414586186409,4.269996643066406,0.14292395114898682,True
sab2_7jkt_h:sab2_7jkt_h_s09:sab2_7jkt_h_s04,sab2_7jkt_h,99,cdr3,R,-2.0551528930664062,-1.1973190307617188,-1.6262359619140625,0.0,0.8578338623046875,True
sab2_7jkt_h:sab2_7jkt_h_s09:sab2_7jkt_h_s04,sab2_7jkt_h,100,cdr3,V,-2.78304386138916,0.4720878601074219,-1.1554780006408691,0.0,3.255131721496582,False
sab2_7jkt_h:sab2_7jkt_h_s09:sab2_7jkt_h_s04,sab2_7jkt_h,101,cdr3,Y,-2.593104362487793,0.052046775817871094,-1.270528793334961,0.0,2.645151138305664,False
sab2_7jkt_h:sab2_7jkt_h_s09:sab2_7jkt_h_s04,sab2_7jkt_h,103,cdr3,E,-3.3961944580078125,1.031062126159668,-1.1825661659240723,0.0,4.4272565841674805,False
sab2_7jkt_h:sab2_7jkt_h_s09:sab2_7jkt_h_s04,sab2_7jkt_h,104,cdr3,Y,-2.097714424133301,1.034494400024414,-0.5316100120544434,0.0,3.132208824157715,False
sab2_7jkt_h:sab2_7jkt_h_s09:sab2_7jkt_h_s04,sab2_7jkt_h,107,cdr3,D,-1.4435367584228516,-0.8849306106567383,-1.164233684539795,0.0,0.5586061477661133,True
sab2_7jkt_h:sab2_7jkt_h_s09:sab2_7jkt_h_s04,sab2_7jkt_h,109,cdr3,A,0.7673349380493164,-0.7757034301757812,-0.004184246063232422,0.0,1.5430383682250977,False
sab2_7jkt_h:sab2_7jkt_h_s02:sab2_7jkt_h_s23,sab2_7jkt_h,26,cdr1,Y,6.1660075187683105,2.89811372756958,4.532060623168945,2.89811372756958,3.2678937911987305,True
sab2_7jkt_h:sab2_7jkt_h_s02:sab2_7jkt_h_s23,sab2_7jkt_h,31,cdr1,F,0.7558801174163818,2.2145071029663086,1.4851936101913452,0.7558801174163818,1.4586269855499268,True
sab2_7jkt_h:sab2_7jkt_h_s02:sab2_7jkt_h_s23,sab2_7jkt_h,32,cdr1,F,3.0245015621185303,0.9900479316711426,2.0072747468948364,0.9900479316711426,2.0344536304473877,True
sab2_7jkt_h:sab2_7jkt_h_s02:sab2_7jkt_h_s23,sab2_7jkt_h,51,cdr2,N,-4.3222880363464355,0.18004894256591797,-2.071119546890259,0.0,4.5023369789123535,False
sab2_7jkt_h:sab2_7jkt_h_s02:sab2_7jkt_h_s23,sab2_7jkt_h,52,cdr2,P,-5.003855228424072,0.7515020370483398,-2.126176595687866,0.0,5.755357265472412,False
sab2_7jkt_h:sab2_7jkt_h_s02:sab2_7jkt_h_s23,sab2_7jkt_h,53,cdr2,I,3.3336047530174255,2.763751983642578,3.048678368330002,2.763751983642578,0.5698527693748474,True
sab2_7jkt_h:sab2_7jkt_h_s02:sab2_7jkt_h_s23,sab2_7jkt_h,54,cdr2,F,-5.730286121368408,-0.2994117736816406,-3.0148489475250244,0.0,5.430874347686768,True
sab2_7jkt_h:sab2_7jkt_h_s02:sab2_7jkt_h_s23,sab2_7jkt_h,55,cdr2,G,-3.1486573219299316,2.8397769927978516,-0.15444016456604004,0.0,5.988434314727783,False
sab2_7jkt_h:sab2_7jkt_h_s02:sab2_7jkt_h_s23,sab2_7jkt_h,56,cdr2,A,-2.8501315116882324,2.3191986083984375,-0.26546645164489746,0.0,5.16933012008667,False
sab2_7jkt_h:sab2_7jkt_h_s02:sab2_7jkt_h_s23,sab2_7jkt_h,57,cdr2,V,-2.1835684776306152,3.005964756011963,0.41119813919067383,0.0,5.189533233642578,False
sab2_7jkt_h:sab2_7jkt_h_s02:sab2_7jkt_h_s23,sab2_7jkt_h,97,cdr3,R,5.605973958969116,10.587160468101501,8.096567213535309,5.605973958969116,4.981186509132385,True
sab2_7jkt_h:sab2_7jkt_h_s02:sab2_7jkt_h_s23,sab2_7jkt_h,98,cdr3,K,-3.0060067176818848,0.7923436164855957,-1.1068315505981445,0.0,3.7983503341674805,False
sab2_7jkt_h:sab2_7jkt_h_s02:sab2_7jkt_h_s23,sab2_7jkt_h,99,cdr3,R,-3.4334397315979004,-1.6486015319824219,-2.541020631790161,0.0,1.7848381996154785,True
sab2_7jkt_h:sab2_7jkt_h_s02:sab2_7jkt_h_s23,sab2_7jkt_h,100,cdr3,V,0.07870173454284668,-1.166952133178711,-0.5441251993179321,0.0,1.2456538677215576,False
sab2_7jkt_h:sab2_7jkt_h_s02:sab2_7jkt_h_s23,sab2_7jkt_h,103,cdr3,E,2.488606095314026,0.8335328102111816,1.6610694527626038,0.8335328102111816,1.6550732851028442,True
sab2_7jkt_h:sab2_7jkt_h_s02:sab2_7jkt_h_s23,sab2_7jkt_h,104,cdr3,Y,1.298065185546875,-1.2302770614624023,0.03389406204223633,0.0,2.5283422470092773,False
sab2_7jkt_h:sab2_7jkt_h_s02:sab2_7jkt_h_s23,sab2_7jkt_h,109,cdr3,A,5.132664680480957,2.4683666229248047,3.800515651702881,2.4683666229248047,2.6642980575561523,True
sab2_7jkt_h:sab2_7jkt_h_s16:sab2_7jkt_h_s12,sab2_7jkt_h,32,cdr1,F,4.3064141273498535,3.739450454711914,4.022932291030884,3.739450454711914,0.5669636726379395,True
sab2_7jkt_h:sab2_7jkt_h_s16:sab2_7jkt_h_s12,sab2_7jkt_h,51,cdr2,N,7.601738929748535,1.558669090270996,4.580204010009766,1.558669090270996,6.043069839477539,True
sab2_7jkt_h:sab2_7jkt_h_s16:sab2_7jkt_h_s12,sab2_7jkt_h,56,cdr2,A,-0.21848654747009277,-2.3379011154174805,-1.2781938314437866,0.0,2.1194145679473877,True
sab2_7jkt_h:sab2_7jkt_h_s16:sab2_7jkt_h_s12,sab2_7jkt_h,100,cdr3,V,-0.20790815353393555,-0.033204078674316406,-0.12055611610412598,0.0,0.17470407485961914,True
sab2_7jkt_h:sab2_7jkt_h_s16:sab2_7jkt_h_s12,sab2_7jkt_h,101,cdr3,Y,0.7897516489028931,-0.31963300704956055,0.23505932092666626,0.0,1.1093846559524536,False
sab2_7jkt_h:sab2_7jkt_h_s16:sab2_7jkt_h_s12,sab2_7jkt_h,104,cdr3,Y,1.1283161640167236,-0.17168235778808594,0.47831690311431885,0.0,1.2999985218048096,False
sab2_7jkt_h:sab2_7jkt_h_s16:sab2_7jkt_h_s12,sab2_7jkt_h,106,cdr3,W,-0.4667825698852539,-0.6553611755371094,-0.5610718727111816,0.0,0.18857860565185547,True
sab2_7jkt_h:sab2_7jkt_h_s16:sab2_7jkt_h_s12,sab2_7jkt_h,107,cdr3,D,1.4121904969215393,1.4919376373291016,1.4520640671253204,1.4121904969215393,0.07974714040756226,True
sab2_7jkt_h:sab2_7jkt_h_s16:sab2_7jkt_h_s12,sab2_7jkt_h,109,cdr3,A,2.029661625623703,-0.9738197326660156,0.5279209464788437,0.0,3.0034813582897186,False
sab2_7jkt_h:sab2_7jkt_h_s06:sab2_7jkt_h_s03,sab2_7jkt_h,26,cdr1,Y,-7.060362458229065,1.5923700332641602,-2.7339962124824524,0.0,8.652732491493225,False
sab2_7jkt_h:sab2_7jkt_h_s06:sab2_7jkt_h_s03,sab2_7jkt_h,27,cdr1,S,1.0501596927642822,4.449673652648926,2.749916672706604,1.0501596927642822,3.3995139598846436,True
sab2_7jkt_h:sab2_7jkt_h_s06:sab2_7jkt_h_s03,sab2_7jkt_h,29,cdr1,T,0.7176507711410522,3.2407422065734863,1.9791964888572693,0.7176507711410522,2.523091435432434,True
sab2_7jkt_h:sab2_7jkt_h_s06:sab2_7jkt_h_s03,sab2_7jkt_h,32,cdr1,F,1.0292644500732422,5.20542299747467,3.1173437237739563,1.0292644500732422,4.176158547401428,True
sab2_7jkt_h:sab2_7jkt_h_s06:sab2_7jkt_h_s03,sab2_7jkt_h,52,cdr2,P,-4.033239483833313,1.2913436889648438,-1.3709478974342346,0.0,5.324583172798157,False
sab2_7jkt_h:sab2_7jkt_h_s06:sab2_7jkt_h_s03,sab2_7jkt_h,53,cdr2,I,-0.8619977235794067,2.901460647583008,1.0197314620018005,0.0,3.7634583711624146,False
sab2_7jkt_h:sab2_7jkt_h_s06:sab2_7jkt_h_s03,sab2_7jkt_h,55,cdr2,G,-3.443653702735901,2.165170192718506,-0.6392417550086975,0.0,5.608823895454407,False
sab2_7jkt_h:sab2_7jkt_h_s06:sab2_7jkt_h_s03,sab2_7jkt_h,97,cdr3,R,9.806411147117615,6.675244033336639,8.240827590227127,6.675244033336639,3.1311671137809753,True
sab2_7jkt_h:sab2_7jkt_h_s06:sab2_7jkt_h_s03,sab2_7jkt_h,98,cdr3,K,3.4695101976394653,-1.0356178283691406,1.2169461846351624,0.0,4.505128026008606,False
sab2_7jkt_h:sab2_7jkt_h_s06:sab2_7jkt_h_s03,sab2_7jkt_h,100,cdr3,V,-0.3006945848464966,-1.4495115280151367,-0.8751030564308167,0.0,1.1488169431686401,True
sab2_7jkt_h:sab2_7jkt_h_s06:sab2_7jkt_h_s03,sab2_7jkt_h,101,cdr3,Y,2.6809535026550293,2.603579521179199,2.6422665119171143,2.603579521179199,0.07737398147583008,True
sab2_7jkt_h:sab2_7jkt_h_s06:sab2_7jkt_h_s03,sab2_7jkt_h,103,cdr3,E,-1.5456281900405884,-0.4930267333984375,-1.019327461719513,0.0,1.0526014566421509,True
sab2_7jkt_h:sab2_7jkt_h_s06:sab2_7jkt_h_s03,sab2_7jkt_h,104,cdr3,Y,-0.2364438772201538,2.0565414428710938,0.91004878282547,0.0,2.2929853200912476,False
sab2_7jkt_h:sab2_7jkt_h_s06:sab2_7jkt_h_s03,sab2_7jkt_h,105,cdr3,D,-1.1589750051498413,2.292494773864746,0.5667598843574524,0.0,3.4514697790145874,False
sab2_7jkt_h:sab2_7jkt_h_s06:sab2_7jkt_h_s03,sab2_7jkt_h,107,cdr3,D,-5.88795530796051,-2.415037155151367,-4.151496231555939,0.0,3.472918152809143,True
sab2_7jkt_h:sab2_7jkt_h_s06:sab2_7jkt_h_s03,sab2_7jkt_h,108,cdr3,W,-1.153389573097229,-2.4308414459228516,-1.7921155095100403,0.0,1.2774518728256226,True
sab2_7jkt_h:sab2_7jkt_h_s06:sab2_7jkt_h_s03,sab2_7jkt_h,110,cdr3,Y,-2.011595368385315,-1.958597183227539,-1.985096275806427,0.0,0.05299818515777588,True
sab2_7jkt_h:sab2_7jkt_h_s10:sab2_7jkt_h_s14,sab2_7jkt_h,32,cdr1,F,1.386876031756401,-3.397228240966797,-1.005176104605198,0.0,4.784104272723198,False
sab2_7jkt_h:sab2_7jkt_h_s10:sab2_7jkt_h_s14,sab2_7jkt_h,51,cdr2,N,-1.3355376720428467,6.1448938846588135,2.4046781063079834,0.0,7.48043155670166,False
sab2_7jkt_h:sab2_7jkt_h_s10:sab2_7jkt_h_s14,sab2_7jkt_h,52,cdr2,P,-2.743062734603882,2.0860543251037598,-0.32850420475006104,0.0,4.829117059707642,False
sab2_7jkt_h:sab2_7jkt_h_s10:sab2_7jkt_h_s14,sab2_7jkt_h,53,cdr2,I,3.288450241088867,0.8129467964172363,2.0506985187530518,0.8129467964172363,2.475503444671631,True
sab2_7jkt_h:sab2_7jkt_h_s10:sab2_7jkt_h_s14,sab2_7jkt_h,54,cdr2,F,-3.7583296298980713,-1.2734746932983398,-2.5159021615982056,0.0,2.4848549365997314,True
sab2_7jkt_h:sab2_7jkt_h_s10:sab2_7jkt_h_s14,sab2_7jkt_h,55,cdr2,G,-4.319183588027954,4.123679876327515,-0.09775185585021973,0.0,8.442863464355469,False
sab2_7jkt_h:sab2_7jkt_h_s10:sab2_7jkt_h_s14,sab2_7jkt_h,56,cdr2,A,-1.1708834171295166,0.3626103401184082,-0.4041365385055542,0.0,1.5334937572479248,False
sab2_7jkt_h:sab2_7jkt_h_s10:sab2_7jkt_h_s14,sab2_7jkt_h,57,cdr2,V,0.21961915493011475,3.146657943725586,1.6831385493278503,0.21961915493011475,2.927038788795471,True
sab2_7jkt_h:sab2_7jkt_h_s10:sab2_7jkt_h_s14,sab2_7jkt_h,97,cdr3,R,1.704500436782837,8.332897901535034,5.0186991691589355,1.704500436782837,6.628397464752197,True
sab2_7jkt_h:sab2_7jkt_h_s10:sab2_7jkt_h_s14,sab2_7jkt_h,98,cdr3,K,-1.1288838386535645,0.6149163246154785,-0.25698375701904297,0.0,1.743800163269043,False
sab2_7jkt_h:sab2_7jkt_h_s10:sab2_7jkt_h_s14,sab2_7jkt_h,99,cdr3,R,0.3144080638885498,-0.2982368469238281,0.00808560848236084,0.0,0.6126449108123779,False
sab2_7jkt_h:sab2_7jkt_h_s10:sab2_7jkt_h_s14,sab2_7jkt_h,101,cdr3,Y,0.19647455215454102,3.7924540042877197,1.9944642782211304,0.19647455215454102,3.5959794521331787,True
sab2_7jkt_h:sab2_7jkt_h_s10:sab2_7jkt_h_s14,sab2_7jkt_h,103,cdr3,E,0.25548696517944336,-1.6163268089294434,-0.680419921875,0.0,1.8718137741088867,False
sab2_7jkt_h:sab2_7jkt_h_s10:sab2_7jkt_h_s14,sab2_7jkt_h,104,cdr3,Y,0.9446763098239899,-0.4861412048339844,0.22926755249500275,0.0,1.4308175146579742,False
sab2_7jkt_h:sab2_7jkt_h_s10:sab2_7jkt_h_s14,sab2_7jkt_h,105,cdr3,D,-1.450415849685669,-3.1240787506103516,-2.2872473001480103,0.0,1.6736629009246826,True
sab2_7jkt_h:sab2_7jkt_h_s10:sab2_7jkt_h_s14,sab2_7jkt_h,106,cdr3,W,-0.7064840793609619,0.9358830451965332,0.11469948291778564,0.0,1.6423671245574951,False
sab2_7jkt_h:sab2_7jkt_h_s10:sab2_7jkt_h_s14,sab2_7jkt_h,107,cdr3,D,-1.2244873046875,-0.6837139129638672,-0.9541006088256836,0.0,0.5407733917236328,True
sab2_7jkt_h:sab2_7jkt_h_s10:sab2_7jkt_h_s14,sab2_7jkt_h,108,cdr3,W,-3.635180711746216,-0.48248863220214844,-2.058834671974182,0.0,3.1526920795440674,True
sab2_7jkt_h:sab2_7jkt_h_s01:sab2_7jkt_h_s05,sab2_7jkt_h,55,cdr2,G,0.21012145280838013,0.3844795227050781,0.2973004877567291,0.21012145280838013,0.174358069896698,True
sab2_7jkt_h:sab2_7jkt_h_s01:sab2_7jkt_h_s05,sab2_7jkt_h,56,cdr2,A,-0.5707089304924011,0.5698533058166504,-0.0004278123378753662,0.0,1.1405622363090515,False
sab2_7jkt_h:sab2_7jkt_h_s01:sab2_7jkt_h_s05,sab2_7jkt_h,98,cdr3,K,-0.22908395528793335,-1.4134292602539062,-0.8212566077709198,0.0,1.184345304965973,True
sab2_7jkt_h:sab2_7jkt_h_s01:sab2_7jkt_h_s05,sab2_7jkt_h,99,cdr3,R,0.10746026039123535,-1.0538010597229004,-0.4731703996658325,0.0,1.1612613201141357,False
sab2_7jkt_h:sab2_7jkt_h_s01:sab2_7jkt_h_s05,sab2_7jkt_h,100,cdr3,V,1.413624882698059,0.8836703300476074,1.1486476063728333,0.8836703300476074,0.5299545526504517,True
sab2_7jkt_h:sab2_7jkt_h_s01:sab2_7jkt_h_s05,sab2_7jkt_h,103,cdr3,E,1.125659018754959,1.6069998741149902,1.3663294464349747,1.125659018754959,0.48134085536003113,True
sab2_7jkt_h:sab2_7jkt_h_s01:sab2_7jkt_h_s05,sab2_7jkt_h,107,cdr3,D,4.970199763774872,1.7985281944274902,3.384363979101181,1.7985281944274902,3.1716715693473816,True
sab2_7jkt_h:sab2_7jkt_h_s01:sab2_7jkt_h_s05,sab2_7jkt_h,108,cdr3,W,4.1069013476371765,2.198719024658203,3.15281018614769,2.198719024658203,1.9081823229789734,True
sab2_7jkt_h:sab2_7jkt_h_s19:sab2_7jkt_h_s08,sab2_7jkt_h,56,cdr2,A,1.0156625360250473,-0.6722049713134766,0.17172878235578537,0.0,1.6878675073385239,False
sab2_7jkt_h:sab2_7jkt_h_s19:sab2_7jkt_h_s08,sab2_7jkt_h,97,cdr3,R,8.253452703356743,10.30373239517212,9.278592549264431,8.253452703356743,2.0502796918153763,True
sab2_7jkt_h:sab2_7jkt_h_s19:sab2_7jkt_h_s08,sab2_7jkt_h,99,cdr3,R,1.6001385897397995,1.9766912460327148,1.7884149178862572,1.6001385897397995,0.37655265629291534,True
sab2_7jkt_h:sab2_7jkt_h_s19:sab2_7jkt_h_s08,sab2_7jkt_h,100,cdr3,V,0.5588182061910629,-0.43812036514282227,0.06034892052412033,0.0,0.9969385713338852,False
sab2_7jkt_h:sab2_7jkt_h_s19:sab2_7jkt_h_s08,sab2_7jkt_h,103,cdr3,E,-1.7772134095430374,1.3725404739379883,-0.20233646780252457,0.0,3.1497538834810257,False
sab2_7jkt_h:sab2_7jkt_h_s19:sab2_7jkt_h_s08,sab2_7jkt_h,104,cdr3,Y,0.3445306718349457,0.2719235420227051,0.3082271069288254,0.2719235420227051,0.0726071298122406,True
sab2_7jkt_h:sab2_7jkt_h_s19:sab2_7jkt_h_s08,sab2_7jkt_h,107,cdr3,D,0.6495396941900253,2.8515872955322266,1.750563494861126,0.6495396941900253,2.2020476013422012,True
sab2_7jkt_h:sab2_7jkt_h_s19:sab2_7jkt_h_s08,sab2_7jkt_h,108,cdr3,W,-1.6617645770311356,-1.158273696899414,-1.4100191369652748,0.0,0.5034908801317215,True
sab2_7nqk_b:sab2_7nqk_b_s20:sab2_7nqk_b_s26,sab2_7nqk_b,24,cdr1,R,-1.4487714767456055,-1.4161603450775146,-1.43246591091156,0.0,0.03261113166809082,True
sab2_7nqk_b:sab2_7nqk_b_s20:sab2_7nqk_b_s26,sab2_7nqk_b,25,cdr1,P,1.3793745040893555,-0.20905280113220215,0.5851608514785767,0.0,1.5884273052215576,False
sab2_7nqk_b:sab2_7nqk_b_s20:sab2_7nqk_b_s26,sab2_7nqk_b,28,cdr1,D,0.40318965911865234,2.9218504428863525,1.6625200510025024,0.40318965911865234,2.5186607837677,True
sab2_7nqk_b:sab2_7nqk_b_s20:sab2_7nqk_b_s26,sab2_7nqk_b,30,cdr1,D,2.070939064025879,0.11032164096832275,1.0906303524971008,0.11032164096832275,1.9606174230575562,True
sab2_7nqk_b:sab2_7nqk_b_s20:sab2_7nqk_b_s26,sab2_7nqk_b,54,cdr2,V,0.7890548706054688,6.065028667449951,3.42704176902771,0.7890548706054688,5.275973796844482,True
sab2_7nqk_b:sab2_7nqk_b_s20:sab2_7nqk_b_s26,sab2_7nqk_b,55,cdr2,T,3.38594913482666,6.3040876388549805,4.84501838684082,3.38594913482666,2.9181385040283203,True
sab2_7nqk_b:sab2_7nqk_b_s20:sab2_7nqk_b_s26,sab2_7nqk_b,96,cdr3,A,0.2552671432495117,2.7176973819732666,1.4864822626113892,0.2552671432495117,2.462430238723755,True
sab2_7nqk_b:sab2_7nqk_b_s20:sab2_7nqk_b_s26,sab2_7nqk_b,99,cdr3,R,1.4354734420776367,2.7038540840148926,2.0696637630462646,1.4354734420776367,1.2683806419372559,True
sab2_7nqk_b:sab2_7nqk_b_s20:sab2_7nqk_b_s26,sab2_7nqk_b,100,cdr3,W,0.5897312164306641,2.1134302616119385,1.3515807390213013,0.5897312164306641,1.5236990451812744,True
sab2_7nqk_b:sab2_7nqk_b_s20:sab2_7nqk_b_s26,sab2_7nqk_b,102,cdr3,F,-2.004511833190918,-2.3052659034729004,-2.154888868331909,0.0,0.3007540702819824,True
sab2_7nqk_b:sab2_7nqk_b_s20:sab2_7nqk_b_s26,sab2_7nqk_b,104,cdr3,A,0.685328483581543,0.9470066279172897,0.8161675557494164,0.685328483581543,0.26167814433574677,True
sab2_7nqk_b:sab2_7nqk_b_s20:sab2_7nqk_b_s26,sab2_7nqk_b,105,cdr3,T,1.920370101928711,2.2768001556396484,2.0985851287841797,1.920370101928711,0.3564300537109375,True
sab2_7nqk_b:sab2_7nqk_b_s20:sab2_7nqk_b_s26,sab2_7nqk_b,106,cdr3,N,-0.9870510101318359,-1.2008460760116577,-1.0939485430717468,0.0,0.21379506587982178,True
sab2_7nqk_b:sab2_7nqk_b_s20:sab2_7nqk_b_s26,sab2_7nqk_b,110,cdr3,F,-0.8792057037353516,0.8843410015106201,0.0025676488876342773,0.0,1.7635467052459717,False
sab2_7nqk_b:sab2_7nqk_b_s20:sab2_7nqk_b_s26,sab2_7nqk_b,112,cdr3,E,0.5453882217407227,-2.4214491844177246,-0.938030481338501,0.0,2.9668374061584473,False
sab2_7nqk_b:sab2_7nqk_b_s09:sab2_7nqk_b_s10,sab2_7nqk_b,29,cdr1,Y,0.48270416259765625,1.7859708070755005,1.1343374848365784,0.48270416259765625,1.3032666444778442,True
sab2_7nqk_b:sab2_7nqk_b_s09:sab2_7nqk_b_s10,sab2_7nqk_b,50,cdr2,W,-1.8757200241088867,-2.9422032833099365,-2.4089616537094116,0.0,1.0664832592010498,True
sab2_7nqk_b:sab2_7nqk_b_s09:sab2_7nqk_b_s10,sab2_7nqk_b,54,cdr2,V,-1.6288766860961914,-2.434511423110962,-2.0316940546035767,0.0,0.8056347370147705,True
sab2_7nqk_b:sab2_7nqk_b_s09:sab2_7nqk_b_s10,sab2_7nqk_b,96,cdr3,A,3.712080955505371,2.9726827144622803,3.3423818349838257,2.9726827144622803,0.7393982410430908,True
sab2_7nqk_b:sab2_7nqk_b_s09:sab2_7nqk_b_s10,sab2_7nqk_b,97,cdr3,R,0.4966459274291992,-1.6661025285720825,-0.5847283005714417,0.0,2.1627484560012817,False
sab2_7nqk_b:sab2_7nqk_b_s09:sab2_7nqk_b_s10,sab2_7nqk_b,98,cdr3,R,-0.012369155883789062,-3.874830961227417,-1.943600058555603,0.0,3.862461805343628,True
sab2_7nqk_b:sab2_7nqk_b_s09:sab2_7nqk_b_s10,sab2_7nqk_b,99,cdr3,R,0.6345500946044922,2.5246193408966064,1.5795847177505493,0.6345500946044922,1.8900692462921143,True
sab2_7nqk_b:sab2_7nqk_b_s09:sab2_7nqk_b_s10,sab2_7nqk_b,100,cdr3,W,0.8802404403686523,4.629173040390015,2.7547067403793335,0.8802404403686523,3.7489326000213623,True
sab2_7nqk_b:sab2_7nqk_b_s09:sab2_7nqk_b_s10,sab2_7nqk_b,101,cdr3,T,-0.04818439483642578,0.0030423011630773544,-0.022571046836674213,0.0,0.051226695999503136,False
sab2_7nqk_b:sab2_7nqk_b_s09:sab2_7nqk_b_s10,sab2_7nqk_b,102,cdr3,F,1.475132942199707,-0.7406355738639832,0.36724868416786194,0.0,2.21576851606369,False
sab2_7nqk_b:sab2_7nqk_b_s09:sab2_7nqk_b_s10,sab2_7nqk_b,104,cdr3,A,0.8553943634033203,2.491760015487671,1.6735771894454956,0.8553943634033203,1.6363656520843506,True
sab2_7nqk_b:sab2_7nqk_b_s09:sab2_7nqk_b_s10,sab2_7nqk_b,105,cdr3,T,-1.521754264831543,-0.4190964102745056,-0.9704253375530243,0.0,1.1026578545570374,True
sab2_7nqk_b:sab2_7nqk_b_s09:sab2_7nqk_b_s10,sab2_7nqk_b,107,cdr3,T,0.6500329971313477,0.0978805273771286,0.37395676225423813,0.0978805273771286,0.552152469754219,True
sab2_7nqk_b:sab2_7nqk_b_s09:sab2_7nqk_b_s10,sab2_7nqk_b,109,cdr3,E,0.19206905364990234,1.0309154987335205,0.6114922761917114,0.19206905364990234,0.8388464450836182,True
sab2_7nqk_b:sab2_7nqk_b_s09:sab2_7nqk_b_s10,sab2_7nqk_b,110,cdr3,F,-1.5522289276123047,0.20106753706932068,-0.675580695271492,0.0,1.7532964646816254,False
sab2_7nqk_b:sab2_7nqk_b_s09:sab2_7nqk_b_s10,sab2_7nqk_b,112,cdr3,E,2.308265209197998,6.8791115283966064,4.593688368797302,2.308265209197998,4.570846319198608,True
sab2_7nqk_b:sab2_7nqk_b_s09:sab2_7nqk_b_s10,sab2_7nqk_b,113,cdr3,T,1.0911684036254883,3.6844894886016846,2.3878289461135864,1.0911684036254883,2.5933210849761963,True
sab2_7nqk_b:sab2_7nqk_b_s12:sab2_7nqk_b_s07,sab2_7nqk_b,50,cdr2,W,0.4621925354003906,1.6556797623634338,1.0589361488819122,0.4621925354003906,1.1934872269630432,True
sab2_7nqk_b:sab2_7nqk_b_s12:sab2_7nqk_b_s07,sab2_7nqk_b,51,cdr2,S,4.038946151733398,0.649898111820221,2.3444221317768097,0.649898111820221,3.3890480399131775,True
sab2_7nqk_b:sab2_7nqk_b_s12:sab2_7nqk_b_s07,sab2_7nqk_b,54,cdr2,V,4.05755090713501,4.665026247501373,4.3612885773181915,4.05755090713501,0.6074753403663635,True
sab2_7nqk_b:sab2_7nqk_b_s12:sab2_7nqk_b_s07,sab2_7nqk_b,55,cdr2,T,-0.8132305145263672,-7.265943944454193,-4.03958722949028,0.0,6.452713429927826,True
sab2_7nqk_b:sab2_7nqk_b_s12:sab2_7nqk_b_s07,sab2_7nqk_b,96,cdr3,A,1.0247249603271484,0.9687990546226501,0.9967620074748993,0.9687990546226501,0.05592590570449829,True
sab2_7nqk_b:sab2_7nqk_b_s12:sab2_7nqk_b_s07,sab2_7nqk_b,97,cdr3,R,-0.9517612457275391,0.6378317475318909,-0.1569647490978241,0.0,1.58959299325943,False
sab2_7nqk_b:sab2_7nqk_b_s12:sab2_7nqk_b_s07,sab2_7nqk_b,98,cdr3,R,0.16286087036132812,-0.9912613434717059,-0.4142002365551889,0.0,1.154122213833034,False
sab2_7nqk_b:sab2_7nqk_b_s12:sab2_7nqk_b_s07,sab2_7nqk_b,99,cdr3,R,-0.034900665283203125,0.23784834146499634,0.1014738380908966,0.0,0.27274900674819946,False
sab2_7nqk_b:sab2_7nqk_b_s12:sab2_7nqk_b_s07,sab2_7nqk_b,100,cdr3,W,1.7647676467895508,1.6414692997932434,1.703118473291397,1.6414692997932434,0.12329834699630737,True
sab2_7nqk_b:sab2_7nqk_b_s12:sab2_7nqk_b_s07,sab2_7nqk_b,102,cdr3,F,0.8399324417114258,1.4269757866859436,1.1334541141986847,0.8399324417114258,0.5870433449745178,True
sab2_7nqk_b:sab2_7nqk_b_s12:sab2_7nqk_b_s07,sab2_7nqk_b,103,cdr3,K,0.35957908630371094,2.1396272778511047,1.2496031820774078,0.35957908630371094,1.7800481915473938,True
sab2_7nqk_b:sab2_7nqk_b_s12:sab2_7nqk_b_s07,sab2_7nqk_b,104,cdr3,A,-0.5574150085449219,0.7578862309455872,0.10023561120033264,0.0,1.315301239490509,False
sab2_7nqk_b:sab2_7nqk_b_s12:sab2_7nqk_b_s07,sab2_7nqk_b,105,cdr3,T,-1.29736328125,-1.931498646736145,-1.6144309639930725,0.0,0.634135365486145,True
sab2_7nqk_b:sab2_7nqk_b_s12:sab2_7nqk_b_s07,sab2_7nqk_b,106,cdr3,N,1.7462124824523926,0.011319220066070557,0.8787658512592316,0.011319220066070557,1.734893262386322,True
sab2_7nqk_b:sab2_7nqk_b_s12:sab2_7nqk_b_s07,sab2_7nqk_b,107,cdr3,T,1.8850822448730469,0.5781520009040833,1.231617122888565,0.5781520009040833,1.3069302439689636,True
sab2_7nqk_b:sab2_7nqk_b_s12:sab2_7nqk_b_s07,sab2_7nqk_b,108,cdr3,E,-2.1586265563964844,2.8534627556800842,0.3474180996417999,0.0,5.012089312076569,False
sab2_7nqk_b:sab2_7nqk_b_s12:sab2_7nqk_b_s07,sab2_7nqk_b,110,cdr3,F,-0.6313676834106445,-1.2736673653125763,-0.9525175243616104,0.0,0.6422996819019318,True
sab2_7nqk_b:sab2_7nqk_b_s12:sab2_7nqk_b_s07,sab2_7nqk_b,112,cdr3,E,1.2545437812805176,0.5995617508888245,0.927052766084671,0.5995617508888245,0.6549820303916931,True
sab2_7nqk_b:sab2_7nqk_b_s06:sab2_7nqk_b_s01,sab2_7nqk_b,28,cdr1,D,2.926548957824707,1.7909561395645142,2.3587525486946106,1.7909561395645142,1.1355928182601929,True
sab2_7nqk_b:sab2_7nqk_b_s06:sab2_7nqk_b_s01,sab2_7nqk_b,30,cdr1,D,1.5642213821411133,2.3074461221694946,1.935833752155304,1.5642213821411133,0.7432247400283813,True
sab2_7nqk_b:sab2_7nqk_b_s06:sab2_7nqk_b_s01,sab2_7nqk_b,50,cdr2,W,-1.377760887145996,-0.20934617519378662,-0.7935535311698914,0.0,1.1684147119522095,True
sab2_7nqk_b:sab2_7nqk_b_s06:sab2_7nqk_b_s01,sab2_7nqk_b,54,cdr2,V,0.40213871002197266,0.8909868001937866,0.6465627551078796,0.40213871002197266,0.48884809017181396,True
sab2_7nqk_b:sab2_7nqk_b_s06:sab2_7nqk_b_s01,sab2_7nqk_b,96,cdr3,A,0.62030029296875,1.1590903997421265,0.8896953463554382,0.62030029296875,0.5387901067733765,True
sab2_7nqk_b:sab2_7nqk_b_s06:sab2_7nqk_b_s01,sab2_7nqk_b,97,cdr3,R,1.1294817924499512,-0.02134406566619873,0.5540688633918762,0.0,1.15082585811615,False
sab2_7nqk_b:sab2_7nqk_b_s06:sab2_7nqk_b_s01,sab2_7nqk_b,98,cdr3,R,2.4084606170654297,1.244388222694397,1.8264244198799133,1.244388222694397,1.1640723943710327,True
sab2_7nqk_b:sab2_7nqk_b_s06:sab2_7nqk_b_s01,sab2_7nqk_b,100,cdr3,W,1.1407480239868164,1.401136040687561,1.2709420323371887,1.1407480239868164,0.26038801670074463,True
sab2_7nqk_b:sab2_7nqk_b_s06:sab2_7nqk_b_s01,sab2_7nqk_b,101,cdr3,T,0.036726951599121094,1.1224204301834106,0.5795736908912659,0.036726951599121094,1.0856934785842896,True
sab2_7nqk_b:sab2_7nqk_b_s06:sab2_7nqk_b_s01,sab2_7nqk_b,102,cdr3,F,1.6841678619384766,2.3085747957229614,1.996371328830719,1.6841678619384766,0.6244069337844849,True
sab2_7nqk_b:sab2_7nqk_b_s06:sab2_7nqk_b_s01,sab2_7nqk_b,103,cdr3,K,-1.2039432525634766,1.0618342161178589,-0.07105451822280884,0.0,2.2657774686813354,False
sab2_7nqk_b:sab2_7nqk_b_s06:sab2_7nqk_b_s01,sab2_7nqk_b,104,cdr3,A,-0.39580631256103516,2.4025851488113403,1.0033894181251526,0.0,2.7983914613723755,False
sab2_7nqk_b:sab2_7nqk_b_s06:sab2_7nqk_b_s01,sab2_7nqk_b,105,cdr3,T,-1.683852195739746,-1.11608930490911,-1.399970750324428,0.0,0.567762890830636,True
sab2_7nqk_b:sab2_7nqk_b_s06:sab2_7nqk_b_s01,sab2_7nqk_b,107,cdr3,T,0.44454097747802734,-0.2685370445251465,0.08800196647644043,0.0,0.7130780220031738,False
sab2_7nqk_b:sab2_7nqk_b_s06:sab2_7nqk_b_s01,sab2_7nqk_b,110,cdr3,F,-0.7149486541748047,-1.7325754165649414,-1.223762035369873,0.0,1.0176267623901367,True
sab2_7nqk_b:sab2_7nqk_b_s06:sab2_7nqk_b_s01,sab2_7nqk_b,112,cdr3,E,-0.42133045196533203,1.064144253730774,0.32140690088272095,0.0,1.485474705696106,False
sab2_7nqk_b:sab2_7nqk_b_s17:sab2_7nqk_b_s24,sab2_7nqk_b,27,cdr1,N,-2.446086883544922,-3.3369115591049194,-2.8914992213249207,0.0,0.8908246755599976,True
sab2_7nqk_b:sab2_7nqk_b_s17:sab2_7nqk_b_s24,sab2_7nqk_b,28,cdr1,D,1.1953325271606445,3.349782109260559,2.272557318210602,1.1953325271606445,2.1544495820999146,True
sab2_7nqk_b:sab2_7nqk_b_s17:sab2_7nqk_b_s24,sab2_7nqk_b,30,cdr1,D,1.7871818542480469,1.815808892250061,1.801495373249054,1.7871818542480469,0.02862703800201416,True
sab2_7nqk_b:sab2_7nqk_b_s17:sab2_7nqk_b_s24,sab2_7nqk_b,50,cdr2,W,1.1504297256469727,-3.488319516181946,-1.1689448952674866,0.0,4.6387492418289185,False
sab2_7nqk_b:sab2_7nqk_b_s17:sab2_7nqk_b_s24,sab2_7nqk_b,54,cdr2,V,3.0544538497924805,1.8632439374923706,2.4588488936424255,1.8632439374923706,1.1912099123001099,True
sab2_7nqk_b:sab2_7nqk_b_s17:sab2_7nqk_b_s24,sab2_7nqk_b,97,cdr3,R,-0.732940673828125,-0.9038442373275757,-0.8183924555778503,0.0,0.17090356349945068,True
sab2_7nqk_b:sab2_7nqk_b_s17:sab2_7nqk_b_s24,sab2_7nqk_b,98,cdr3,R,0.15723037719726562,-1.557027518749237,-0.6998985707759857,0.0,1.7142578959465027,False
sab2_7nqk_b:sab2_7nqk_b_s17:sab2_7nqk_b_s24,sab2_7nqk_b,100,cdr3,W,1.1081280708312988,2.5065382719039917,1.8073331713676453,1.1081280708312988,1.3984102010726929,True
sab2_7nqk_b:sab2_7nqk_b_s17:sab2_7nqk_b_s24,sab2_7nqk_b,101,cdr3,T,-0.05103302001953125,1.0267187356948853,0.487842857837677,0.0,1.0777517557144165,False
sab2_7nqk_b:sab2_7nqk_b_s17:sab2_7nqk_b_s24,sab2_7nqk_b,102,cdr3,F,0.06557083129882812,1.1708086729049683,0.6181897521018982,0.06557083129882812,1.1052378416061401,True
sab2_7nqk_b:sab2_7nqk_b_s17:sab2_7nqk_b_s24,sab2_7nqk_b,104,cdr3,A,-0.4679546356201172,-0.7675641775131226,-0.6177594065666199,0.0,0.29960954189300537,True
sab2_7nqk_b:sab2_7nqk_b_s17:sab2_7nqk_b_s24,sab2_7nqk_b,105,cdr3,T,-1.2705097198486328,-0.756504476070404,-1.0135070979595184,0.0,0.5140052437782288,True
sab2_7nqk_b:sab2_7nqk_b_s17:sab2_7nqk_b_s24,sab2_7nqk_b,107,cdr3,T,0.14288711547851562,-1.0743612051010132,-0.4657370448112488,0.0,1.2172483205795288,False
sab2_7nqk_b:sab2_7nqk_b_s17:sab2_7nqk_b_s24,sab2_7nqk_b,108,cdr3,E,-0.07381725311279297,2.0569039583206177,0.9915433526039124,0.0,2.1307212114334106,False
sab2_7nqk_b:sab2_7nqk_b_s17:sab2_7nqk_b_s24,sab2_7nqk_b,110,cdr3,F,0.7461204528808594,1.7032335996627808,1.22467702627182,0.7461204528808594,0.9571131467819214,True
sab2_7nqk_b:sab2_7nqk_b_s17:sab2_7nqk_b_s24,sab2_7nqk_b,112,cdr3,E,1.3059024810791016,3.8643018007278442,2.585102140903473,1.3059024810791016,2.5583993196487427,True
sab2_7nqk_b:sab2_7nqk_b_s17:sab2_7nqk_b_s24,sab2_7nqk_b,113,cdr3,T,-0.5432004928588867,-1.026204138994217,-0.7847023159265518,0.0,0.4830036461353302,True
sab2_7nqk_b:sab2_7nqk_b_s02:sab2_7nqk_b_s29,sab2_7nqk_b,28,cdr1,D,2.2549057006835938,2.2945369482040405,2.274721324443817,2.2549057006835938,0.03963124752044678,True
sab2_7nqk_b:sab2_7nqk_b_s02:sab2_7nqk_b_s29,sab2_7nqk_b,53,cdr2,R,0.6284594535827637,-0.9173394441604614,-0.14443999528884888,0.0,1.545798897743225,False
sab2_7nqk_b:sab2_7nqk_b_s02:sab2_7nqk_b_s29,sab2_7nqk_b,96,cdr3,A,3.328002452850342,3.1031051874160767,3.2155538201332092,3.1031051874160767,0.22489726543426514,True
sab2_7nqk_b:sab2_7nqk_b_s02:sab2_7nqk_b_s29,sab2_7nqk_b,98,cdr3,R,-1.2087044715881348,-0.20046091079711914,-0.704582691192627,0.0,1.0082435607910156,True
sab2_7nqk_b:sab2_7nqk_b_s02:sab2_7nqk_b_s29,sab2_7nqk_b,99,cdr3,R,2.150197982788086,0.6012636423110962,1.375730812549591,0.6012636423110962,1.5489343404769897,True
sab2_7nqk_b:sab2_7nqk_b_s02:sab2_7nqk_b_s29,sab2_7nqk_b,100,cdr3,W,-2.2340874671936035,0.775326132774353,-0.7293806672096252,0.0,3.0094135999679565,False
sab2_7nqk_b:sab2_7nqk_b_s02:sab2_7nqk_b_s29,sab2_7nqk_b,101,cdr3,T,-0.1957230567932129,0.04000389575958252,-0.07785958051681519,0.0,0.2357269525527954,False
sab2_7nqk_b:sab2_7nqk_b_s02:sab2_7nqk_b_s29,sab2_7nqk_b,102,cdr3,F,-0.6693120002746582,-0.328999400138855,-0.4991557002067566,0.0,0.3403126001358032,True
sab2_7nqk_b:sab2_7nqk_b_s02:sab2_7nqk_b_s29,sab2_7nqk_b,103,cdr3,K,0.46951723098754883,-0.921658456325531,-0.2260706126689911,0.0,1.3911756873130798,False
sab2_7nqk_b:sab2_7nqk_b_s02:sab2_7nqk_b_s29,sab2_7nqk_b,104,cdr3,A,-0.6395244598388672,-0.6729730367660522,-0.6562487483024597,0.0,0.03344857692718506,True
sab2_7nqk_b:sab2_7nqk_b_s02:sab2_7nqk_b_s29,sab2_7nqk_b,105,cdr3,T,0.5508265495300293,1.571210503578186,1.0610185265541077,0.5508265495300293,1.0203839540481567,True
sab2_7nqk_b:sab2_7nqk_b_s02:sab2_7nqk_b_s29,sab2_7nqk_b,106,cdr3,N,-1.5280909538269043,-2.335668206214905,-1.9318795800209045,0.0,0.8075772523880005,True
sab2_7nqk_b:sab2_7nqk_b_s02:sab2_7nqk_b_s29,sab2_7nqk_b,107,cdr3,T,-0.08523321151733398,-0.07755374908447266,-0.08139348030090332,0.0,0.007679462432861328,True
sab2_7nqk_b:sab2_7nqk_b_s02:sab2_7nqk_b_s29,sab2_7nqk_b,110,cdr3,F,0.9509320259094238,0.6430312395095825,0.7969816327095032,0.6430312395095825,0.3079007863998413,True
sab2_7nqk_b:sab2_7nqk_b_s02:sab2_7nqk_b_s29,sab2_7nqk_b,112,cdr3,E,1.0068187713623047,2.1917279958724976,1.5992733836174011,1.0068187713623047,1.1849092245101929,True
sab2_7nqk_b:sab2_7nqk_b_s02:sab2_7nqk_b_s29,sab2_7nqk_b,113,cdr3,T,0.9393086433410645,2.673953652381897,1.8066311478614807,0.9393086433410645,1.7346450090408325,True
sab2_7nqk_b:sab2_7nqk_b_s18:sab2_7nqk_b_s05,sab2_7nqk_b,25,cdr1,P,1.2954950332641602,3.1276798248291016,2.211587429046631,1.2954950332641602,1.8321847915649414,True
sab2_7nqk_b:sab2_7nqk_b_s18:sab2_7nqk_b_s05,sab2_7nqk_b,50,cdr2,W,2.1388511657714844,-1.6932829022407532,0.2227841317653656,0.0,3.8321340680122375,False
sab2_7nqk_b:sab2_7nqk_b_s18:sab2_7nqk_b_s05,sab2_7nqk_b,51,cdr2,S,0.5178437232971191,1.615621566772461,1.06673264503479,0.5178437232971191,1.0977778434753418,True
sab2_7nqk_b:sab2_7nqk_b_s18:sab2_7nqk_b_s05,sab2_7nqk_b,53,cdr2,R,0.5512886047363281,1.4933736324310303,1.0223311185836792,0.5512886047363281,0.9420850276947021,True
sab2_7nqk_b:sab2_7nqk_b_s18:sab2_7nqk_b_s05,sab2_7nqk_b,54,cdr2,V,2.610649585723877,1.381086826324463,1.99586820602417,1.381086826324463,1.229562759399414,True
sab2_7nqk_b:sab2_7nqk_b_s18:sab2_7nqk_b_s05,sab2_7nqk_b,55,cdr2,T,1.3677773475646973,3.915019989013672,2.6413986682891846,1.3677773475646973,2.5472426414489746,True
sab2_7nqk_b:sab2_7nqk_b_s18:sab2_7nqk_b_s05,sab2_7nqk_b,96,cdr3,A,-2.5354976654052734,-0.9979031085968018,-1.7667003870010376,0.0,1.5375945568084717,True
sab2_7nqk_b:sab2_7nqk_b_s18:sab2_7nqk_b_s05,sab2_7nqk_b,97,cdr3,R,0.25400209426879883,1.540400505065918,0.8972012996673584,0.25400209426879883,1.2863984107971191,True
sab2_7nqk_b:sab2_7nqk_b_s18:sab2_7nqk_b_s05,sab2_7nqk_b,98,cdr3,R,-0.7203216552734375,0.40086841583251953,-0.15972661972045898,0.0,1.121190071105957,False
sab2_7nqk_b:sab2_7nqk_b_s18:sab2_7nqk_b_s05,sab2_7nqk_b,99,cdr3,R,-1.4533100128173828,1.2418744564056396,-0.10571777820587158,0.0,2.6951844692230225,False
sab2_7nqk_b:sab2_7nqk_b_s18:sab2_7nqk_b_s05,sab2_7nqk_b,100,cdr3,W,-2.099712371826172,-0.34452271461486816,-1.22211754322052,0.0,1.7551896572113037,True
sab2_7nqk_b:sab2_7nqk_b_s18:sab2_7nqk_b_s05,sab2_7nqk_b,101,cdr3,T,-1.0409727096557617,3.9006738662719727,1.4298505783081055,0.0,4.941646575927734,False
sab2_7nqk_b:sab2_7nqk_b_s18:sab2_7nqk_b_s05,sab2_7nqk_b,102,cdr3,F,-1.0529260635375977,-1.1300606727600098,-1.0914933681488037,0.0,0.07713460922241211,True
sab2_7nqk_b:sab2_7nqk_b_s18:sab2_7nqk_b_s05,sab2_7nqk_b,103,cdr3,K,0.034677982330322266,-1.0839672088623047,-0.5246446132659912,0.0,1.118645191192627,False
sab2_7nqk_b:sab2_7nqk_b_s18:sab2_7nqk_b_s05,sab2_7nqk_b,104,cdr3,A,-1.1354103088378906,1.392378568649292,0.12848412990570068,0.0,2.5277888774871826,False
sab2_7nqk_b:sab2_7nqk_b_s18:sab2_7nqk_b_s05,sab2_7nqk_b,105,cdr3,T,-0.16257572174072266,-0.8229525089263916,-0.49276411533355713,0.0,0.660376787185669,True
sab2_7nqk_b:sab2_7nqk_b_s18:sab2_7nqk_b_s05,sab2_7nqk_b,110,cdr3,F,-1.947859764099121,1.0539920330047607,-0.4469338655471802,0.0,3.001851797103882,False
sab2_7nqk_b:sab2_7nqk_b_s15:sab2_7nqk_b_s13,sab2_7nqk_b,54,cdr2,V,-1.5889153480529785,-0.7072136402130127,-1.1480644941329956,0.0,0.8817017078399658,True
sab2_7nqk_b:sab2_7nqk_b_s15:sab2_7nqk_b_s13,sab2_7nqk_b,99,cdr3,R,0.06627273559570312,-0.5564296245574951,-0.245078444480896,0.0,0.6227023601531982,False
sab2_7nqk_b:sab2_7nqk_b_s15:sab2_7nqk_b_s13,sab2_7nqk_b,101,cdr3,T,0.3204326629638672,-0.5010809898376465,-0.09032416343688965,0.0,0.8215136528015137,False
sab2_7nqk_b:sab2_7nqk_b_s15:sab2_7nqk_b_s13,sab2_7nqk_b,102,cdr3,F,-0.6542243957519531,-1.3351984024047852,-0.9947113990783691,0.0,0.680974006652832,True
sab2_7nqk_b:sab2_7nqk_b_s15:sab2_7nqk_b_s13,sab2_7nqk_b,104,cdr3,A,-0.296328067779541,0.541391134262085,0.12253153324127197,0.0,0.837719202041626,False
sab2_7nqk_b:sab2_7nqk_b_s15:sab2_7nqk_b_s13,sab2_7nqk_b,110,cdr3,F,1.4862465858459473,1.56740403175354,1.5268253087997437,1.4862465858459473,0.08115744590759277,True
sab2_7nqk_b:sab2_7nqk_b_s15:sab2_7nqk_b_s13,sab2_7nqk_b,112,cdr3,E,1.6802191734313965,3.4539735317230225,2.5670963525772095,1.6802191734313965,1.773754358291626,True
sab2_7nqk_b:sab2_7nqk_b_s15:sab2_7nqk_b_s13,sab2_7nqk_b,113,cdr3,T,1.4231972694396973,3.078355550765991,2.2507764101028442,1.4231972694396973,1.655158281326294,True
sab2_7qxd_kkk:sab2_7qxd_kkk_s26:sab2_7qxd_kkk_s11,sab2_7qxd_kkk,30,cdr1,S,0.2391185760498047,-0.18346214294433594,0.027828216552734375,0.0,0.4225807189941406,False
sab2_7qxd_kkk:sab2_7qxd_kkk_s26:sab2_7qxd_kkk_s11,sab2_7qxd_kkk,52,cdr2,N,6.228614091873169,4.171480655670166,5.2000473737716675,4.171480655670166,2.057133436203003,True
sab2_7qxd_kkk:sab2_7qxd_kkk_s26:sab2_7qxd_kkk_s11,sab2_7qxd_kkk,55,cdr2,T,1.8339757919311523,1.1491947174072266,1.4915852546691895,1.1491947174072266,0.6847810745239258,True
sab2_7qxd_kkk:sab2_7qxd_kkk_s26:sab2_7qxd_kkk_s11,sab2_7qxd_kkk,56,cdr2,T,1.4841852188110352,2.293741226196289,1.888963222503662,1.4841852188110352,0.8095560073852539,True
sab2_7qxd_kkk:sab2_7qxd_kkk_s26:sab2_7qxd_kkk_s11,sab2_7qxd_kkk,96,cdr3,A,7.62035071849823,4.0112714767456055,5.815811097621918,4.0112714767456055,3.6090792417526245,True
sab2_7qxd_kkk:sab2_7qxd_kkk_s26:sab2_7qxd_kkk_s11,sab2_7qxd_kkk,97,cdr3,R,0.2335062026977539,-0.2261667251586914,0.00366973876953125,0.0,0.4596729278564453,False
sab2_7qxd_kkk:sab2_7qxd_kkk_s26:sab2_7qxd_kkk_s11,sab2_7qxd_kkk,98,cdr3,G,-0.3162984848022461,0.6817741394042969,0.1827378273010254,0.0,0.998072624206543,False
sab2_7qxd_kkk:sab2_7qxd_kkk_s26:sab2_7qxd_kkk_s11,sab2_7qxd_kkk,99,cdr3,D,-0.9410371780395508,0.047326087951660156,-0.4468555450439453,0.0,0.9883632659912109,False
sab2_7qxd_kkk:sab2_7qxd_kkk_s26:sab2_7qxd_kkk_s11,sab2_7qxd_kkk,100,cdr3,G,3.1372575759887695,-0.3131847381591797,1.412036418914795,0.0,3.450442314147949,False
sab2_7qxd_kkk:sab2_7qxd_kkk_s26:sab2_7qxd_kkk_s11,sab2_7qxd_kkk,101,cdr3,G,2.066117763519287,0.4024028778076172,1.2342603206634521,0.4024028778076172,1.66371488571167,True
sab2_7qxd_kkk:sab2_7qxd_kkk_s26:sab2_7qxd_kkk_s11,sab2_7qxd_kkk,102,cdr3,L,7.721582531929016,1.0264301300048828,4.3740063309669495,1.0264301300048828,6.695152401924133,True
sab2_7qxd_kkk:sab2_7qxd_kkk_s04:sab2_7qxd_kkk_s24,sab2_7qxd_kkk,27,cdr1,S,-1.350245475769043,1.5378847122192383,0.09381961822509766,0.0,2.8881301879882812,False
sab2_7qxd_kkk:sab2_7qxd_kkk_s04:sab2_7qxd_kkk_s24,sab2_7qxd_kkk,29,cdr1,N,3.2988791465759277,3.558781623840332,3.42883038520813,3.2988791465759277,0.2599024772644043,True
sab2_7qxd_kkk:sab2_7qxd_kkk_s04:sab2_7qxd_kkk_s24,sab2_7qxd_kkk,31,cdr1,F,0.15948963165283203,0.018093109130859375,0.0887913703918457,0.018093109130859375,0.14139652252197266,True
sab2_7qxd_kkk:sab2_7qxd_kkk_s04:sab2_7qxd_kkk_s24,sab2_7qxd_kkk,32,cdr1,W,3.0732269287109375,2.1913490295410156,2.6322879791259766,2.1913490295410156,0.8818778991699219,True
sab2_7qxd_kkk:sab2_7qxd_kkk_s04:sab2_7qxd_kkk_s24,sab2_7qxd_kkk,53,cdr2,E,1.2059459686279297,3.004240036010742,2.105093002319336,1.2059459686279297,1.7982940673828125,True
sab2_7qxd_kkk:sab2_7qxd_kkk_s04:sab2_7qxd_kkk_s24,sab2_7qxd_kkk,55,cdr2,T,2.7328224182128906,0.6793384552001953,1.706080436706543,0.6793384552001953,2.0534839630126953,True
sab2_7qxd_kkk:sab2_7qxd_kkk_s04:sab2_7qxd_kkk_s24,sab2_7qxd_kkk,56,cdr2,T,0.45573854446411133,1.5132322311401367,0.984485387802124,0.45573854446411133,1.0574936866760254,True
sab2_7qxd_kkk:sab2_7qxd_kkk_s04:sab2_7qxd_kkk_s24,sab2_7qxd_kkk,96,cdr3,A,2.1235599517822266,3.264969825744629,2.6942648887634277,2.1235599517822266,1.1414098739624023,True
sab2_7qxd_kkk:sab2_7qxd_kkk_s04:sab2_7qxd_kkk_s24,sab2_7qxd_kkk,97,cdr3,R,-2.92018985748291,-0.5725288391113281,-1.7463593482971191,0.0,2.347661018371582,True
sab2_7qxd_kkk:sab2_7qxd_kkk_s04:sab2_7qxd_kkk_s24,sab2_7qxd_kkk,99,cdr3,D,-0.5728673934936523,0.2602081298828125,-0.15632963180541992,0.0,0.8330755233764648,False
sab2_7qxd_kkk:sab2_7qxd_kkk_s04:sab2_7qxd_kkk_s24,sab2_7qxd_kkk,100,cdr3,G,-0.23973560333251953,2.4452271461486816,1.102745771408081,0.0,2.684962749481201,False
sab2_7qxd_kkk:sab2_7qxd_kkk_s04:sab2_7qxd_kkk_s24,sab2_7qxd_kkk,101,cdr3,G,3.1505608558654785,0.8088054656982422,1.9796831607818604,0.8088054656982422,2.3417553901672363,True
sab2_7qxd_kkk:sab2_7qxd_kkk_s04:sab2_7qxd_kkk_s24,sab2_7qxd_kkk,102,cdr3,L,3.23753023147583,0.07500267028808594,1.656266450881958,0.07500267028808594,3.162527561187744,True
sab2_7qxd_kkk:sab2_7qxd_kkk_s04:sab2_7qxd_kkk_s24,sab2_7qxd_kkk,103,cdr3,D,1.6251296997070312,0.7053604125976562,1.1652450561523438,0.7053604125976562,0.919769287109375,True
sab2_7qxd_kkk:sab2_7qxd_kkk_s04:sab2_7qxd_kkk_s24,sab2_7qxd_kkk,104,cdr3,D,6.136342823505402,1.694772720336914,3.915557771921158,1.694772720336914,4.4415701031684875,True
sab2_7qxd_kkk:sab2_7qxd_kkk_s17:sab2_7qxd_kkk_s02,sab2_7qxd_kkk,28,cdr1,F,0.13794279098510742,0.22387313842773438,0.1809079647064209,0.13794279098510742,0.08593034744262695,True
sab2_7qxd_kkk:sab2_7qxd_kkk_s17:sab2_7qxd_kkk_s02,sab2_7qxd_kkk,30,cdr1,S,1.0813875198364258,0.5285139083862305,0.8049507141113281,0.5285139083862305,0.5528736114501953,True
sab2_7qxd_kkk:sab2_7qxd_kkk_s17:sab2_7qxd_kkk_s02,sab2_7qxd_kkk,32,cdr1,W,-0.39468812942504883,3.3820481300354004,1.4936800003051758,0.0,3.776736259460449,False
sab2_7qxd_kkk:sab2_7qxd_kkk_s17:sab2_7qxd_kkk_s02,sab2_7qxd_kkk,52,cdr2,N,4.948934197425842,11.350292205810547,8.149613201618195,4.948934197425842,6.401358008384705,True
sab2_7qxd_kkk:sab2_7qxd_kkk_s17:sab2_7qxd_kkk_s02,sab2_7qxd_kkk,55,cdr2,T,-0.45968055725097656,1.9642219543457031,0.7522706985473633,0.0,2.4239025115966797,False
sab2_7qxd_kkk:sab2_7qxd_kkk_s17:sab2_7qxd_kkk_s02,sab2_7qxd_kkk,96,cdr3,A,4.7224438190460205,2.4611706733703613,3.591807246208191,2.4611706733703613,2.261273145675659,True
sab2_7qxd_kkk:sab2_7qxd_kkk_s17:sab2_7qxd_kkk_s02,sab2_7qxd_kkk,97,cdr3,R,0.23944807052612305,0.7229204177856445,0.4811842441558838,0.23944807052612305,0.4834723472595215,True
sab2_7qxd_kkk:sab2_7qxd_kkk_s17:sab2_7qxd_kkk_s02,sab2_7qxd_kkk,99,cdr3,D,-1.5026378631591797,-0.20682716369628906,-0.8547325134277344,0.0,1.2958106994628906,True
sab2_7qxd_kkk:sab2_7qxd_kkk_s17:sab2_7qxd_kkk_s02,sab2_7qxd_kkk,100,cdr3,G,1.2660765647888184,0.15251445770263672,0.7092955112457275,0.15251445770263672,1.1135621070861816,True
sab2_7qxd_kkk:sab2_7qxd_kkk_s17:sab2_7qxd_kkk_s02,sab2_7qxd_kkk,104,cdr3,D,0.28374433517456055,1.2816944122314453,0.7827193737030029,0.28374433517456055,0.9979500770568848,True
sab2_7qxd_kkk:sab2_7qxd_kkk_s20:sab2_7qxd_kkk_s29,sab2_7qxd_kkk,30,cdr1,S,2.2882018089294434,-0.3150959014892578,0.9865529537200928,0.0,2.603297710418701,False
sab2_7qxd_kkk:sab2_7qxd_kkk_s20:sab2_7qxd_kkk_s29,sab2_7qxd_kkk,31,cdr1,F,-1.2794380187988281,0.48492908477783203,-0.39725446701049805,0.0,1.7643671035766602,False
sab2_7qxd_kkk:sab2_7qxd_kkk_s20:sab2_7qxd_kkk_s29,sab2_7qxd_kkk,32,cdr1,W,1.0574707984924316,0.5990290641784668,0.8282499313354492,0.5990290641784668,0.45844173431396484,True
sab2_7qxd_kkk:sab2_7qxd_kkk_s20:sab2_7qxd_kkk_s29,sab2_7qxd_kkk,53,cdr2,E,2.9556360244750977,0.6860132217407227,1.8208246231079102,0.6860132217407227,2.269622802734375,True
sab2_7qxd_kkk:sab2_7qxd_kkk_s20:sab2_7qxd_kkk_s29,sab2_7qxd_kkk,56,cdr2,T,0.4073982238769531,0.1392841339111328,0.27334117889404297,0.1392841339111328,0.2681140899658203,True
sab2_7qxd_kkk:sab2_7qxd_kkk_s20:sab2_7qxd_kkk_s29,sab2_7qxd_kkk,97,cdr3,R,5.879097163677216,3.36661434173584,4.622855752706528,3.36661434173584,2.5124828219413757,True
sab2_7qxd_kkk:sab2_7qxd_kkk_s20:sab2_7qxd_kkk_s29,sab2_7qxd_kkk,98,cdr3,G,2.683354616165161,-0.6567220687866211,1.01331627368927,0.0,3.3400766849517822,False
sab2_7qxd_kkk:sab2_7qxd_kkk_s20:sab2_7qxd_kkk_s29,sab2_7qxd_kkk,99,cdr3,D,-0.7587194442749023,-0.0776510238647461,-0.4181852340698242,0.0,0.6810684204101562,True
sab2_7qxd_kkk:sab2_7qxd_kkk_s20:sab2_7qxd_kkk_s29,sab2_7qxd_kkk,101,cdr3,G,0.10195732116699219,1.2347545623779297,0.6683559417724609,0.10195732116699219,1.1327972412109375,True
sab2_7qxd_kkk:sab2_7qxd_kkk_s20:sab2_7qxd_kkk_s29,sab2_7qxd_kkk,102,cdr3,L,1.800295352935791,3.307741165161133,2.554018259048462,1.800295352935791,1.5074458122253418,True
sab2_7qxd_kkk:sab2_7qxd_kkk_s20:sab2_7qxd_kkk_s29,sab2_7qxd_kkk,103,cdr3,D,2.21974515914917,3.1623659133911133,2.6910555362701416,2.21974515914917,0.9426207542419434,True
sab2_7qxd_kkk:sab2_7qxd_kkk_s05:sab2_7qxd_kkk_s16,sab2_7qxd_kkk,27,cdr1,S,-0.5518717765808105,0.2085714340209961,-0.17165017127990723,0.0,0.7604432106018066,False
sab2_7qxd_kkk:sab2_7qxd_kkk_s05:sab2_7qxd_kkk_s16,sab2_7qxd_kkk,28,cdr1,F,-0.3654494285583496,-0.5184783935546875,-0.44196391105651855,0.0,0.1530289649963379,True
sab2_7qxd_kkk:sab2_7qxd_kkk_s05:sab2_7qxd_kkk_s16,sab2_7qxd_kkk,30,cdr1,S,1.9260985851287842,2.925748825073242,2.425923705101013,1.9260985851287842,0.999650239944458,True
sab2_7qxd_kkk:sab2_7qxd_kkk_s05:sab2_7qxd_kkk_s16,sab2_7qxd_kkk,32,cdr1,W,0.2717113494873047,0.25049352645874023,0.26110243797302246,0.25049352645874023,0.021217823028564453,True
sab2_7qxd_kkk:sab2_7qxd_kkk_s05:sab2_7qxd_kkk_s16,sab2_7qxd_kkk,52,cdr2,N,-2.2724227905273438,-1.2601842880249023,-1.766303539276123,0.0,1.0122385025024414,True
sab2_7qxd_kkk:sab2_7qxd_kkk_s05:sab2_7qxd_kkk_s16,sab2_7qxd_kkk,96,cdr3,A,5.226361811161041,5.958024501800537,5.592193156480789,5.226361811161041,0.7316626906394958,True
sab2_7qxd_kkk:sab2_7qxd_kkk_s05:sab2_7qxd_kkk_s16,sab2_7qxd_kkk,97,cdr3,R,1.2626714706420898,2.6495227813720703,1.95609712600708,1.2626714706420898,1.3868513107299805,True
sab2_7qxd_kkk:sab2_7qxd_kkk_s05:sab2_7qxd_kkk_s16,sab2_7qxd_kkk,98,cdr3,G,0.132568359375,2.4077844619750977,1.2701764106750488,0.132568359375,2.2752161026000977,True
sab2_7qxd_kkk:sab2_7qxd_kkk_s05:sab2_7qxd_kkk_s16,sab2_7qxd_kkk,99,cdr3,D,1.2568955421447754,0.8111739158630371,1.0340347290039062,0.8111739158630371,0.4457216262817383,True
sab2_7qxd_kkk:sab2_7qxd_kkk_s05:sab2_7qxd_kkk_s16,sab2_7qxd_kkk,101,cdr3,G,-1.2475662231445312,0.9952983856201172,-0.12613391876220703,0.0,2.2428646087646484,False
sab2_7qxd_kkk:sab2_7qxd_kkk_s05:sab2_7qxd_kkk_s16,sab2_7qxd_kkk,102,cdr3,L,-0.9722323417663574,5.955484628677368,2.4916261434555054,0.0,6.927716970443726,False
sab2_7qxd_kkk:sab2_7qxd_kkk_s05:sab2_7qxd_kkk_s16,sab2_7qxd_kkk,103,cdr3,D,4.435621738433838,5.238852024078369,4.8372368812561035,4.435621738433838,0.8032302856445312,True
sab2_7qxd_kkk:sab2_7qxd_kkk_s05:sab2_7qxd_kkk_s16,sab2_7qxd_kkk,104,cdr3,D,2.600210666656494,0.6044778823852539,1.602344274520874,0.6044778823852539,1.9957327842712402,True
sab2_7qxd_kkk:sab2_7qxd_kkk_s22:sab2_7qxd_kkk_s01,sab2_7qxd_kkk,30,cdr1,S,-1.414586067199707,-0.4443941116333008,-0.9294900894165039,0.0,0.9701919555664062,True
sab2_7qxd_kkk:sab2_7qxd_kkk_s22:sab2_7qxd_kkk_s01,sab2_7qxd_kkk,32,cdr1,W,-0.5990748405456543,-1.3496809005737305,-0.9743778705596924,0.0,0.7506060600280762,True
sab2_7qxd_kkk:sab2_7qxd_kkk_s22:sab2_7qxd_kkk_s01,sab2_7qxd_kkk,52,cdr2,N,3.6011335849761963,0.4746251106262207,2.0378793478012085,0.4746251106262207,3.1265084743499756,True
sab2_7qxd_kkk:sab2_7qxd_kkk_s22:sab2_7qxd_kkk_s01,sab2_7qxd_kkk,56,cdr2,T,-0.3197517395019531,-1.940244197845459,-1.129997968673706,0.0,1.6204924583435059,True
sab2_7qxd_kkk:sab2_7qxd_kkk_s22:sab2_7qxd_kkk_s01,sab2_7qxd_kkk,57,cdr2,T,2.9937806129455566,3.2725045680999756,3.133142590522766,2.9937806129455566,0.27872395515441895,True
sab2_7qxd_kkk:sab2_7qxd_kkk_s22:sab2_7qxd_kkk_s01,sab2_7qxd_kkk,96,cdr3,A,4.522001624107361,6.809297025203705,5.665649324655533,4.522001624107361,2.287295401096344,True
sab2_7qxd_kkk:sab2_7qxd_kkk_s22:sab2_7qxd_kkk_s01,sab2_7qxd_kkk,99,cdr3,D,-0.38761329650878906,-0.3921370506286621,-0.3898751735687256,0.0,0.004523754119873047,True
sab2_7qxd_kkk:sab2_7qxd_kkk_s22:sab2_7qxd_kkk_s01,sab2_7qxd_kkk,100,cdr3,G,0.6157898902893066,4.728485703468323,2.6721377968788147,0.6157898902893066,4.112695813179016,True
sab2_7qxd_kkk:sab2_7qxd_kkk_s22:sab2_7qxd_kkk_s01,sab2_7qxd_kkk,103,cdr3,D,0.4449601173400879,1.8141975402832031,1.1295788288116455,0.4449601173400879,1.3692374229431152,True
sab2_7qxd_kkk:sab2_7qxd_kkk_s22:sab2_7qxd_kkk_s01,sab2_7qxd_kkk,104,cdr3,D,3.991616725921631,5.100399971008301,4.546008348464966,3.991616725921631,1.10878324508667,True
sab2_7qxd_kkk:sab2_7qxd_kkk_s15:sab2_7qxd_kkk_s27,sab2_7qxd_kkk,28,cdr1,F,-0.1626572608947754,0.2931704521179199,0.06525659561157227,0.0,0.4558277130126953,False
sab2_7qxd_kkk:sab2_7qxd_kkk_s15:sab2_7qxd_kkk_s27,sab2_7qxd_kkk,30,cdr1,S,-0.008978843688964844,-2.707857608795166,-1.3584182262420654,0.0,2.698878765106201,True
sab2_7qxd_kkk:sab2_7qxd_kkk_s15:sab2_7qxd_kkk_s27,sab2_7qxd_kkk,31,cdr1,F,0.24652099609375,1.4385497570037842,0.8425353765487671,0.24652099609375,1.1920287609100342,True
sab2_7qxd_kkk:sab2_7qxd_kkk_s15:sab2_7qxd_kkk_s27,sab2_7qxd_kkk,52,cdr2,N,3.373730421066284,3.676743745803833,3.5252370834350586,3.373730421066284,0.30301332473754883,True
sab2_7qxd_kkk:sab2_7qxd_kkk_s15:sab2_7qxd_kkk_s27,sab2_7qxd_kkk,56,cdr2,T,2.3376267552375793,1.8461902141571045,2.091908484697342,1.8461902141571045,0.49143654108047485,True
sab2_7qxd_kkk:sab2_7qxd_kkk_s15:sab2_7qxd_kkk_s27,sab2_7qxd_kkk,97,cdr3,R,1.2449367046356201,-0.7450194358825684,0.24995863437652588,0.0,1.9899561405181885,False
sab2_7qxd_kkk:sab2_7qxd_kkk_s15:sab2_7qxd_kkk_s27,sab2_7qxd_kkk,98,cdr3,G,-1.2670722007751465,-0.8808894157409668,-1.0739808082580566,0.0,0.3861827850341797,True
sab2_7qxd_kkk:sab2_7qxd_kkk_s15:sab2_7qxd_kkk_s27,sab2_7qxd_kkk,99,cdr3,D,0.6473526954650879,0.3227705955505371,0.4850616455078125,0.3227705955505371,0.3245820999145508,True
sab2_7qxd_kkk:sab2_7qxd_kkk_s15:sab2_7qxd_kkk_s27,sab2_7qxd_kkk,100,cdr3,G,0.6791188716888428,1.0180697441101074,0.8485943078994751,0.6791188716888428,0.33895087242126465,True
sab2_7qxd_kkk:sab2_7qxd_kkk_s15:sab2_7qxd_kkk_s27,sab2_7qxd_kkk,103,cdr3,D,-1.7557740211486816,-0.4285316467285156,-1.0921528339385986,0.0,1.327242374420166,True
sab2_7qxd_kkk:sab2_7qxd_kkk_s15:sab2_7qxd_kkk_s27,sab2_7qxd_kkk,104,cdr3,D,4.379309415817261,0.626594066619873,2.502951741218567,0.626594066619873,3.7527153491973877,True
sab2_7qxd_kkk:sab2_7qxd_kkk_s25:sab2_7qxd_kkk_s09,sab2_7qxd_kkk,28,cdr1,F,-0.21961522102355957,-0.9783601760864258,-0.5989876985549927,0.0,0.7587449550628662,True
sab2_7qxd_kkk:sab2_7qxd_kkk_s25:sab2_7qxd_kkk_s09,sab2_7qxd_kkk,30,cdr1,S,1.2724344730377197,0.7801203727722168,1.0262774229049683,0.7801203727722168,0.49231410026550293,True
sab2_7qxd_kkk:sab2_7qxd_kkk_s25:sab2_7qxd_kkk_s09,sab2_7qxd_kkk,31,cdr1,F,-0.08273696899414062,-0.8630380630493164,-0.4728875160217285,0.0,0.7803010940551758,True
sab2_7qxd_kkk:sab2_7qxd_kkk_s25:sab2_7qxd_kkk_s09,sab2_7qxd_kkk,57,cdr2,T,3.8499279022216797,3.565391778945923,3.7076598405838013,3.565391778945923,0.28453612327575684,True
sab2_7qxd_kkk:sab2_7qxd_kkk_s25:sab2_7qxd_kkk_s09,sab2_7qxd_kkk,96,cdr3,A,0.7112118005752563,0.17788124084472656,0.44454652070999146,0.17788124084472656,0.5333305597305298,True
sab2_7qxd_kkk:sab2_7qxd_kkk_s25:sab2_7qxd_kkk_s09,sab2_7qxd_kkk,98,cdr3,G,2.3155286125838757,1.4046249389648438,1.8600767757743597,1.4046249389648438,0.9109036736190319,True
sab2_7qxd_kkk:sab2_7qxd_kkk_s25:sab2_7qxd_kkk_s09,sab2_7qxd_kkk,99,cdr3,D,-2.566272258758545,-1.1566615104675293,-1.861466884613037,0.0,1.4096107482910156,True
sab2_7qxd_kkk:sab2_7qxd_kkk_s25:sab2_7qxd_kkk_s09,sab2_7qxd_kkk,100,cdr3,G,-0.6831316947937012,2.853060007095337,1.0849641561508179,0.0,3.536191701889038,False
sab2_7qxd_kkk:sab2_7qxd_kkk_s25:sab2_7qxd_kkk_s09,sab2_7qxd_kkk,101,cdr3,G,2.7305255830287933,-0.7861104011535645,0.9722075909376144,0.0,3.516635984182358,False
sab2_7qxd_kkk:sab2_7qxd_kkk_s25:sab2_7qxd_kkk_s09,sab2_7qxd_kkk,102,cdr3,L,-2.1099777221679688,-0.030330181121826172,-1.0701539516448975,0.0,2.0796475410461426,True
sab2_7qxd_kkk:sab2_7qxd_kkk_s25:sab2_7qxd_kkk_s09,sab2_7qxd_kkk,103,cdr3,D,-1.3489596843719482,0.9106721878051758,-0.21914374828338623,0.0,2.259631872177124,False
sab2_7sl5_d:sab2_7sl5_d_s12:sab2_7sl5_d_s02,sab2_7sl5_d,30,cdr1,N,2.563343048095703,0.8219412565231323,1.6926421523094177,0.8219412565231323,1.7414017915725708,True
sab2_7sl5_d:sab2_7sl5_d_s12:sab2_7sl5_d_s02,sab2_7sl5_d,32,cdr1,I,-0.3854179382324219,3.207907557487488,1.411244809627533,0.0,3.5933254957199097,False
sab2_7sl5_d:sab2_7sl5_d_s12:sab2_7sl5_d_s02,sab2_7sl5_d,53,cdr2,D,3.5427069664001465,3.220654249191284,3.3816806077957153,3.220654249191284,0.3220527172088623,True
sab2_7sl5_d:sab2_7sl5_d_s12:sab2_7sl5_d_s02,sab2_7sl5_d,55,cdr2,R,1.511693000793457,5.228499412536621,3.370096206665039,1.511693000793457,3.716806411743164,True
sab2_7sl5_d:sab2_7sl5_d_s12:sab2_7sl5_d_s02,sab2_7sl5_d,56,cdr2,N,-0.18771648406982422,-2.0797176361083984,-1.1337170600891113,0.0,1.8920011520385742,True
sab2_7sl5_d:sab2_7sl5_d_s12:sab2_7sl5_d_s02,sab2_7sl5_d,57,cdr2,T,0.938018798828125,6.914052963256836,3.9260358810424805,0.938018798828125,5.976034164428711,True
sab2_7sl5_d:sab2_7sl5_d_s12:sab2_7sl5_d_s02,sab2_7sl5_d,98,cdr3,G,1.2536420822143555,1.1353306770324707,1.194486379623413,1.1353306770324707,0.11831140518188477,True
sab2_7sl5_d:sab2_7sl5_d_s12:sab2_7sl5_d_s02,sab2_7sl5_d,99,cdr3,L,-0.0852975845336914,0.8376274108886719,0.37616491317749023,0.0,0.9229249954223633,False
sab2_7sl5_d:sab2_7sl5_d_s12:sab2_7sl5_d_s02,sab2_7sl5_d,101,cdr3,V,1.6209688186645508,-0.44855523109436035,0.5862067937850952,0.0,2.069524049758911,False
sab2_7sl5_d:sab2_7sl5_d_s12:sab2_7sl5_d_s02,sab2_7sl5_d,102,cdr3,L,-0.7465476989746094,0.46963179111480713,-0.13845795392990112,0.0,1.2161794900894165,False
sab2_7sl5_d:sab2_7sl5_d_s12:sab2_7sl5_d_s02,sab2_7sl5_d,103,cdr3,R,2.23226261138916,-3.0995683670043945,-0.4336528778076172,0.0,5.331830978393555,False
sab2_7sl5_d:sab2_7sl5_d_s12:sab2_7sl5_d_s02,sab2_7sl5_d,104,cdr3,F,1.0616884231567383,0.7422947883605957,0.901991605758667,0.7422947883605957,0.3193936347961426,True
sab2_7sl5_d:sab2_7sl5_d_s12:sab2_7sl5_d_s02,sab2_7sl5_d,105,cdr3,L,0.33727169036865234,1.3260233998298645,0.8316475450992584,0.33727169036865234,0.9887517094612122,True
sab2_7sl5_d:sab2_7sl5_d_s12:sab2_7sl5_d_s02,sab2_7sl5_d,106,cdr3,D,-0.8234891891479492,0.368710994720459,-0.22738909721374512,0.0,1.1922001838684082,False
sab2_7sl5_d:sab2_7sl5_d_s12:sab2_7sl5_d_s02,sab2_7sl5_d,107,cdr3,L,0.7851753234863281,-0.10677003860473633,0.3392026424407959,0.0,0.8919453620910645,False
sab2_7sl5_d:sab2_7sl5_d_s12:sab2_7sl5_d_s02,sab2_7sl5_d,108,cdr3,S,0.14879703521728516,0.8937002420425415,0.5212486386299133,0.14879703521728516,0.7449032068252563,True
sab2_7sl5_d:sab2_7sl5_d_s12:sab2_7sl5_d_s02,sab2_7sl5_d,109,cdr3,T,1.0982027053833008,0.7983448505401611,0.948273777961731,0.7983448505401611,0.29985785484313965,True
sab2_7sl5_d:sab2_7sl5_d_s12:sab2_7sl5_d_s02,sab2_7sl5_d,110,cdr3,P,0.12696456909179688,-0.5011136531829834,-0.18707454204559326,0.0,0.6280782222747803,False
sab2_7sl5_d:sab2_7sl5_d_s12:sab2_7sl5_d_s02,sab2_7sl5_d,111,cdr3,S,-0.48081207275390625,0.11066460609436035,-0.18507373332977295,0.0,0.5914766788482666,False
sab2_7sl5_d:sab2_7sl5_d_s12:sab2_7sl5_d_s02,sab2_7sl5_d,113,cdr3,E,0.5712661743164062,1.0527017712593079,0.8119839727878571,0.5712661743164062,0.4814355969429016,True
sab2_7sl5_d:sab2_7sl5_d_s12:sab2_7sl5_d_s02,sab2_7sl5_d,114,cdr3,R,-0.747161865234375,0.2278118133544922,-0.2596750259399414,0.0,0.9749736785888672,False
sab2_7sl5_d:sab2_7sl5_d_s12:sab2_7sl5_d_s02,sab2_7sl5_d,115,cdr3,L,-0.5334749221801758,0.3333779573440552,-0.1000484824180603,0.0,0.866852879524231,False
sab2_7sl5_d:sab2_7sl5_d_s12:sab2_7sl5_d_s02,sab2_7sl5_d,116,cdr3,D,0.3418312072753906,0.7388982772827148,0.5403647422790527,0.3418312072753906,0.3970670700073242,True
sab2_7sl5_d:sab2_7sl5_d_s12:sab2_7sl5_d_s02,sab2_7sl5_d,117,cdr3,A,0.9045953750610352,-0.12250804901123047,0.39104366302490234,0.0,1.0271034240722656,False
sab2_7sl5_d:sab2_7sl5_d_s12:sab2_7sl5_d_s02,sab2_7sl5_d,118,cdr3,F,-0.641118049621582,-0.40740108489990234,-0.5242595672607422,0.0,0.2337169647216797,True
sab2_7sl5_d:sab2_7sl5_d_s12:sab2_7sl5_d_s02,sab2_7sl5_d,119,cdr3,D,0.1825418472290039,-0.6919658184051514,-0.25471198558807373,0.0,0.8745076656341553,False
sab2_7sl5_d:sab2_7sl5_d_s26:sab2_7sl5_d_s11,sab2_7sl5_d,28,cdr1,F,3.1478681564331055,3.3912612199783325,3.269564688205719,3.1478681564331055,0.24339306354522705,True
sab2_7sl5_d:sab2_7sl5_d_s26:sab2_7sl5_d_s11,sab2_7sl5_d,55,cdr2,R,2.420869827270508,2.930509090423584,2.675689458847046,2.420869827270508,0.5096392631530762,True
sab2_7sl5_d:sab2_7sl5_d_s26:sab2_7sl5_d_s11,sab2_7sl5_d,56,cdr2,N,1.7262635231018066,0.41830873489379883,1.0722861289978027,0.41830873489379883,1.3079547882080078,True
sab2_7sl5_d:sab2_7sl5_d_s26:sab2_7sl5_d_s11,sab2_7sl5_d,57,cdr2,T,2.146261215209961,3.9604746103286743,3.0533679127693176,2.146261215209961,1.8142133951187134,True
sab2_7sl5_d:sab2_7sl5_d_s26:sab2_7sl5_d_s11,sab2_7sl5_d,97,cdr3,K,1.6647558212280273,4.857332348823547,3.2610440850257874,1.6647558212280273,3.19257652759552,True
sab2_7sl5_d:sab2_7sl5_d_s26:sab2_7sl5_d_s11,sab2_7sl5_d,98,cdr3,G,-0.5068340301513672,0.002364516258239746,-0.2522347569465637,0.0,0.5091985464096069,False
sab2_7sl5_d:sab2_7sl5_d_s26:sab2_7sl5_d_s11,sab2_7sl5_d,99,cdr3,L,-2.3218154907226562,-1.0923088788986206,-1.7070621848106384,0.0,1.2295066118240356,True
sab2_7sl5_d:sab2_7sl5_d_s26:sab2_7sl5_d_s11,sab2_7sl5_d,100,cdr3,D,-0.4817390441894531,1.261686760932207,0.389973858371377,0.0,1.7434258051216602,False
sab2_7sl5_d:sab2_7sl5_d_s26:sab2_7sl5_d_s11,sab2_7sl5_d,101,cdr3,V,-0.12324237823486328,-0.23659026622772217,-0.17991632223129272,0.0,0.11334788799285889,True
sab2_7sl5_d:sab2_7sl5_d_s26:sab2_7sl5_d_s11,sab2_7sl5_d,102,cdr3,L,-0.05565166473388672,1.6696105599403381,0.8069794476032257,0.0,1.7252622246742249,False
sab2_7sl5_d:sab2_7sl5_d_s26:sab2_7sl5_d_s11,sab2_7sl5_d,103,cdr3,R,0.20114707946777344,1.0606122314929962,0.6308796554803848,0.20114707946777344,0.8594651520252228,True
sab2_7sl5_d:sab2_7sl5_d_s26:sab2_7sl5_d_s11,sab2_7sl5_d,104,cdr3,F,0.2075214385986328,-0.9630907773971558,-0.3777846693992615,0.0,1.1706122159957886,False
sab2_7sl5_d:sab2_7sl5_d_s26:sab2_7sl5_d_s11,sab2_7sl5_d,105,cdr3,L,0.05644035339355469,0.15566027164459229,0.10605031251907349,0.05644035339355469,0.0992199182510376,True
sab2_7sl5_d:sab2_7sl5_d_s26:sab2_7sl5_d_s11,sab2_7sl5_d,106,cdr3,D,-0.033966064453125,-2.7818020582199097,-1.4078840613365173,0.0,2.7478359937667847,True
sab2_7sl5_d:sab2_7sl5_d_s26:sab2_7sl5_d_s11,sab2_7sl5_d,108,cdr3,S,0.057105064392089844,0.9118605256080627,0.4844827950000763,0.057105064392089844,0.8547554612159729,True
sab2_7sl5_d:sab2_7sl5_d_s26:sab2_7sl5_d_s11,sab2_7sl5_d,109,cdr3,T,0.22292137145996094,0.5515443086624146,0.38723284006118774,0.22292137145996094,0.3286229372024536,True
sab2_7sl5_d:sab2_7sl5_d_s26:sab2_7sl5_d_s11,sab2_7sl5_d,110,cdr3,P,-0.8017034530639648,0.844365268945694,0.021330907940864563,0.0,1.6460687220096588,False
sab2_7sl5_d:sab2_7sl5_d_s26:sab2_7sl5_d_s11,sab2_7sl5_d,111,cdr3,S,0.05066967010498047,1.370161533355713,0.7104156017303467,0.05066967010498047,1.3194918632507324,True
sab2_7sl5_d:sab2_7sl5_d_s26:sab2_7sl5_d_s11,sab2_7sl5_d,112,cdr3,G,0.32401371002197266,0.28157639503479004,0.30279505252838135,0.28157639503479004,0.04243731498718262,True
sab2_7sl5_d:sab2_7sl5_d_s26:sab2_7sl5_d_s11,sab2_7sl5_d,113,cdr3,E,0.9432430267333984,0.19201433658599854,0.5676286816596985,0.19201433658599854,0.7512286901473999,True
sab2_7sl5_d:sab2_7sl5_d_s26:sab2_7sl5_d_s11,sab2_7sl5_d,114,cdr3,R,3.206186294555664,-2.882715106010437,0.16173559427261353,0.0,6.088901400566101,False
sab2_7sl5_d:sab2_7sl5_d_s26:sab2_7sl5_d_s11,sab2_7sl5_d,115,cdr3,L,1.568434715270996,-0.193711519241333,0.6873615980148315,0.0,1.762146234512329,False
sab2_7sl5_d:sab2_7sl5_d_s26:sab2_7sl5_d_s11,sab2_7sl5_d,116,cdr3,D,-0.8598318099975586,0.6263447999954224,-0.11674350500106812,0.0,1.486176609992981,False
sab2_7sl5_d:sab2_7sl5_d_s26:sab2_7sl5_d_s11,sab2_7sl5_d,117,cdr3,A,0.5188589096069336,-0.10170423984527588,0.20857733488082886,0.0,0.6205631494522095,False
sab2_7sl5_d:sab2_7sl5_d_s26:sab2_7sl5_d_s11,sab2_7sl5_d,118,cdr3,F,-0.7677278518676758,0.4649962782859802,-0.15136578679084778,0.0,1.232724130153656,False
sab2_7sl5_d:sab2_7sl5_d_s26:sab2_7sl5_d_s11,sab2_7sl5_d,119,cdr3,D,0.9464340209960938,1.667225331068039,1.3068296760320663,0.9464340209960938,0.7207913100719452,True
sab2_7sl5_d:sab2_7sl5_d_s25:sab2_7sl5_d_s18,sab2_7sl5_d,28,cdr1,F,3.998812675476074,3.538896083831787,3.7688543796539307,3.538896083831787,0.4599165916442871,True
sab2_7sl5_d:sab2_7sl5_d_s25:sab2_7sl5_d_s18,sab2_7sl5_d,97,cdr3,K,2.8691868782043457,5.693966627120972,4.281576752662659,2.8691868782043457,2.824779748916626,True
sab2_7sl5_d:sab2_7sl5_d_s25:sab2_7sl5_d_s18,sab2_7sl5_d,98,cdr3,G,-0.8677558898925781,-2.216933488845825,-1.5423446893692017,0.0,1.349177598953247,True
sab2_7sl5_d:sab2_7sl5_d_s25:sab2_7sl5_d_s18,sab2_7sl5_d,99,cdr3,L,0.05667591094970703,3.3382418155670166,1.6974588632583618,0.05667591094970703,3.2815659046173096,True
sab2_7sl5_d:sab2_7sl5_d_s25:sab2_7sl5_d_s18,sab2_7sl5_d,100,cdr3,D,1.5895328521728516,0.9768177270889282,1.28317528963089,0.9768177270889282,0.6127151250839233,True
sab2_7sl5_d:sab2_7sl5_d_s25:sab2_7sl5_d_s18,sab2_7sl5_d,101,cdr3,V,0.5905466079711914,0.6729433536529541,0.6317449808120728,0.5905466079711914,0.0823967456817627,True
sab2_7sl5_d:sab2_7sl5_d_s25:sab2_7sl5_d_s18,sab2_7sl5_d,102,cdr3,L,-0.5568857192993164,0.08080220222473145,-0.23804175853729248,0.0,0.6376879215240479,False
sab2_7sl5_d:sab2_7sl5_d_s25:sab2_7sl5_d_s18,sab2_7sl5_d,103,cdr3,R,0.6020107269287109,1.9786759614944458,1.2903433442115784,0.6020107269287109,1.3766652345657349,True
sab2_7sl5_d:sab2_7sl5_d_s25:sab2_7sl5_d_s18,sab2_7sl5_d,104,cdr3,F,0.038883209228515625,-1.1133697032928467,-0.5372432470321655,0.0,1.1522529125213623,False
sab2_7sl5_d:sab2_7sl5_d_s25:sab2_7sl5_d_s18,sab2_7sl5_d,106,cdr3,D,-0.7070093154907227,-0.9316606521606445,-0.8193349838256836,0.0,0.22465133666992188,True
sab2_7sl5_d:sab2_7sl5_d_s25:sab2_7sl5_d_s18,sab2_7sl5_d,107,cdr3,L,-0.6853370666503906,3.2649710178375244,1.289816975593567,0.0,3.950308084487915,False
sab2_7sl5_d:sab2_7sl5_d_s25:sab2_7sl5_d_s18,sab2_7sl5_d,108,cdr3,S,-1.0106868743896484,2.3728363513946533,0.6810747385025024,0.0,3.3835232257843018,False
sab2_7sl5_d:sab2_7sl5_d_s25:sab2_7sl5_d_s18,sab2_7sl5_d,109,cdr3,T,-1.6129398345947266,1.0972008109092712,-0.25786951184272766,0.0,2.710140645503998,False
sab2_7sl5_d:sab2_7sl5_d_s25:sab2_7sl5_d_s18,sab2_7sl5_d,110,cdr3,P,0.18661022186279297,-0.1450023651123047,0.02080392837524414,0.0,0.33161258697509766,False
sab2_7sl5_d:sab2_7sl5_d_s25:sab2_7sl5_d_s18,sab2_7sl5_d,111,cdr3,S,-0.3897838592529297,1.1174089908599854,0.36381256580352783,0.0,1.507192850112915,False
sab2_7sl5_d:sab2_7sl5_d_s25:sab2_7sl5_d_s18,sab2_7sl5_d,112,cdr3,G,-0.5328435897827148,-0.30684518814086914,-0.419844388961792,0.0,0.2259984016418457,True
sab2_7sl5_d:sab2_7sl5_d_s25:sab2_7sl5_d_s18,sab2_7sl5_d,113,cdr3,E,2.0028085708618164,-1.585854172706604,0.2084771990776062,0.0,3.5886627435684204,False
sab2_7sl5_d:sab2_7sl5_d_s25:sab2_7sl5_d_s18,sab2_7sl5_d,114,cdr3,R,4.395011901855469,1.560044765472412,2.9775283336639404,1.560044765472412,2.8349671363830566,True
sab2_7sl5_d:sab2_7sl5_d_s25:sab2_7sl5_d_s18,sab2_7sl5_d,115,cdr3,L,2.366549015045166,-0.9785010814666748,0.6940239667892456,0.0,3.345050096511841,False
sab2_7sl5_d:sab2_7sl5_d_s25:sab2_7sl5_d_s18,sab2_7sl5_d,117,cdr3,A,0.23507118225097656,1.873103141784668,1.0540871620178223,0.23507118225097656,1.6380319595336914,True
sab2_7sl5_d:sab2_7sl5_d_s25:sab2_7sl5_d_s18,sab2_7sl5_d,118,cdr3,F,1.5633549690246582,2.185697317123413,1.8745261430740356,1.5633549690246582,0.6223423480987549,True
sab2_7sl5_d:sab2_7sl5_d_s15:sab2_7sl5_d_s29,sab2_7sl5_d,32,cdr1,I,0.11541461944580078,0.7680071890354156,0.4417109042406082,0.11541461944580078,0.6525925695896149,True
sab2_7sl5_d:sab2_7sl5_d_s15:sab2_7sl5_d_s29,sab2_7sl5_d,52,cdr2,S,0.6462125778198242,3.304467588663101,1.9753400832414627,0.6462125778198242,2.658255010843277,True
sab2_7sl5_d:sab2_7sl5_d_s15:sab2_7sl5_d_s29,sab2_7sl5_d,97,cdr3,K,2.0256643295288086,1.0030329525470734,1.514348641037941,1.0030329525470734,1.0226313769817352,True
sab2_7sl5_d:sab2_7sl5_d_s15:sab2_7sl5_d_s29,sab2_7sl5_d,98,cdr3,G,0.8725085258483887,-0.48336260579526424,0.19457296002656221,0.0,1.355871131643653,False
sab2_7sl5_d:sab2_7sl5_d_s15:sab2_7sl5_d_s29,sab2_7sl5_d,99,cdr3,L,2.5920066833496094,0.760726124048233,1.6763664036989212,0.760726124048233,1.8312805593013763,True
sab2_7sl5_d:sab2_7sl5_d_s15:sab2_7sl5_d_s29,sab2_7sl5_d,100,cdr3,D,1.1088743209838867,-0.5895679891109467,0.25965316593647003,0.0,1.6984423100948334,False
sab2_7sl5_d:sab2_7sl5_d_s15:sab2_7sl5_d_s29,sab2_7sl5_d,101,cdr3,V,0.7754850387573242,-1.4707063138484955,-0.34761063754558563,0.0,2.2461913526058197,False
sab2_7sl5_d:sab2_7sl5_d_s15:sab2_7sl5_d_s29,sab2_7sl5_d,102,cdr3,L,0.4927339553833008,-0.6768772006034851,-0.09207162261009216,0.0,1.1696111559867859,False
sab2_7sl5_d:sab2_7sl5_d_s15:sab2_7sl5_d_s29,sab2_7sl5_d,103,cdr3,R,1.123795986175537,-0.5147554203867912,0.30452028289437294,0.0,1.6385514065623283,False
sab2_7sl5_d:sab2_7sl5_d_s15:sab2_7sl5_d_s29,sab2_7sl5_d,104,cdr3,F,1.530684471130371,-0.09715843200683594,0.7167630195617676,0.0,1.627842903137207,False
sab2_7sl5_d:sab2_7sl5_d_s15:sab2_7sl5_d_s29,sab2_7sl5_d,105,cdr3,L,1.7294631004333496,-2.528136819601059,-0.3993368595838547,0.0,4.257599920034409,False
sab2_7sl5_d:sab2_7sl5_d_s15:sab2_7sl5_d_s29,sab2_7sl5_d,106,cdr3,D,1.0125226974487305,-0.9197983145713806,0.04636219143867493,0.0,1.932321012020111,False
sab2_7sl5_d:sab2_7sl5_d_s15:sab2_7sl5_d_s29,sab2_7sl5_d,107,cdr3,L,4.564275741577148,-1.8222204148769379,1.3710276633501053,0.0,6.386496156454086,False
sab2_7sl5_d:sab2_7sl5_d_s15:sab2_7sl5_d_s29,sab2_7sl5_d,108,cdr3,S,-0.7628316879272461,-1.467768281698227,-1.1152999848127365,0.0,0.7049365937709808,True
sab2_7sl5_d:sab2_7sl5_d_s15:sab2_7sl5_d_s29,sab2_7sl5_d,109,cdr3,T,1.4588217735290527,1.032343178987503,1.245582476258278,1.032343178987503,0.4264785945415497,True
sab2_7sl5_d:sab2_7sl5_d_s15:sab2_7sl5_d_s29,sab2_7sl5_d,110,cdr3,P,0.5883345603942871,-2.759380668401718,-1.0855230540037155,0.0,3.3477152287960052,False
sab2_7sl5_d:sab2_7sl5_d_s15:sab2_7sl5_d_s29,sab2_7sl5_d,111,cdr3,S,1.0389747619628906,-0.7971076369285583,0.12093356251716614,0.0,1.836082398891449,False
sab2_7sl5_d:sab2_7sl5_d_s15:sab2_7sl5_d_s29,sab2_7sl5_d,112,cdr3,G,-0.1326580047607422,-1.1920502483844757,-0.662354126572609,0.0,1.0593922436237335,True
sab2_7sl5_d:sab2_7sl5_d_s15:sab2_7sl5_d_s29,sab2_7sl5_d,113,cdr3,E,-0.41363048553466797,-1.3334138095378876,-0.8735221475362778,0.0,0.9197833240032196,True
sab2_7sl5_d:sab2_7sl5_d_s15:sab2_7sl5_d_s29,sab2_7sl5_d,114,cdr3,R,-0.05750751495361328,0.06380024552345276,0.0031463652849197388,0.0,0.12130776047706604,False
sab2_7sl5_d:sab2_7sl5_d_s15:sab2_7sl5_d_s29,sab2_7sl5_d,117,cdr3,A,-0.27917003631591797,-0.26551827788352966,-0.2723441570997238,0.0,0.013651758432388306,True
sab2_7sl5_d:sab2_7sl5_d_s15:sab2_7sl5_d_s29,sab2_7sl5_d,118,cdr3,F,0.1467428207397461,1.562814623117447,0.8547787219285965,0.1467428207397461,1.4160718023777008,True
sab2_7sl5_d:sab2_7sl5_d_s07:sab2_7sl5_d_s14,sab2_7sl5_d,28,cdr1,F,3.5772409439086914,3.419752359390259,3.498496651649475,3.419752359390259,0.15748858451843262,True
sab2_7sl5_d:sab2_7sl5_d_s07:sab2_7sl5_d_s14,sab2_7sl5_d,55,cdr2,R,1.3796257972717285,1.0573687553405762,1.2184972763061523,1.0573687553405762,0.32225704193115234,True
sab2_7sl5_d:sab2_7sl5_d_s07:sab2_7sl5_d_s14,sab2_7sl5_d,56,cdr2,N,1.0128774642944336,-0.44204866886138916,0.2854143977165222,0.0,1.4549261331558228,False
sab2_7sl5_d:sab2_7sl5_d_s07:sab2_7sl5_d_s14,sab2_7sl5_d,98,cdr3,G,0.853571891784668,-3.096329927444458,-1.121379017829895,0.0,3.949901819229126,False
sab2_7sl5_d:sab2_7sl5_d_s07:sab2_7sl5_d_s14,sab2_7sl5_d,99,cdr3,L,1.8668012619018555,2.4330456256866455,2.1499234437942505,1.8668012619018555,0.56624436378479,True
sab2_7sl5_d:sab2_7sl5_d_s07:sab2_7sl5_d_s14,sab2_7sl5_d,100,cdr3,D,-2.951748847961426,-1.2894466817378998,-2.120597764849663,0.0,1.662302166223526,True
sab2_7sl5_d:sab2_7sl5_d_s07:sab2_7sl5_d_s14,sab2_7sl5_d,101,cdr3,V,0.019443511962890625,0.718732476234436,0.36908799409866333,0.019443511962890625,0.6992889642715454,True
sab2_7sl5_d:sab2_7sl5_d_s07:sab2_7sl5_d_s14,sab2_7sl5_d,102,cdr3,L,-0.26080799102783203,-0.5402495861053467,-0.40052878856658936,0.0,0.27944159507751465,True
sab2_7sl5_d:sab2_7sl5_d_s07:sab2_7sl5_d_s14,sab2_7sl5_d,104,cdr3,F,0.5219922065734863,2.7519233226776123,1.6369577646255493,0.5219922065734863,2.229931116104126,True
sab2_7sl5_d:sab2_7sl5_d_s07:sab2_7sl5_d_s14,sab2_7sl5_d,105,cdr3,L,0.1250324249267578,-1.2898595035076141,-0.5824135392904282,0.0,1.414891928434372,False
sab2_7sl5_d:sab2_7sl5_d_s07:sab2_7sl5_d_s14,sab2_7sl5_d,106,cdr3,D,-0.3565940856933594,2.4495317935943604,1.0464688539505005,0.0,2.8061258792877197,False
sab2_7sl5_d:sab2_7sl5_d_s07:sab2_7sl5_d_s14,sab2_7sl5_d,107,cdr3,L,0.7413578033447266,1.545705795288086,1.1435317993164062,0.7413578033447266,0.8043479919433594,True
sab2_7sl5_d:sab2_7sl5_d_s07:sab2_7sl5_d_s14,sab2_7sl5_d,108,cdr3,S,-0.3509540557861328,-0.45122748613357544,-0.4010907709598541,0.0,0.10027343034744263,True
sab2_7sl5_d:sab2_7sl5_d_s07:sab2_7sl5_d_s14,sab2_7sl5_d,109,cdr3,T,-0.018924713134765625,0.7063466310501099,0.3437109589576721,0.0,0.7252713441848755,False
sab2_7sl5_d:sab2_7sl5_d_s07:sab2_7sl5_d_s14,sab2_7sl5_d,110,cdr3,P,1.3484768867492676,1.2005980014801025,1.274537444114685,1.2005980014801025,0.14787888526916504,True
sab2_7sl5_d:sab2_7sl5_d_s07:sab2_7sl5_d_s14,sab2_7sl5_d,112,cdr3,G,-0.24443912506103516,-0.0833480954170227,-0.16389361023902893,0.0,0.16109102964401245,True
sab2_7sl5_d:sab2_7sl5_d_s07:sab2_7sl5_d_s14,sab2_7sl5_d,113,cdr3,E,-0.0847015380859375,-0.7188814282417297,-0.4017914831638336,0.0,0.6341798901557922,True
sab2_7sl5_d:sab2_7sl5_d_s07:sab2_7sl5_d_s14,sab2_7sl5_d,114,cdr3,R,-0.07648563385009766,-1.4451556205749512,-0.7608206272125244,0.0,1.3686699867248535,True
sab2_7sl5_d:sab2_7sl5_d_s07:sab2_7sl5_d_s14,sab2_7sl5_d,115,cdr3,L,-1.1395320892333984,-1.9851524829864502,-1.5623422861099243,0.0,0.8456203937530518,True
sab2_7sl5_d:sab2_7sl5_d_s07:sab2_7sl5_d_s14,sab2_7sl5_d,116,cdr3,D,-0.5008754730224609,1.3612592220306396,0.43019187450408936,0.0,1.8621346950531006,False
sab2_7sl5_d:sab2_7sl5_d_s07:sab2_7sl5_d_s14,sab2_7sl5_d,117,cdr3,A,-0.309478759765625,0.08765435218811035,-0.11091220378875732,0.0,0.39713311195373535,False
sab2_7sl5_d:sab2_7sl5_d_s07:sab2_7sl5_d_s14,sab2_7sl5_d,118,cdr3,F,-1.5855445861816406,-1.1830615252256393,-1.38430305570364,0.0,0.4024830609560013,True
sab2_7sl5_d:sab2_7sl5_d_s13:sab2_7sl5_d_s19,sab2_7sl5_d,52,cdr2,S,2.2630362510681152,1.9041788578033447,2.08360755443573,1.9041788578033447,0.3588573932647705,True
sab2_7sl5_d:sab2_7sl5_d_s13:sab2_7sl5_d_s19,sab2_7sl5_d,98,cdr3,G,1.7528891563415527,0.20505523681640625,0.9789721965789795,0.20505523681640625,1.5478339195251465,True
sab2_7sl5_d:sab2_7sl5_d_s13:sab2_7sl5_d_s19,sab2_7sl5_d,100,cdr3,D,3.20822811126709,1.0717570781707764,2.139992594718933,1.0717570781707764,2.1364710330963135,True
sab2_7sl5_d:sab2_7sl5_d_s13:sab2_7sl5_d_s19,sab2_7sl5_d,101,cdr3,V,3.25128173828125,-0.2651984691619873,1.4930416345596313,0.0,3.5164802074432373,False
sab2_7sl5_d:sab2_7sl5_d_s13:sab2_7sl5_d_s19,sab2_7sl5_d,102,cdr3,L,0.7530107498168945,2.0287458896636963,1.3908783197402954,0.7530107498168945,1.2757351398468018,True
sab2_7sl5_d:sab2_7sl5_d_s13:sab2_7sl5_d_s19,sab2_7sl5_d,103,cdr3,R,3.2701096534729004,-0.8829144239425659,1.1935976147651672,0.0,4.153024077415466,False
sab2_7sl5_d:sab2_7sl5_d_s13:sab2_7sl5_d_s19,sab2_7sl5_d,104,cdr3,F,0.2508559226989746,0.8145360946655273,0.532696008682251,0.2508559226989746,0.5636801719665527,True
sab2_7sl5_d:sab2_7sl5_d_s13:sab2_7sl5_d_s19,sab2_7sl5_d,105,cdr3,L,2.112494468688965,1.5612375736236572,1.836866021156311,1.5612375736236572,0.5512568950653076,True
sab2_7sl5_d:sab2_7sl5_d_s13:sab2_7sl5_d_s19,sab2_7sl5_d,106,cdr3,D,0.8705005645751953,-0.30579471588134766,0.28235292434692383,0.0,1.176295280456543,False
sab2_7sl5_d:sab2_7sl5_d_s13:sab2_7sl5_d_s19,sab2_7sl5_d,107,cdr3,L,0.8585715293884277,0.5077738761901855,0.6831727027893066,0.5077738761901855,0.3507976531982422,True
sab2_7sl5_d:sab2_7sl5_d_s13:sab2_7sl5_d_s19,sab2_7sl5_d,108,cdr3,S,0.25406789779663086,2.2492377758026123,1.2516528367996216,0.25406789779663086,1.9951698780059814,True
sab2_7sl5_d:sab2_7sl5_d_s13:sab2_7sl5_d_s19,sab2_7sl5_d,109,cdr3,T,1.596461296081543,0.06788873672485352,0.8321750164031982,0.06788873672485352,1.5285725593566895,True
sab2_7sl5_d:sab2_7sl5_d_s13:sab2_7sl5_d_s19,sab2_7sl5_d,110,cdr3,P,2.559976577758789,0.43059468269348145,1.4952856302261353,0.43059468269348145,2.1293818950653076,True
sab2_7sl5_d:sab2_7sl5_d_s13:sab2_7sl5_d_s19,sab2_7sl5_d,111,cdr3,S,0.895411491394043,-0.4008326530456543,0.24728941917419434,0.0,1.2962441444396973,False
sab2_7sl5_d:sab2_7sl5_d_s13:sab2_7sl5_d_s19,sab2_7sl5_d,112,cdr3,G,1.597804069519043,-0.15039539337158203,0.7237043380737305,0.0,1.748199462890625,False
sab2_7sl5_d:sab2_7sl5_d_s13:sab2_7sl5_d_s19,sab2_7sl5_d,113,cdr3,E,0.6247305870056152,0.45661604404449463,0.5406733155250549,0.45661604404449463,0.1681145429611206,True
sab2_7sl5_d:sab2_7sl5_d_s13:sab2_7sl5_d_s19,sab2_7sl5_d,114,cdr3,R,2.451066017150879,0.4481391906738281,1.4496026039123535,0.4481391906738281,2.002926826477051,True
sab2_7sl5_d:sab2_7sl5_d_s13:sab2_7sl5_d_s19,sab2_7sl5_d,115,cdr3,L,3.0927844047546387,2.920936346054077,3.006860375404358,2.920936346054077,0.17184805870056152,True
sab2_7sl5_d:sab2_7sl5_d_s13:sab2_7sl5_d_s19,sab2_7sl5_d,116,cdr3,D,3.641633987426758,2.161630392074585,2.9016321897506714,2.161630392074585,1.4800035953521729,True
sab2_7sl5_d:sab2_7sl5_d_s13:sab2_7sl5_d_s19,sab2_7sl5_d,117,cdr3,A,1.078773021697998,0.7353522777557373,0.9070626497268677,0.7353522777557373,0.34342074394226074,True
sab2_7sl5_d:sab2_7sl5_d_s13:sab2_7sl5_d_s19,sab2_7sl5_d,118,cdr3,F,0.11046886444091797,-2.276880204677582,-1.083205670118332,0.0,2.3873490691184998,False
sab2_7sl5_d:sab2_7sl5_d_s13:sab2_7sl5_d_s19,sab2_7sl5_d,119,cdr3,D,1.6799850463867188,-1.4951671734452248,0.092408936470747,0.0,3.1751522198319435,False
sab2_7sl5_d:sab2_7sl5_d_s30:sab2_7sl5_d_s28,sab2_7sl5_d,32,cdr1,I,-0.7042331695556641,2.138214349746704,0.71699059009552,0.0,2.842447519302368,False
sab2_7sl5_d:sab2_7sl5_d_s30:sab2_7sl5_d_s28,sab2_7sl5_d,53,cdr2,D,-0.7588748931884766,5.151039361953735,2.1960822343826294,0.0,5.909914255142212,False
sab2_7sl5_d:sab2_7sl5_d_s30:sab2_7sl5_d_s28,sab2_7sl5_d,55,cdr2,R,-0.7404346466064453,-4.919816255569458,-2.8301254510879517,0.0,4.179381608963013,True
sab2_7sl5_d:sab2_7sl5_d_s30:sab2_7sl5_d_s28,sab2_7sl5_d,56,cdr2,N,0.4835643768310547,1.499180555343628,0.9913724660873413,0.4835643768310547,1.0156161785125732,True
sab2_7sl5_d:sab2_7sl5_d_s30:sab2_7sl5_d_s28,sab2_7sl5_d,57,cdr2,T,2.84842586517334,5.065260648727417,3.9568432569503784,2.84842586517334,2.216834783554077,True
sab2_7sl5_d:sab2_7sl5_d_s30:sab2_7sl5_d_s28,sab2_7sl5_d,98,cdr3,G,1.2243061065673828,-0.05172228813171387,0.5862919092178345,0.0,1.2760283946990967,False
sab2_7sl5_d:sab2_7sl5_d_s30:sab2_7sl5_d_s28,sab2_7sl5_d,100,cdr3,D,2.131488800048828,1.5567858219146729,1.8441373109817505,1.5567858219146729,0.5747029781341553,True
sab2_7sl5_d:sab2_7sl5_d_s30:sab2_7sl5_d_s28,sab2_7sl5_d,101,cdr3,V,-0.021512985229492188,0.7234399318695068,0.3509634733200073,0.0,0.744952917098999,False
sab2_7sl5_d:sab2_7sl5_d_s30:sab2_7sl5_d_s28,sab2_7sl5_d,102,cdr3,L,1.565434455871582,0.6545286178588867,1.1099815368652344,0.6545286178588867,0.9109058380126953,True
sab2_7sl5_d:sab2_7sl5_d_s30:sab2_7sl5_d_s28,sab2_7sl5_d,103,cdr3,R,2.221280097961426,0.9639079570770264,1.592594027519226,0.9639079570770264,1.2573721408843994,True
sab2_7sl5_d:sab2_7sl5_d_s30:sab2_7sl5_d_s28,sab2_7sl5_d,104,cdr3,F,0.958406925201416,-1.1858938932418823,-0.11374348402023315,0.0,2.1443008184432983,False
sab2_7sl5_d:sab2_7sl5_d_s30:sab2_7sl5_d_s28,sab2_7sl5_d,105,cdr3,L,-0.48886680603027344,-1.0304172039031982,-0.7596420049667358,0.0,0.5415503978729248,True
sab2_7sl5_d:sab2_7sl5_d_s30:sab2_7sl5_d_s28,sab2_7sl5_d,106,cdr3,D,0.30817270278930664,0.002971649169921875,0.15557217597961426,0.002971649169921875,0.30520105361938477,True
sab2_7sl5_d:sab2_7sl5_d_s30:sab2_7sl5_d_s28,sab2_7sl5_d,108,cdr3,S,1.88816499710083,0.0591275691986084,0.9736462831497192,0.0591275691986084,1.8290374279022217,True
sab2_7sl5_d:sab2_7sl5_d_s30:sab2_7sl5_d_s28,sab2_7sl5_d,109,cdr3,T,0.6437482833862305,-1.101053237915039,-0.2286524772644043,0.0,1.7448015213012695,False
sab2_7sl5_d:sab2_7sl5_d_s30:sab2_7sl5_d_s28,sab2_7sl5_d,110,cdr3,P,1.1153969764709473,-0.8218234777450562,0.14678674936294556,0.0,1.9372204542160034,False
sab2_7sl5_d:sab2_7sl5_d_s30:sab2_7sl5_d_s28,sab2_7sl5_d,112,cdr3,G,1.3557958602905273,-0.5087144374847412,0.42354071140289307,0.0,1.8645102977752686,False
sab2_7sl5_d:sab2_7sl5_d_s30:sab2_7sl5_d_s28,sab2_7sl5_d,113,cdr3,E,2.4688453674316406,0.047224998474121094,1.2580351829528809,0.047224998474121094,2.4216203689575195,True
sab2_7sl5_d:sab2_7sl5_d_s30:sab2_7sl5_d_s28,sab2_7sl5_d,115,cdr3,L,0.08682441711425781,-0.948552131652832,-0.4308638572692871,0.0,1.0353765487670898,False
sab2_7sl5_d:sab2_7sl5_d_s30:sab2_7sl5_d_s28,sab2_7sl5_d,116,cdr3,D,0.5501956939697266,-0.8226594924926758,-0.1362318992614746,0.0,1.3728551864624023,False
sab2_7sl5_d:sab2_7sl5_d_s30:sab2_7sl5_d_s28,sab2_7sl5_d,118,cdr3,F,0.43889904022216797,2.236111879348755,1.3375054597854614,0.43889904022216797,1.797212839126587,True
sab2_7sl5_d:sab2_7sl5_d_s30:sab2_7sl5_d_s28,sab2_7sl5_d,119,cdr3,D,1.250441551208496,-1.0740927457809448,0.08817440271377563,0.0,2.324534296989441,False
sab2_7sl5_d:sab2_7sl5_d_s00:sab2_7sl5_d_s16,sab2_7sl5_d,30,cdr1,N,3.6113178730010986,1.1284260749816895,2.369871973991394,1.1284260749816895,2.482891798019409,True
sab2_7sl5_d:sab2_7sl5_d_s00:sab2_7sl5_d_s16,sab2_7sl5_d,52,cdr2,S,1.7437515258789062,0.9434940814971924,1.3436228036880493,0.9434940814971924,0.8002574443817139,True
sab2_7sl5_d:sab2_7sl5_d_s00:sab2_7sl5_d_s16,sab2_7sl5_d,56,cdr2,N,0.5013980865478516,-1.9918630719184875,-0.745232492685318,0.0,2.493261158466339,False
sab2_7sl5_d:sab2_7sl5_d_s00:sab2_7sl5_d_s16,sab2_7sl5_d,98,cdr3,G,-0.5960726737976074,-0.3080270290374756,-0.4520498514175415,0.0,0.28804564476013184,True
sab2_7sl5_d:sab2_7sl5_d_s00:sab2_7sl5_d_s16,sab2_7sl5_d,99,cdr3,L,0.04885387420654297,4.91279411315918,2.4808239936828613,0.04885387420654297,4.863940238952637,True
sab2_7sl5_d:sab2_7sl5_d_s00:sab2_7sl5_d_s16,sab2_7sl5_d,101,cdr3,V,1.0647344589233398,0.2456197738647461,0.655177116394043,0.2456197738647461,0.8191146850585938,True
sab2_7sl5_d:sab2_7sl5_d_s00:sab2_7sl5_d_s16,sab2_7sl5_d,102,cdr3,L,0.10614967346191406,-1.665785312652588,-0.7798178195953369,0.0,1.771934986114502,False
sab2_7sl5_d:sab2_7sl5_d_s00:sab2_7sl5_d_s16,sab2_7sl5_d,103,cdr3,R,1.267960548400879,1.5489611625671387,1.4084608554840088,1.267960548400879,0.28100061416625977,True
sab2_7sl5_d:sab2_7sl5_d_s00:sab2_7sl5_d_s16,sab2_7sl5_d,104,cdr3,F,-0.18456220626831055,0.3498566150665283,0.08264720439910889,0.0,0.5344188213348389,False
sab2_7sl5_d:sab2_7sl5_d_s00:sab2_7sl5_d_s16,sab2_7sl5_d,105,cdr3,L,-0.8584375381469727,2.0918569564819336,0.6167097091674805,0.0,2.9502944946289062,False
sab2_7sl5_d:sab2_7sl5_d_s00:sab2_7sl5_d_s16,sab2_7sl5_d,108,cdr3,S,-0.6830005645751953,3.838784694671631,1.5778920650482178,0.0,4.521785259246826,False
sab2_7sl5_d:sab2_7sl5_d_s00:sab2_7sl5_d_s16,sab2_7sl5_d,109,cdr3,T,-0.7247428894042969,0.9900398254394531,0.13264846801757812,0.0,1.71478271484375,False
sab2_7sl5_d:sab2_7sl5_d_s00:sab2_7sl5_d_s16,sab2_7sl5_d,110,cdr3,P,-0.15206480026245117,0.9187736511230469,0.38335442543029785,0.0,1.070838451385498,False
sab2_7sl5_d:sab2_7sl5_d_s00:sab2_7sl5_d_s16,sab2_7sl5_d,111,cdr3,S,-1.8141794204711914,3.6082763671875,0.8970484733581543,0.0,5.422455787658691,False
sab2_7sl5_d:sab2_7sl5_d_s00:sab2_7sl5_d_s16,sab2_7sl5_d,112,cdr3,G,0.24806880950927734,0.45387959480285645,0.3509742021560669,0.24806880950927734,0.2058107852935791,True
sab2_7sl5_d:sab2_7sl5_d_s00:sab2_7sl5_d_s16,sab2_7sl5_d,113,cdr3,E,0.5437450408935547,-0.7654318809509277,-0.11084342002868652,0.0,1.3091769218444824,False
sab2_7sl5_d:sab2_7sl5_d_s00:sab2_7sl5_d_s16,sab2_7sl5_d,114,cdr3,R,0.3055267333984375,2.4710745811462402,1.3883006572723389,0.3055267333984375,2.1655478477478027,True
sab2_7sl5_d:sab2_7sl5_d_s00:sab2_7sl5_d_s16,sab2_7sl5_d,115,cdr3,L,-0.8081855773925781,-3.739166021347046,-2.273675799369812,0.0,2.9309804439544678,True
sab2_7sl5_d:sab2_7sl5_d_s00:sab2_7sl5_d_s16,sab2_7sl5_d,116,cdr3,D,-1.437734603881836,0.9688782691955566,-0.23442816734313965,0.0,2.4066128730773926,False
sab2_7sl5_d:sab2_7sl5_d_s00:sab2_7sl5_d_s16,sab2_7sl5_d,117,cdr3,A,-0.41066694259643555,-0.3175628185272217,-0.3641148805618286,0.0,0.09310412406921387,True
sab2_7sl5_d:sab2_7sl5_d_s00:sab2_7sl5_d_s16,sab2_7sl5_d,119,cdr3,D,0.5527768135070801,2.1067700386047363,1.3297734260559082,0.5527768135070801,1.5539932250976562,True
sab2_7x7d_b:sab2_7x7d_b_s01:sab2_7x7d_b_s00,sab2_7x7d_b,52,cdr2,V,-0.02936077117919922,1.9368867874145508,0.9537630081176758,0.0,1.96624755859375,False
sab2_7x7d_b:sab2_7x7d_b_s01:sab2_7x7d_b_s00,sab2_7x7d_b,53,cdr2,I,0.6232719421386719,3.8872241973876953,2.2552480697631836,0.6232719421386719,3.2639522552490234,True
sab2_7x7d_b:sab2_7x7d_b_s01:sab2_7x7d_b_s00,sab2_7x7d_b,97,cdr3,H,1.3390693664550781,1.906484603881836,1.622776985168457,1.3390693664550781,0.5674152374267578,True
sab2_7x7d_b:sab2_7x7d_b_s01:sab2_7x7d_b_s00,sab2_7x7d_b,98,cdr3,F,0.3447103500366211,1.2031049728393555,0.7739076614379883,0.3447103500366211,0.8583946228027344,True
sab2_7x7d_b:sab2_7x7d_b_s01:sab2_7x7d_b_s00,sab2_7x7d_b,99,cdr3,V,0.9065923690795898,1.3859939575195312,1.1462931632995605,0.9065923690795898,0.4794015884399414,True
sab2_7x7d_b:sab2_7x7d_b_s01:sab2_7x7d_b_s00,sab2_7x7d_b,100,cdr3,P,0.873225212097168,0.3647761344909668,0.6190006732940674,0.3647761344909668,0.5084490776062012,True
sab2_7x7d_b:sab2_7x7d_b_s01:sab2_7x7d_b_s00,sab2_7x7d_b,101,cdr3,P,0.4656982421875,-0.398806095123291,0.03344607353210449,0.0,0.864504337310791,False
sab2_7x7d_b:sab2_7x7d_b_s01:sab2_7x7d_b_s00,sab2_7x7d_b,103,cdr3,S,-0.08989238739013672,0.0017061233520507812,-0.04409313201904297,0.0,0.0915985107421875,False
sab2_7x7d_b:sab2_7x7d_b_s01:sab2_7x7d_b_s00,sab2_7x7d_b,104,cdr3,R,0.05961322784423828,1.1095952987670898,0.5846042633056641,0.05961322784423828,1.0499820709228516,True
sab2_7x7d_b:sab2_7x7d_b_s01:sab2_7x7d_b_s00,sab2_7x7d_b,105,cdr3,L,-0.22086620330810547,0.6082134246826172,0.19367361068725586,0.0,0.8290796279907227,False
sab2_7x7d_b:sab2_7x7d_b_s01:sab2_7x7d_b_s00,sab2_7x7d_b,107,cdr3,G,-0.04532146453857422,-2.642759323120117,-1.3440403938293457,0.0,2.597437858581543,True
sab2_7x7d_b:sab2_7x7d_b_s01:sab2_7x7d_b_s00,sab2_7x7d_b,108,cdr3,C,0.20001697540283203,-0.25377750396728516,-0.026880264282226562,0.0,0.4537944793701172,False
sab2_7x7d_b:sab2_7x7d_b_s01:sab2_7x7d_b_s00,sab2_7x7d_b,115,cdr3,N,-0.40822315216064453,0.4630155563354492,0.027396202087402344,0.0,0.8712387084960938,False
sab2_7x7d_b:sab2_7x7d_b_s01:sab2_7x7d_b_s00,sab2_7x7d_b,116,cdr3,Y,0.8710241317749023,0.6191329956054688,0.7450785636901855,0.6191329956054688,0.2518911361694336,True
sab2_7x7d_b:sab2_7x7d_b_s13:sab2_7x7d_b_s08,sab2_7x7d_b,53,cdr2,I,2.3048667907714844,4.740693092346191,3.522779941558838,2.3048667907714844,2.435826301574707,True
sab2_7x7d_b:sab2_7x7d_b_s13:sab2_7x7d_b_s08,sab2_7x7d_b,100,cdr3,P,0.07732391357421875,0.7696285247802734,0.4234762191772461,0.07732391357421875,0.6923046112060547,True
sab2_7x7d_b:sab2_7x7d_b_s13:sab2_7x7d_b_s08,sab2_7x7d_b,102,cdr3,G,0.20565414428710938,2.1425857543945312,1.1741199493408203,0.20565414428710938,1.9369316101074219,True
sab2_7x7d_b:sab2_7x7d_b_s13:sab2_7x7d_b_s08,sab2_7x7d_b,103,cdr3,S,-0.2750358581542969,0.9722232818603516,0.34859371185302734,0.0,1.2472591400146484,False
sab2_7x7d_b:sab2_7x7d_b_s13:sab2_7x7d_b_s08,sab2_7x7d_b,104,cdr3,R,1.1151628494262695,0.33253049850463867,0.7238466739654541,0.33253049850463867,0.7826323509216309,True
sab2_7x7d_b:sab2_7x7d_b_s13:sab2_7x7d_b_s08,sab2_7x7d_b,106,cdr3,R,0.6936960220336914,1.8145103454589844,1.254103183746338,0.6936960220336914,1.120814323425293,True
sab2_7x7d_b:sab2_7x7d_b_s13:sab2_7x7d_b_s08,sab2_7x7d_b,107,cdr3,G,-0.3677358627319336,-0.7976751327514648,-0.5827054977416992,0.0,0.42993927001953125,True
sab2_7x7d_b:sab2_7x7d_b_s13:sab2_7x7d_b_s08,sab2_7x7d_b,110,cdr3,V,0.009660720825195312,0.7500820159912109,0.3798713684082031,0.009660720825195312,0.7404212951660156,True
sab2_7x7d_b:sab2_7x7d_b_s13:sab2_7x7d_b_s08,sab2_7x7d_b,113,cdr3,L,0.12895774841308594,0.953120231628418,0.541038990020752,0.12895774841308594,0.824162483215332,True
sab2_7x7d_b:sab2_7x7d_b_s13:sab2_7x7d_b_s08,sab2_7x7d_b,114,cdr3,Y,0.7817935943603516,1.545933723449707,1.1638636589050293,0.7817935943603516,0.7641401290893555,True
sab2_7x7d_b:sab2_7x7d_b_s13:sab2_7x7d_b_s08,sab2_7x7d_b,115,cdr3,N,-0.1418304443359375,-1.691253662109375,-0.9165420532226562,0.0,1.5494232177734375,True
sab2_7x7d_b:sab2_7x7d_b_s21:sab2_7x7d_b_s11,sab2_7x7d_b,30,cdr1,S,1.7094202041625977,2.441801071166992,2.075610637664795,1.7094202041625977,0.7323808670043945,True
sab2_7x7d_b:sab2_7x7d_b_s21:sab2_7x7d_b_s11,sab2_7x7d_b,53,cdr2,I,2.8731470108032227,3.483091354370117,3.17811918258667,2.8731470108032227,0.6099443435668945,True
sab2_7x7d_b:sab2_7x7d_b_s21:sab2_7x7d_b_s11,sab2_7x7d_b,98,cdr3,F,0.236968994140625,0.11648845672607422,0.1767287254333496,0.11648845672607422,0.12048053741455078,True
sab2_7x7d_b:sab2_7x7d_b_s21:sab2_7x7d_b_s11,sab2_7x7d_b,103,cdr3,S,0.27089691162109375,-0.21968698501586914,0.025604963302612305,0.0,0.4905838966369629,False
sab2_7x7d_b:sab2_7x7d_b_s21:sab2_7x7d_b_s11,sab2_7x7d_b,104,cdr3,R,-0.13906383514404297,-3.2459874153137207,-1.6925256252288818,0.0,3.1069235801696777,True
sab2_7x7d_b:sab2_7x7d_b_s21:sab2_7x7d_b_s11,sab2_7x7d_b,105,cdr3,L,0.5797529220581055,0.44288015365600586,0.5113165378570557,0.44288015365600586,0.1368727684020996,True
sab2_7x7d_b:sab2_7x7d_b_s21:sab2_7x7d_b_s11,sab2_7x7d_b,107,cdr3,G,0.14032268524169922,0.7050075531005859,0.4226651191711426,0.14032268524169922,0.5646848678588867,True
sab2_7x7d_b:sab2_7x7d_b_s21:sab2_7x7d_b_s11,sab2_7x7d_b,108,cdr3,C,0.24396419525146484,0.737335205078125,0.4906497001647949,0.24396419525146484,0.49337100982666016,True
sab2_7x7d_b:sab2_7x7d_b_s21:sab2_7x7d_b_s11,sab2_7x7d_b,113,cdr3,L,0.6536092758178711,0.6358366012573242,0.6447229385375977,0.6358366012573242,0.017772674560546875,True
sab2_7x7d_b:sab2_7x7d_b_s30:sab2_7x7d_b_s07,sab2_7x7d_b,31,cdr1,F,0.27536678314208984,0.3441753387451172,0.3097710609436035,0.27536678314208984,0.06880855560302734,True
sab2_7x7d_b:sab2_7x7d_b_s30:sab2_7x7d_b_s07,sab2_7x7d_b,51,cdr2,D,2.054701805114746,4.425908088684082,3.240304946899414,2.054701805114746,2.371206283569336,True
sab2_7x7d_b:sab2_7x7d_b_s30:sab2_7x7d_b_s07,sab2_7x7d_b,96,cdr3,A,0.9861125946044922,2.7773561477661133,1.8817343711853027,0.9861125946044922,1.791243553161621,True
sab2_7x7d_b:sab2_7x7d_b_s30:sab2_7x7d_b_s07,sab2_7x7d_b,97,cdr3,H,-0.6392269134521484,0.0437774658203125,-0.29772472381591797,0.0,0.6830043792724609,False
sab2_7x7d_b:sab2_7x7d_b_s30:sab2_7x7d_b_s07,sab2_7x7d_b,100,cdr3,P,-0.22211837768554688,-0.7077093124389648,-0.46491384506225586,0.0,0.48559093475341797,True
sab2_7x7d_b:sab2_7x7d_b_s30:sab2_7x7d_b_s07,sab2_7x7d_b,101,cdr3,P,0.45482540130615234,-2.6916236877441406,-1.1183991432189941,0.0,3.146449089050293,False
sab2_7x7d_b:sab2_7x7d_b_s30:sab2_7x7d_b_s07,sab2_7x7d_b,102,cdr3,G,0.13979244232177734,1.8480043411254883,0.9938983917236328,0.13979244232177734,1.708211898803711,True
sab2_7x7d_b:sab2_7x7d_b_s30:sab2_7x7d_b_s07,sab2_7x7d_b,103,cdr3,S,0.33768272399902344,-1.2271275520324707,-0.44472241401672363,0.0,1.5648102760314941,False
sab2_7x7d_b:sab2_7x7d_b_s30:sab2_7x7d_b_s07,sab2_7x7d_b,104,cdr3,R,-0.5188274383544922,-1.5037579536437988,-1.0112926959991455,0.0,0.9849305152893066,True
sab2_7x7d_b:sab2_7x7d_b_s30:sab2_7x7d_b_s07,sab2_7x7d_b,106,cdr3,R,-0.6710948944091797,0.23873329162597656,-0.21618080139160156,0.0,0.9098281860351562,False
sab2_7x7d_b:sab2_7x7d_b_s30:sab2_7x7d_b_s07,sab2_7x7d_b,107,cdr3,G,-0.3791999816894531,-0.5609416961669922,-0.47007083892822266,0.0,0.18174171447753906,True
sab2_7x7d_b:sab2_7x7d_b_s30:sab2_7x7d_b_s07,sab2_7x7d_b,108,cdr3,C,0.1722431182861328,-1.12359619140625,-0.4756765365600586,0.0,1.2958393096923828,False
sab2_7x7d_b:sab2_7x7d_b_s30:sab2_7x7d_b_s07,sab2_7x7d_b,109,cdr3,L,1.1249408721923828,-1.81707763671875,-0.3460683822631836,0.0,2.942018508911133,False
sab2_7x7d_b:sab2_7x7d_b_s30:sab2_7x7d_b_s07,sab2_7x7d_b,110,cdr3,V,-0.3466911315917969,0.28728580474853516,-0.02970266342163086,0.0,0.633976936340332,False
sab2_7x7d_b:sab2_7x7d_b_s30:sab2_7x7d_b_s07,sab2_7x7d_b,111,cdr3,N,0.6489019393920898,1.5591745376586914,1.1040382385253906,0.6489019393920898,0.9102725982666016,True
sab2_7x7d_b:sab2_7x7d_b_s30:sab2_7x7d_b_s07,sab2_7x7d_b,114,cdr3,Y,1.7554807662963867,2.42034912109375,2.0879149436950684,1.7554807662963867,0.6648683547973633,True
sab2_7x7d_b:sab2_7x7d_b_s02:sab2_7x7d_b_s31,sab2_7x7d_b,27,cdr1,T,-0.4626893997192383,1.337773323059082,0.4375419616699219,0.0,1.8004627227783203,False
sab2_7x7d_b:sab2_7x7d_b_s02:sab2_7x7d_b_s31,sab2_7x7d_b,28,cdr1,L,0.09442806243896484,-0.6624689102172852,-0.28402042388916016,0.0,0.75689697265625,False
sab2_7x7d_b:sab2_7x7d_b_s02:sab2_7x7d_b_s31,sab2_7x7d_b,30,cdr1,S,0.5610809326171875,1.2582578659057617,0.9096693992614746,0.5610809326171875,0.6971769332885742,True
sab2_7x7d_b:sab2_7x7d_b_s02:sab2_7x7d_b_s31,sab2_7x7d_b,32,cdr1,A,-0.5095033645629883,-0.1670999526977539,-0.3383016586303711,0.0,0.3424034118652344,True
sab2_7x7d_b:sab2_7x7d_b_s02:sab2_7x7d_b_s31,sab2_7x7d_b,53,cdr2,I,0.2879371643066406,3.501837730407715,1.8948874473571777,0.2879371643066406,3.213900566101074,True
sab2_7x7d_b:sab2_7x7d_b_s02:sab2_7x7d_b_s31,sab2_7x7d_b,55,cdr2,R,0.674046516418457,1.662841796875,1.1684441566467285,0.674046516418457,0.988795280456543,True
sab2_7x7d_b:sab2_7x7d_b_s02:sab2_7x7d_b_s31,sab2_7x7d_b,97,cdr3,H,1.0027122497558594,1.1352348327636719,1.0689735412597656,1.0027122497558594,0.1325225830078125,True
sab2_7x7d_b:sab2_7x7d_b_s02:sab2_7x7d_b_s31,sab2_7x7d_b,99,cdr3,V,0.1609344482421875,-0.05547332763671875,0.052730560302734375,0.0,0.21640777587890625,False
sab2_7x7d_b:sab2_7x7d_b_s02:sab2_7x7d_b_s31,sab2_7x7d_b,100,cdr3,P,0.22882938385009766,-1.7976622581481934,-0.7844164371490479,0.0,2.026491641998291,False
sab2_7x7d_b:sab2_7x7d_b_s02:sab2_7x7d_b_s31,sab2_7x7d_b,101,cdr3,P,-0.6623039245605469,-1.573380470275879,-1.117842197418213,0.0,0.911076545715332,True
sab2_7x7d_b:sab2_7x7d_b_s02:sab2_7x7d_b_s31,sab2_7x7d_b,102,cdr3,G,-0.8247289657592773,-1.0001935958862305,-0.9124612808227539,0.0,0.17546463012695312,True
sab2_7x7d_b:sab2_7x7d_b_s02:sab2_7x7d_b_s31,sab2_7x7d_b,103,cdr3,S,-0.1361989974975586,0.6720848083496094,0.2679429054260254,0.0,0.808283805847168,False
sab2_7x7d_b:sab2_7x7d_b_s02:sab2_7x7d_b_s31,sab2_7x7d_b,104,cdr3,R,-0.956756591796875,0.08207988739013672,-0.43733835220336914,0.0,1.0388364791870117,False
sab2_7x7d_b:sab2_7x7d_b_s02:sab2_7x7d_b_s31,sab2_7x7d_b,105,cdr3,L,1.0012788772583008,-0.1769881248474121,0.41214537620544434,0.0,1.178267002105713,False
sab2_7x7d_b:sab2_7x7d_b_s02:sab2_7x7d_b_s31,sab2_7x7d_b,106,cdr3,R,-0.1497354507446289,1.0513334274291992,0.45079898834228516,0.0,1.2010688781738281,False
sab2_7x7d_b:sab2_7x7d_b_s02:sab2_7x7d_b_s31,sab2_7x7d_b,107,cdr3,G,-0.03316020965576172,0.006413459777832031,-0.013373374938964844,0.0,0.03957366943359375,False
sab2_7x7d_b:sab2_7x7d_b_s02:sab2_7x7d_b_s31,sab2_7x7d_b,108,cdr3,C,-0.29461669921875,0.496307373046875,0.1008453369140625,0.0,0.790924072265625,False
sab2_7x7d_b:sab2_7x7d_b_s02:sab2_7x7d_b_s31,sab2_7x7d_b,109,cdr3,L,0.7303056716918945,-0.759244441986084,-0.014469385147094727,0.0,1.4895501136779785,False
sab2_7x7d_b:sab2_7x7d_b_s02:sab2_7x7d_b_s31,sab2_7x7d_b,110,cdr3,V,0.45621490478515625,0.3854055404663086,0.4208102226257324,0.3854055404663086,0.07080936431884766,True
sab2_7x7d_b:sab2_7x7d_b_s02:sab2_7x7d_b_s31,sab2_7x7d_b,112,cdr3,E,0.3076629638671875,-2.4003939628601074,-1.04636549949646,0.0,2.708056926727295,False
sab2_7x7d_b:sab2_7x7d_b_s02:sab2_7x7d_b_s31,sab2_7x7d_b,113,cdr3,L,-0.3750143051147461,-0.1705312728881836,-0.27277278900146484,0.0,0.2044830322265625,True
sab2_7x7d_b:sab2_7x7d_b_s02:sab2_7x7d_b_s31,sab2_7x7d_b,115,cdr3,N,-0.4004487991333008,-1.4283714294433594,-0.9144101142883301,0.0,1.0279226303100586,True
sab2_7x7d_b:sab2_7x7d_b_s15:sab2_7x7d_b_s03,sab2_7x7d_b,53,cdr2,I,3.554363250732422,3.9472389221191406,3.7508010864257812,3.554363250732422,0.39287567138671875,True
sab2_7x7d_b:sab2_7x7d_b_s15:sab2_7x7d_b_s03,sab2_7x7d_b,55,cdr2,R,-0.2461233139038086,-0.49756622314453125,-0.3718447685241699,0.0,0.25144290924072266,True
sab2_7x7d_b:sab2_7x7d_b_s15:sab2_7x7d_b_s03,sab2_7x7d_b,97,cdr3,H,0.16306114196777344,1.7863216400146484,0.9746913909912109,0.16306114196777344,1.623260498046875,True
sab2_7x7d_b:sab2_7x7d_b_s15:sab2_7x7d_b_s03,sab2_7x7d_b,99,cdr3,V,0.09208106994628906,1.0240659713745117,0.5580735206604004,0.09208106994628906,0.9319849014282227,True
sab2_7x7d_b:sab2_7x7d_b_s15:sab2_7x7d_b_s03,sab2_7x7d_b,100,cdr3,P,0.6513671875,3.1496543884277344,1.9005107879638672,0.6513671875,2.4982872009277344,True
sab2_7x7d_b:sab2_7x7d_b_s15:sab2_7x7d_b_s03,sab2_7x7d_b,101,cdr3,P,0.15332603454589844,1.2291412353515625,0.6912336349487305,0.15332603454589844,1.075815200805664,True
sab2_7x7d_b:sab2_7x7d_b_s15:sab2_7x7d_b_s03,sab2_7x7d_b,102,cdr3,G,0.545506477355957,1.5004892349243164,1.0229978561401367,0.545506477355957,0.9549827575683594,True
sab2_7x7d_b:sab2_7x7d_b_s15:sab2_7x7d_b_s03,sab2_7x7d_b,103,cdr3,S,-0.20114421844482422,-0.5579957962036133,-0.37957000732421875,0.0,0.35685157775878906,True
sab2_7x7d_b:sab2_7x7d_b_s15:sab2_7x7d_b_s03,sab2_7x7d_b,104,cdr3,R,0.5106582641601562,-1.9609251022338867,-0.7251334190368652,0.0,2.471583366394043,False
sab2_7x7d_b:sab2_7x7d_b_s15:sab2_7x7d_b_s03,sab2_7x7d_b,105,cdr3,L,0.16560077667236328,1.7998380661010742,0.9827194213867188,0.16560077667236328,1.634237289428711,True
sab2_7x7d_b:sab2_7x7d_b_s15:sab2_7x7d_b_s03,sab2_7x7d_b,108,cdr3,C,0.024980545043945312,0.5369911193847656,0.28098583221435547,0.024980545043945312,0.5120105743408203,True
sab2_7x7d_b:sab2_7x7d_b_s15:sab2_7x7d_b_s03,sab2_7x7d_b,110,cdr3,V,0.2147979736328125,-0.1258220672607422,0.044487953186035156,0.0,0.3406200408935547,False
sab2_7x7d_b:sab2_7x7d_b_s15:sab2_7x7d_b_s03,sab2_7x7d_b,111,cdr3,N,0.09853839874267578,1.6441364288330078,0.8713374137878418,0.09853839874267578,1.545598030090332,True
sab2_7x7d_b:sab2_7x7d_b_s15:sab2_7x7d_b_s03,sab2_7x7d_b,113,cdr3,L,0.33603382110595703,-0.4291810989379883,-0.046573638916015625,0.0,0.7652149200439453,False
sab2_7x7d_b:sab2_7x7d_b_s15:sab2_7x7d_b_s03,sab2_7x7d_b,114,cdr3,Y,1.187321662902832,0.8395919799804688,1.0134568214416504,0.8395919799804688,0.3477296829223633,True
sab2_7x7d_b:sab2_7x7d_b_s15:sab2_7x7d_b_s03,sab2_7x7d_b,115,cdr3,N,0.2662220001220703,1.7066583633422852,0.9864401817321777,0.2662220001220703,1.4404363632202148,True
sab2_7x7d_b:sab2_7x7d_b_s29:sab2_7x7d_b_s05,sab2_7x7d_b,30,cdr1,S,0.3714599609375,2.9090490341186523,1.6402544975280762,0.3714599609375,2.5375890731811523,True
sab2_7x7d_b:sab2_7x7d_b_s29:sab2_7x7d_b_s05,sab2_7x7d_b,32,cdr1,A,-0.12452125549316406,1.13427734375,0.504878044128418,0.0,1.258798599243164,False
sab2_7x7d_b:sab2_7x7d_b_s29:sab2_7x7d_b_s05,sab2_7x7d_b,53,cdr2,I,-0.5635089874267578,2.2400646209716797,0.8382778167724609,0.0,2.8035736083984375,False
sab2_7x7d_b:sab2_7x7d_b_s29:sab2_7x7d_b_s05,sab2_7x7d_b,97,cdr3,H,0.029903411865234375,0.0060253143310546875,0.01796436309814453,0.0060253143310546875,0.023878097534179688,True
sab2_7x7d_b:sab2_7x7d_b_s29:sab2_7x7d_b_s05,sab2_7x7d_b,99,cdr3,V,1.0876293182373047,-0.8605785369873047,0.113525390625,0.0,1.9482078552246094,False
sab2_7x7d_b:sab2_7x7d_b_s29:sab2_7x7d_b_s05,sab2_7x7d_b,100,cdr3,P,0.20726585388183594,-0.04909706115722656,0.07908439636230469,0.0,0.2563629150390625,False
sab2_7x7d_b:sab2_7x7d_b_s29:sab2_7x7d_b_s05,sab2_7x7d_b,101,cdr3,P,2.923736572265625,-0.32140350341796875,1.3011665344238281,0.0,3.2451400756835938,False
sab2_7x7d_b:sab2_7x7d_b_s29:sab2_7x7d_b_s05,sab2_7x7d_b,102,cdr3,G,0.6310443878173828,-0.0273590087890625,0.30184268951416016,0.0,0.6584033966064453,False
sab2_7x7d_b:sab2_7x7d_b_s29:sab2_7x7d_b_s05,sab2_7x7d_b,103,cdr3,S,0.6985235214233398,0.2034139633178711,0.45096874237060547,0.2034139633178711,0.49510955810546875,True
sab2_7x7d_b:sab2_7x7d_b_s29:sab2_7x7d_b_s05,sab2_7x7d_b,104,cdr3,R,0.7990760803222656,-1.3002338409423828,-0.2505788803100586,0.0,2.0993099212646484,False
sab2_7x7d_b:sab2_7x7d_b_s29:sab2_7x7d_b_s05,sab2_7x7d_b,105,cdr3,L,0.6624860763549805,0.8565216064453125,0.7595038414001465,0.6624860763549805,0.19403553009033203,True
sab2_7x7d_b:sab2_7x7d_b_s29:sab2_7x7d_b_s05,sab2_7x7d_b,106,cdr3,R,3.1633033752441406,-1.371084213256836,0.8961095809936523,0.0,4.534387588500977,False
sab2_7x7d_b:sab2_7x7d_b_s29:sab2_7x7d_b_s05,sab2_7x7d_b,107,cdr3,G,-0.5258264541625977,1.3630132675170898,0.4185934066772461,0.0,1.8888397216796875,False
sab2_7x7d_b:sab2_7x7d_b_s29:sab2_7x7d_b_s05,sab2_7x7d_b,108,cdr3,C,-0.11058521270751953,0.6453590393066406,0.26738691329956055,0.0,0.7559442520141602,False
sab2_7x7d_b:sab2_7x7d_b_s29:sab2_7x7d_b_s05,sab2_7x7d_b,109,cdr3,L,1.5703239440917969,0.4018592834472656,0.9860916137695312,0.4018592834472656,1.1684646606445312,True
sab2_7x7d_b:sab2_7x7d_b_s29:sab2_7x7d_b_s05,sab2_7x7d_b,110,cdr3,V,-0.10257816314697266,1.3110370635986328,0.6042294502258301,0.0,1.4136152267456055,False
sab2_7x7d_b:sab2_7x7d_b_s29:sab2_7x7d_b_s05,sab2_7x7d_b,111,cdr3,N,1.9722042083740234,-0.7012825012207031,0.6354608535766602,0.0,2.6734867095947266,False
sab2_7x7d_b:sab2_7x7d_b_s29:sab2_7x7d_b_s05,sab2_7x7d_b,113,cdr3,L,1.0614376068115234,-0.7916698455810547,0.13488388061523438,0.0,1.8531074523925781,False
sab2_7x7d_b:sab2_7x7d_b_s29:sab2_7x7d_b_s05,sab2_7x7d_b,114,cdr3,Y,-0.6478805541992188,-2.4171791076660156,-1.5325298309326172,0.0,1.7692985534667969,True
sab2_7x7d_b:sab2_7x7d_b_s29:sab2_7x7d_b_s05,sab2_7x7d_b,115,cdr3,N,0.3922605514526367,0.6933383941650391,0.5427994728088379,0.3922605514526367,0.30107784271240234,True
sab2_7x7d_b:sab2_7x7d_b_s16:sab2_7x7d_b_s17,sab2_7x7d_b,30,cdr1,S,2.236635208129883,2.5939273834228516,2.415281295776367,2.236635208129883,0.35729217529296875,True
sab2_7x7d_b:sab2_7x7d_b_s16:sab2_7x7d_b_s17,sab2_7x7d_b,50,cdr2,I,0.5732927322387695,1.177511215209961,0.8754019737243652,0.5732927322387695,0.6042184829711914,True
sab2_7x7d_b:sab2_7x7d_b_s16:sab2_7x7d_b_s17,sab2_7x7d_b,99,cdr3,V,-0.5680150985717773,0.0006074905395507812,-0.2837038040161133,0.0,0.5686225891113281,False
sab2_7x7d_b:sab2_7x7d_b_s16:sab2_7x7d_b_s17,sab2_7x7d_b,100,cdr3,P,0.39114856719970703,0.65374755859375,0.5224480628967285,0.39114856719970703,0.26259899139404297,True
sab2_7x7d_b:sab2_7x7d_b_s16:sab2_7x7d_b_s17,sab2_7x7d_b,101,cdr3,P,-0.011415481567382812,0.6253395080566406,0.3069620132446289,0.0,0.6367549896240234,False
sab2_7x7d_b:sab2_7x7d_b_s16:sab2_7x7d_b_s17,sab2_7x7d_b,103,cdr3,S,-0.19248485565185547,0.9102954864501953,0.3589053153991699,0.0,1.1027803421020508,False
sab2_7x7d_b:sab2_7x7d_b_s16:sab2_7x7d_b_s17,sab2_7x7d_b,104,cdr3,R,-0.4858818054199219,0.3624401092529297,-0.061720848083496094,0.0,0.8483219146728516,False
sab2_7x7d_b:sab2_7x7d_b_s16:sab2_7x7d_b_s17,sab2_7x7d_b,105,cdr3,L,0.12028121948242188,-0.8842639923095703,-0.3819913864135742,0.0,1.0045452117919922,False
sab2_7x7d_b:sab2_7x7d_b_s16:sab2_7x7d_b_s17,sab2_7x7d_b,106,cdr3,R,-0.813960075378418,-0.2141571044921875,-0.5140585899353027,0.0,0.5998029708862305,True
sab2_7x7d_b:sab2_7x7d_b_s16:sab2_7x7d_b_s17,sab2_7x7d_b,107,cdr3,G,-0.3464469909667969,2.0135936737060547,0.8335733413696289,0.0,2.3600406646728516,False
sab2_7x7d_b:sab2_7x7d_b_s16:sab2_7x7d_b_s17,sab2_7x7d_b,108,cdr3,C,-0.4740886688232422,1.4255542755126953,0.47573280334472656,0.0,1.8996429443359375,False
sab2_7x7d_b:sab2_7x7d_b_s16:sab2_7x7d_b_s17,sab2_7x7d_b,110,cdr3,V,-0.9715442657470703,0.34751224517822266,-0.31201601028442383,0.0,1.319056510925293,False
sab2_7x7d_b:sab2_7x7d_b_s16:sab2_7x7d_b_s17,sab2_7x7d_b,113,cdr3,L,0.3638629913330078,1.5831718444824219,0.9735174179077148,0.3638629913330078,1.219308853149414,True
sab2_7x7d_b:sab2_7x7d_b_s16:sab2_7x7d_b_s17,sab2_7x7d_b,115,cdr3,N,-0.5624237060546875,0.1779804229736328,-0.19222164154052734,0.0,0.7404041290283203,False
sab2_8bcz_h:sab2_8bcz_h_s30:sab2_8bcz_h_s19,sab2_8bcz_h,26,cdr1,T,-0.36989593505859375,1.0667533874511719,0.34842872619628906,0.0,1.4366493225097656,False
sab2_8bcz_h:sab2_8bcz_h_s30:sab2_8bcz_h_s19,sab2_8bcz_h,29,cdr1,V,1.8980846405029297,4.39614462852478,3.147114634513855,1.8980846405029297,2.4980599880218506,True
sab2_8bcz_h:sab2_8bcz_h_s30:sab2_8bcz_h_s19,sab2_8bcz_h,54,cdr2,S,2.848773956298828,4.990805387496948,3.919789671897888,2.848773956298828,2.14203143119812,True
sab2_8bcz_h:sab2_8bcz_h_s30:sab2_8bcz_h_s19,sab2_8bcz_h,95,cdr3,R,3.798314094543457,5.8534796833992,4.825896888971329,3.798314094543457,2.0551655888557434,True
sab2_8bcz_h:sab2_8bcz_h_s30:sab2_8bcz_h_s19,sab2_8bcz_h,97,cdr3,I,0.48780250549316406,3.589344024658203,2.0385732650756836,0.48780250549316406,3.101541519165039,True
sab2_8bcz_h:sab2_8bcz_h_s30:sab2_8bcz_h_s19,sab2_8bcz_h,99,cdr3,G,0.8047752380371094,1.1473946571350098,0.9760849475860596,0.8047752380371094,0.3426194190979004,True
sab2_8bcz_h:sab2_8bcz_h_s30:sab2_8bcz_h_s19,sab2_8bcz_h,102,cdr3,A,-0.7486486434936523,2.5672245025634766,0.9092879295349121,0.0,3.315873146057129,False
sab2_8bcz_h:sab2_8bcz_h_s30:sab2_8bcz_h_s19,sab2_8bcz_h,105,cdr3,D,-0.9512739181518555,1.634934902191162,0.3418304920196533,0.0,2.5862088203430176,False
sab2_8bcz_h:sab2_8bcz_h_s05:sab2_8bcz_h_s31,sab2_8bcz_h,26,cdr1,T,1.2581520080566406,1.772726058959961,1.5154390335083008,1.2581520080566406,0.5145740509033203,True
sab2_8bcz_h:sab2_8bcz_h_s05:sab2_8bcz_h_s31,sab2_8bcz_h,30,cdr1,N,-1.2464599609375,3.5671067237854004,1.1603233814239502,0.0,4.8135666847229,False
sab2_8bcz_h:sab2_8bcz_h_s05:sab2_8bcz_h_s31,sab2_8bcz_h,31,cdr1,Y,0.9487648010253906,5.799939304590225,3.374352052807808,0.9487648010253906,4.851174503564835,True
sab2_8bcz_h:sab2_8bcz_h_s05:sab2_8bcz_h_s31,sab2_8bcz_h,52,cdr2,G,10.17027896642685,0.8411397933959961,5.505709379911423,0.8411397933959961,9.329139173030853,True
sab2_8bcz_h:sab2_8bcz_h_s05:sab2_8bcz_h_s31,sab2_8bcz_h,54,cdr2,S,1.5763788223266602,0.1584606170654297,0.8674197196960449,0.1584606170654297,1.4179182052612305,True
sab2_8bcz_h:sab2_8bcz_h_s05:sab2_8bcz_h_s31,sab2_8bcz_h,95,cdr3,R,2.7128944396972656,9.437000036239624,6.074947237968445,2.7128944396972656,6.724105596542358,True
sab2_8bcz_h:sab2_8bcz_h_s05:sab2_8bcz_h_s31,sab2_8bcz_h,99,cdr3,G,1.1814088821411133,-0.7608485221862793,0.210280179977417,0.0,1.9422574043273926,False
sab2_8bcz_h:sab2_8bcz_h_s05:sab2_8bcz_h_s31,sab2_8bcz_h,100,cdr3,G,0.9181938171386719,0.12925958633422852,0.5237267017364502,0.12925958633422852,0.7889342308044434,True
sab2_8bcz_h:sab2_8bcz_h_s05:sab2_8bcz_h_s31,sab2_8bcz_h,101,cdr3,I,0.1542186737060547,1.3598203659057617,0.7570195198059082,0.1542186737060547,1.205601692199707,True
sab2_8bcz_h:sab2_8bcz_h_s05:sab2_8bcz_h_s31,sab2_8bcz_h,103,cdr3,G,0.05163860321044922,-1.2919750213623047,-0.6201682090759277,0.0,1.343613624572754,False
sab2_8bcz_h:sab2_8bcz_h_s05:sab2_8bcz_h_s31,sab2_8bcz_h,104,cdr3,M,-2.0392675399780273,-2.8001651763916016,-2.4197163581848145,0.0,0.7608976364135742,True
sab2_8bcz_h:sab2_8bcz_h_s26:sab2_8bcz_h_s00,sab2_8bcz_h,26,cdr1,T,-0.1176156997680664,0.41991281509399414,0.15114855766296387,0.0,0.5375285148620605,False
sab2_8bcz_h:sab2_8bcz_h_s26:sab2_8bcz_h_s00,sab2_8bcz_h,29,cdr1,V,4.107551097869873,6.418781518936157,5.263166308403015,4.107551097869873,2.311230421066284,True
sab2_8bcz_h:sab2_8bcz_h_s26:sab2_8bcz_h_s00,sab2_8bcz_h,30,cdr1,N,0.5515899658203125,4.425167620182037,2.488378793001175,0.5515899658203125,3.873577654361725,True
sab2_8bcz_h:sab2_8bcz_h_s26:sab2_8bcz_h_s00,sab2_8bcz_h,52,cdr2,G,6.475769281387329,7.009815692901611,6.74279248714447,6.475769281387329,0.5340464115142822,True
sab2_8bcz_h:sab2_8bcz_h_s26:sab2_8bcz_h_s00,sab2_8bcz_h,54,cdr2,S,1.9024076461791992,-0.33473920822143555,0.7838342189788818,0.0,2.2371468544006348,False
sab2_8bcz_h:sab2_8bcz_h_s26:sab2_8bcz_h_s00,sab2_8bcz_h,97,cdr3,I,1.6945929527282715,4.027222156524658,2.860907554626465,1.6945929527282715,2.3326292037963867,True
sab2_8bcz_h:sab2_8bcz_h_s26:sab2_8bcz_h_s00,sab2_8bcz_h,98,cdr3,V,0.3423137664794922,-0.1177058219909668,0.1123039722442627,0.0,0.460019588470459,False
sab2_8bcz_h:sab2_8bcz_h_s26:sab2_8bcz_h_s00,sab2_8bcz_h,99,cdr3,G,1.6369218826293945,0.18946027755737305,0.9131910800933838,0.18946027755737305,1.4474616050720215,True
sab2_8bcz_h:sab2_8bcz_h_s26:sab2_8bcz_h_s00,sab2_8bcz_h,100,cdr3,G,-1.0293998718261719,1.4520118236541748,0.21130597591400146,0.0,2.4814116954803467,False
sab2_8bcz_h:sab2_8bcz_h_s26:sab2_8bcz_h_s00,sab2_8bcz_h,101,cdr3,I,0.9009981155395508,-2.879948139190674,-0.9894750118255615,0.0,3.7809462547302246,False
sab2_8bcz_h:sab2_8bcz_h_s26:sab2_8bcz_h_s00,sab2_8bcz_h,102,cdr3,A,0.8532781600952148,-0.6293034553527832,0.11198735237121582,0.0,1.482581615447998,False
sab2_8bcz_h:sab2_8bcz_h_s26:sab2_8bcz_h_s00,sab2_8bcz_h,104,cdr3,M,0.329071044921875,-2.841156482696533,-1.256042718887329,0.0,3.170227527618408,False
sab2_8bcz_h:sab2_8bcz_h_s26:sab2_8bcz_h_s00,sab2_8bcz_h,105,cdr3,D,3.8812170028686523,1.755903720855713,2.8185603618621826,1.755903720855713,2.1253132820129395,True
sab2_8bcz_h:sab2_8bcz_h_s13:sab2_8bcz_h_s15,sab2_8bcz_h,26,cdr1,T,-0.7635889053344727,-0.4205784797668457,-0.5920836925506592,0.0,0.34301042556762695,True
sab2_8bcz_h:sab2_8bcz_h_s13:sab2_8bcz_h_s15,sab2_8bcz_h,29,cdr1,V,5.3763134479522705,4.3780073672533035,4.877160407602787,4.3780073672533035,0.998306080698967,True
sab2_8bcz_h:sab2_8bcz_h_s13:sab2_8bcz_h_s15,sab2_8bcz_h,95,cdr3,R,10.16768205165863,6.815613508224487,8.491647779941559,6.815613508224487,3.352068543434143,True
sab2_8bcz_h:sab2_8bcz_h_s13:sab2_8bcz_h_s15,sab2_8bcz_h,99,cdr3,G,4.744745492935181,-0.07607746124267578,2.3343340158462524,0.0,4.8208229541778564,False
sab2_8bcz_h:sab2_8bcz_h_s13:sab2_8bcz_h_s15,sab2_8bcz_h,101,cdr3,I,0.4160280227661133,2.257871150970459,1.3369495868682861,0.4160280227661133,1.8418431282043457,True
sab2_8bcz_h:sab2_8bcz_h_s13:sab2_8bcz_h_s15,sab2_8bcz_h,103,cdr3,G,3.2519702911376953,-0.5788087844848633,1.336580753326416,0.0,3.8307790756225586,False
sab2_8bcz_h:sab2_8bcz_h_s13:sab2_8bcz_h_s15,sab2_8bcz_h,104,cdr3,M,-4.066425323486328,0.35785484313964844,-1.8542852401733398,0.0,4.424280166625977,False
sab2_8bcz_h:sab2_8bcz_h_s13:sab2_8bcz_h_s15,sab2_8bcz_h,105,cdr3,D,-1.5144081115722656,-0.20238971710205078,-0.8583989143371582,0.0,1.3120183944702148,True
sab2_8bcz_h:sab2_8bcz_h_s14:sab2_8bcz_h_s12,sab2_8bcz_h,30,cdr1,N,-4.2676191329956055,-0.5626926422119141,-2.4151558876037598,0.0,3.7049264907836914,True
sab2_8bcz_h:sab2_8bcz_h_s14:sab2_8bcz_h_s12,sab2_8bcz_h,52,cdr2,G,7.340945363044739,6.198541879653931,6.769743621349335,6.198541879653931,1.142403483390808,True
sab2_8bcz_h:sab2_8bcz_h_s14:sab2_8bcz_h_s12,sab2_8bcz_h,54,cdr2,S,0.09112405776977539,-1.1802558898925781,-0.5445659160614014,0.0,1.2713799476623535,False
sab2_8bcz_h:sab2_8bcz_h_s14:sab2_8bcz_h_s12,sab2_8bcz_h,95,cdr3,R,7.240528583526611,9.7367525100708,8.488640546798706,7.240528583526611,2.4962239265441895,True
sab2_8bcz_h:sab2_8bcz_h_s14:sab2_8bcz_h_s12,sab2_8bcz_h,98,cdr3,V,0.3661928176879883,1.7017688751220703,1.0339808464050293,0.3661928176879883,1.335576057434082,True
sab2_8bcz_h:sab2_8bcz_h_s14:sab2_8bcz_h_s12,sab2_8bcz_h,99,cdr3,G,-1.6638965606689453,0.25885772705078125,-0.702519416809082,0.0,1.9227542877197266,False
sab2_8bcz_h:sab2_8bcz_h_s14:sab2_8bcz_h_s12,sab2_8bcz_h,100,cdr3,G,-2.055994987487793,-1.003786563873291,-1.529890775680542,0.0,1.052208423614502,True
sab2_8bcz_h:sab2_8bcz_h_s14:sab2_8bcz_h_s12,sab2_8bcz_h,104,cdr3,M,1.4749841690063477,4.311166286468506,2.8930752277374268,1.4749841690063477,2.836182117462158,True
sab2_8bcz_h:sab2_8bcz_h_s14:sab2_8bcz_h_s12,sab2_8bcz_h,105,cdr3,D,1.6301155090332031,4.041297018527985,2.835706263780594,1.6301155090332031,2.4111815094947815,True
sab2_8bcz_h:sab2_8bcz_h_s22:sab2_8bcz_h_s18,sab2_8bcz_h,26,cdr1,T,-0.2672157287597656,1.5523982048034668,0.6425912380218506,0.0,1.8196139335632324,False
sab2_8bcz_h:sab2_8bcz_h_s22:sab2_8bcz_h_s18,sab2_8bcz_h,31,cdr1,Y,-0.9289407730102539,-0.38367748260498047,-0.6563091278076172,0.0,0.5452632904052734,True
sab2_8bcz_h:sab2_8bcz_h_s22:sab2_8bcz_h_s18,sab2_8bcz_h,52,cdr2,G,-5.839481353759766,-0.6019835472106934,-3.2207324504852295,0.0,5.237497806549072,True
sab2_8bcz_h:sab2_8bcz_h_s22:sab2_8bcz_h_s18,sab2_8bcz_h,54,cdr2,S,-2.83493709564209,-0.3983311653137207,-1.6166341304779053,0.0,2.436605930328369,True
sab2_8bcz_h:sab2_8bcz_h_s22:sab2_8bcz_h_s18,sab2_8bcz_h,95,cdr3,R,6.565487265586853,7.541173934936523,7.053330600261688,6.565487265586853,0.9756866693496704,True
sab2_8bcz_h:sab2_8bcz_h_s22:sab2_8bcz_h_s18,sab2_8bcz_h,97,cdr3,I,-0.459075927734375,1.1711249351501465,0.35602450370788574,0.0,1.6302008628845215,False
sab2_8bcz_h:sab2_8bcz_h_s22:sab2_8bcz_h_s18,sab2_8bcz_h,99,cdr3,G,0.5505819320678711,-0.7798709869384766,-0.11464452743530273,0.0,1.3304529190063477,False
sab2_8bcz_h:sab2_8bcz_h_s22:sab2_8bcz_h_s18,sab2_8bcz_h,101,cdr3,I,1.9549918174743652,3.2656466960906982,2.6103192567825317,1.9549918174743652,1.310654878616333,True
sab2_8bcz_h:sab2_8bcz_h_s22:sab2_8bcz_h_s18,sab2_8bcz_h,104,cdr3,M,4.117773413658142,5.911267638206482,5.014520525932312,4.117773413658142,1.7934942245483398,True
sab2_8bcz_h:sab2_8bcz_h_s28:sab2_8bcz_h_s04,sab2_8bcz_h,29,cdr1,V,0.3168187141418457,-1.6488256454467773,-0.6660034656524658,0.0,1.965644359588623,False
sab2_8bcz_h:sab2_8bcz_h_s28:sab2_8bcz_h_s04,sab2_8bcz_h,30,cdr1,N,1.1156120300292969,-0.47687530517578125,0.3193683624267578,0.0,1.5924873352050781,False
sab2_8bcz_h:sab2_8bcz_h_s28:sab2_8bcz_h_s04,sab2_8bcz_h,52,cdr2,G,0.20862770080566406,0.338071346282959,0.2733495235443115,0.20862770080566406,0.12944364547729492,True
sab2_8bcz_h:sab2_8bcz_h_s28:sab2_8bcz_h_s04,sab2_8bcz_h,54,cdr2,S,0.06887531280517578,0.1699385643005371,0.11940693855285645,0.06887531280517578,0.10106325149536133,True
sab2_8bcz_h:sab2_8bcz_h_s28:sab2_8bcz_h_s04,sab2_8bcz_h,95,cdr3,R,2.600224733352661,7.412395238876343,5.006309986114502,2.600224733352661,4.812170505523682,True
sab2_8bcz_h:sab2_8bcz_h_s28:sab2_8bcz_h_s04,sab2_8bcz_h,98,cdr3,V,0.48005104064941406,-0.1438441276550293,0.16810345649719238,0.0,0.6238951683044434,False
sab2_8bcz_h:sab2_8bcz_h_s28:sab2_8bcz_h_s04,sab2_8bcz_h,99,cdr3,G,-0.9352445602416992,0.1804208755493164,-0.3774118423461914,0.0,1.1156654357910156,False
sab2_8bcz_h:sab2_8bcz_h_s28:sab2_8bcz_h_s04,sab2_8bcz_h,100,cdr3,G,0.14332818984985352,-1.662987232208252,-0.7598295211791992,0.0,1.8063154220581055,False
sab2_8bcz_h:sab2_8bcz_h_s28:sab2_8bcz_h_s04,sab2_8bcz_h,104,cdr3,M,-0.7779045104980469,2.1397104263305664,0.6809029579162598,0.0,2.9176149368286133,False
sab2_8bcz_h:sab2_8bcz_h_s28:sab2_8bcz_h_s04,sab2_8bcz_h,105,cdr3,D,-0.23532676696777344,6.617286682128906,3.1909799575805664,0.0,6.85261344909668,False
sab2_8bcz_h:sab2_8bcz_h_s28:sab2_8bcz_h_s04,sab2_8bcz_h,106,cdr3,V,-0.30434226989746094,3.1256293058395386,1.4106435179710388,0.0,3.4299715757369995,False
sab2_8bcz_h:sab2_8bcz_h_s17:sab2_8bcz_h_s20,sab2_8bcz_h,31,cdr1,Y,-1.046238899230957,-0.07027196884155273,-0.5582554340362549,0.0,0.9759669303894043,True
sab2_8bcz_h:sab2_8bcz_h_s17:sab2_8bcz_h_s20,sab2_8bcz_h,52,cdr2,G,9.170143604278564,6.847622394561768,8.008882999420166,6.847622394561768,2.322521209716797,True
sab2_8bcz_h:sab2_8bcz_h_s17:sab2_8bcz_h_s20,sab2_8bcz_h,54,cdr2,S,-1.1328554153442383,-3.7346673011779785,-2.4337613582611084,0.0,2.6018118858337402,True
sab2_8bcz_h:sab2_8bcz_h_s17:sab2_8bcz_h_s20,sab2_8bcz_h,95,cdr3,R,2.734795570373535,7.2193498611450195,4.977072715759277,2.734795570373535,4.484554290771484,True
sab2_8bcz_h:sab2_8bcz_h_s17:sab2_8bcz_h_s20,sab2_8bcz_h,99,cdr3,G,-0.32762861251831055,0.7781493663787842,0.22526037693023682,0.0,1.1057779788970947,False
sab2_8bcz_h:sab2_8bcz_h_s17:sab2_8bcz_h_s20,sab2_8bcz_h,100,cdr3,G,0.7655849456787109,0.8078830242156982,0.7867339849472046,0.7655849456787109,0.042298078536987305,True
sab2_8bcz_h:sab2_8bcz_h_s17:sab2_8bcz_h_s20,sab2_8bcz_h,101,cdr3,I,0.41525888442993164,-1.3953514099121094,-0.49004626274108887,0.0,1.810610294342041,False
sab2_8bcz_h:sab2_8bcz_h_s17:sab2_8bcz_h_s20,sab2_8bcz_h,103,cdr3,G,-1.5621767044067383,-2.7285380363464355,-2.145357370376587,0.0,1.1663613319396973,True
sab2_8bcz_h:sab2_8bcz_h_s17:sab2_8bcz_h_s20,sab2_8bcz_h,105,cdr3,D,3.6546647548675537,1.4176292419433594,2.5361469984054565,1.4176292419433594,2.2370355129241943,True
sab2_8c3k_b:sab2_8c3k_b_s24:sab2_8c3k_b_s15,sab2_8c3k_b,26,cdr1,S,2.4395742416381836,5.497522354125977,3.96854829788208,2.4395742416381836,3.057948112487793,True
sab2_8c3k_b:sab2_8c3k_b_s24:sab2_8c3k_b_s15,sab2_8c3k_b,52,cdr2,S,0.711298942565918,4.601959705352783,2.6566293239593506,0.711298942565918,3.8906607627868652,True
sab2_8c3k_b:sab2_8c3k_b_s24:sab2_8c3k_b_s15,sab2_8c3k_b,53,cdr2,H,2.6126413345336914,9.46867322921753,6.04065728187561,2.6126413345336914,6.856031894683838,True
sab2_8c3k_b:sab2_8c3k_b_s24:sab2_8c3k_b_s15,sab2_8c3k_b,98,cdr3,G,0.5697174072265625,3.51364266872406,2.0416800379753113,0.5697174072265625,2.9439252614974976,True
sab2_8c3k_b:sab2_8c3k_b_s24:sab2_8c3k_b_s15,sab2_8c3k_b,99,cdr3,Y,-0.22932147979736328,3.6451234817504883,1.7079010009765625,0.0,3.8744449615478516,False
sab2_8c3k_b:sab2_8c3k_b_s17:sab2_8c3k_b_s13,sab2_8c3k_b,32,cdr1,G,1.9419746398925781,2.3741515576839447,2.1580630987882614,1.9419746398925781,0.4321769177913666,True
sab2_8c3k_b:sab2_8c3k_b_s17:sab2_8c3k_b_s13,sab2_8c3k_b,53,cdr2,H,4.976197242736816,7.7806993424892426,6.3784482926130295,4.976197242736816,2.804502099752426,True
sab2_8c3k_b:sab2_8c3k_b_s17:sab2_8c3k_b_s13,sab2_8c3k_b,98,cdr3,G,-1.223557472229004,3.5630179345607758,1.169730231165886,0.0,4.78657540678978,False
sab2_8c3k_b:sab2_8c3k_b_s17:sab2_8c3k_b_s13,sab2_8c3k_b,99,cdr3,Y,0.7022867202758789,6.0600877702236176,3.3811872452497482,0.7022867202758789,5.357801049947739,True
sab2_8c3k_b:sab2_8c3k_b_s05:sab2_8c3k_b_s22,sab2_8c3k_b,30,cdr1,T,-0.049452781677246094,2.263612348586321,1.1070797834545374,0.0,2.313065130263567,False
sab2_8c3k_b:sab2_8c3k_b_s05:sab2_8c3k_b_s22,sab2_8c3k_b,31,cdr1,T,-0.12868785858154297,2.1207094974815845,0.9960108194500208,0.0,2.2493973560631275,False
sab2_8c3k_b:sab2_8c3k_b_s05:sab2_8c3k_b_s22,sab2_8c3k_b,55,cdr2,T,3.6360626220703125,4.349248010665178,3.9926553163677454,3.6360626220703125,0.7131853885948658,True
sab2_8c3k_b:sab2_8c3k_b_s05:sab2_8c3k_b_s22,sab2_8c3k_b,98,cdr3,G,0.05042266845703125,0.7611317224800587,0.40577719546854496,0.05042266845703125,0.7107090540230274,True
sab2_8c3k_b:sab2_8c3k_b_s05:sab2_8c3k_b_s22,sab2_8c3k_b,99,cdr3,Y,3.672271728515625,6.690466959029436,5.1813693437725306,3.672271728515625,3.018195230513811,True
sab2_8c3k_b:sab2_8c3k_b_s14:sab2_8c3k_b_s27,sab2_8c3k_b,26,cdr1,S,2.9370408058166504,6.2454118728637695,4.59122633934021,2.9370408058166504,3.308371067047119,True
sab2_8c3k_b:sab2_8c3k_b_s14:sab2_8c3k_b_s27,sab2_8c3k_b,27,cdr1,I,-0.23436927795410156,4.910048007965088,2.337839365005493,0.0,5.1444172859191895,False
sab2_8c3k_b:sab2_8c3k_b_s14:sab2_8c3k_b_s27,sab2_8c3k_b,28,cdr1,F,0.23515892028808594,1.1932239532470703,0.7141914367675781,0.23515892028808594,0.9580650329589844,True
sab2_8c3k_b:sab2_8c3k_b_s14:sab2_8c3k_b_s27,sab2_8c3k_b,29,cdr1,R,2.151642322540283,2.50075626373291,2.3261992931365967,2.151642322540283,0.34911394119262695,True
sab2_8c3k_b:sab2_8c3k_b_s14:sab2_8c3k_b_s27,sab2_8c3k_b,32,cdr1,G,-0.04707908630371094,0.30497586727142334,0.1289483904838562,0.0,0.3520549535751343,False
sab2_8c3k_b:sab2_8c3k_b_s14:sab2_8c3k_b_s27,sab2_8c3k_b,52,cdr2,S,-1.915492057800293,-3.425871253013611,-2.670681655406952,0.0,1.5103791952133179,True
sab2_8c3k_b:sab2_8c3k_b_s14:sab2_8c3k_b_s27,sab2_8c3k_b,53,cdr2,H,1.4717750549316406,-2.614088535308838,-0.5711567401885986,0.0,4.0858635902404785,False
sab2_8c3k_b:sab2_8c3k_b_s14:sab2_8c3k_b_s27,sab2_8c3k_b,98,cdr3,G,1.7095966339111328,1.1663894653320312,1.437993049621582,1.1663894653320312,0.5432071685791016,True
sab2_8c3k_b:sab2_8c3k_b_s14:sab2_8c3k_b_s27,sab2_8c3k_b,99,cdr3,Y,2.160916328430176,3.200913429260254,2.680914878845215,2.160916328430176,1.0399971008300781,True
sab2_8c3k_b:sab2_8c3k_b_s19:sab2_8c3k_b_s29,sab2_8c3k_b,31,cdr1,T,-0.5928964614868164,-1.7131078839302063,-1.1530021727085114,0.0,1.12021142244339,True
sab2_8c3k_b:sab2_8c3k_b_s19:sab2_8c3k_b_s29,sab2_8c3k_b,52,cdr2,S,2.3121705055236816,3.3053784370422363,2.808774471282959,2.3121705055236816,0.9932079315185547,True
sab2_8c3k_b:sab2_8c3k_b_s19:sab2_8c3k_b_s29,sab2_8c3k_b,97,cdr3,R,1.1788454055786133,0.41414737701416016,0.7964963912963867,0.41414737701416016,0.7646980285644531,True
sab2_8c3k_b:sab2_8c3k_b_s19:sab2_8c3k_b_s29,sab2_8c3k_b,98,cdr3,G,1.8044443130493164,1.6688709259033203,1.7366576194763184,1.6688709259033203,0.1355733871459961,True
sab2_8c3k_b:sab2_8c3k_b_s19:sab2_8c3k_b_s29,sab2_8c3k_b,99,cdr3,Y,1.4995574951171875,-0.0400693416595459,0.7297440767288208,0.0,1.5396268367767334,False
sab2_8c3k_b:sab2_8c3k_b_s25:sab2_8c3k_b_s08,sab2_8c3k_b,27,cdr1,I,-0.06368350982666016,-1.5363911390304565,-0.8000373244285583,0.0,1.4727076292037964,True
sab2_8c3k_b:sab2_8c3k_b_s25:sab2_8c3k_b_s08,sab2_8c3k_b,29,cdr1,R,0.11973857879638672,0.7568564414978027,0.4382975101470947,0.11973857879638672,0.637117862701416,True
sab2_8c3k_b:sab2_8c3k_b_s25:sab2_8c3k_b_s08,sab2_8c3k_b,30,cdr1,T,2.091315269470215,4.618973731994629,3.355144500732422,2.091315269470215,2.527658462524414,True
sab2_8c3k_b:sab2_8c3k_b_s25:sab2_8c3k_b_s08,sab2_8c3k_b,55,cdr2,T,3.3476157188415527,3.818500518798828,3.5830581188201904,3.3476157188415527,0.4708847999572754,True
sab2_8c3k_b:sab2_8c3k_b_s25:sab2_8c3k_b_s08,sab2_8c3k_b,99,cdr3,Y,0.32013797760009766,-0.6318986415863037,-0.15588033199310303,0.0,0.9520366191864014,False
sab2_8c3k_b:sab2_8c3k_b_s18:sab2_8c3k_b_s07,sab2_8c3k_b,29,cdr1,R,-1.8070220947265625,-3.094448149204254,-2.4507351219654083,0.0,1.2874260544776917,True
sab2_8c3k_b:sab2_8c3k_b_s18:sab2_8c3k_b_s07,sab2_8c3k_b,53,cdr2,H,5.602756977081299,5.766382694244385,5.684569835662842,5.602756977081299,0.16362571716308594,True
sab2_8c3k_b:sab2_8c3k_b_s18:sab2_8c3k_b_s07,sab2_8c3k_b,98,cdr3,G,3.753016471862793,2.2984719276428223,3.0257441997528076,2.2984719276428223,1.4545445442199707,True
sab2_8c3k_b:sab2_8c3k_b_s00:sab2_8c3k_b_s06,sab2_8c3k_b,27,cdr1,I,2.5551552772521973,0.23484063148498535,1.3949979543685913,0.23484063148498535,2.320314645767212,True
sab2_8c3k_b:sab2_8c3k_b_s00:sab2_8c3k_b_s06,sab2_8c3k_b,29,cdr1,R,-1.535501480102539,-3.094448149204254,-2.3149748146533966,0.0,1.558946669101715,True
sab2_8c3k_b:sab2_8c3k_b_s00:sab2_8c3k_b_s06,sab2_8c3k_b,30,cdr1,T,1.6292715072631836,2.9745736122131348,2.301922559738159,1.6292715072631836,1.3453021049499512,True
sab2_8c3k_b:sab2_8c3k_b_s00:sab2_8c3k_b_s06,sab2_8c3k_b,32,cdr1,G,-1.5729398727416992,2.7321600914001465,0.5796101093292236,0.0,4.305099964141846,False
sab2_8c3k_b:sab2_8c3k_b_s00:sab2_8c3k_b_s06,sab2_8c3k_b,53,cdr2,H,0.11339950561523438,0.4262564182281494,0.2698279619216919,0.11339950561523438,0.31285691261291504,True
sab2_8c3k_b:sab2_8c3k_b_s00:sab2_8c3k_b_s06,sab2_8c3k_b,95,cdr3,T,3.6557912826538086,3.6163010597229004,3.6360461711883545,3.6163010597229004,0.0394902229309082,True
sab2_8c3k_b:sab2_8c3k_b_s00:sab2_8c3k_b_s06,sab2_8c3k_b,98,cdr3,G,2.055760383605957,2.2984719276428223,2.1771161556243896,2.055760383605957,0.24271154403686523,True
sab2_8c3k_b:sab2_8c3k_b_s00:sab2_8c3k_b_s06,sab2_8c3k_b,99,cdr3,Y,-2.1344213485717773,-5.909163475036621,-4.021792411804199,0.0,3.7747421264648438,True
sab2_8en1_d:sab2_8en1_d_s21:sab2_8en1_d_s12,sab2_8en1_d,26,cdr1,R,3.118197441101074,10.03999948501587,6.579098463058472,3.118197441101074,6.921802043914795,True
sab2_8en1_d:sab2_8en1_d_s21:sab2_8en1_d_s12,sab2_8en1_d,30,cdr1,T,0.7881307601928711,2.8167662620544434,1.8024485111236572,0.7881307601928711,2.0286355018615723,True
sab2_8en1_d:sab2_8en1_d_s21:sab2_8en1_d_s12,sab2_8en1_d,52,cdr2,W,0.6162481307983398,2.687389612197876,1.651818871498108,0.6162481307983398,2.071141481399536,True
sab2_8en1_d:sab2_8en1_d_s21:sab2_8en1_d_s12,sab2_8en1_d,55,cdr2,S,0.3536376953125,1.3970972895622253,0.8753674924373627,0.3536376953125,1.0434595942497253,True
sab2_8en1_d:sab2_8en1_d_s21:sab2_8en1_d_s12,sab2_8en1_d,100,cdr3,D,0.1216573715209961,-2.5025501251220703,-1.190446376800537,0.0,2.6242074966430664,False
sab2_8en1_d:sab2_8en1_d_s21:sab2_8en1_d_s12,sab2_8en1_d,101,cdr3,H,0.8989028930664062,1.0990898609161377,0.998996376991272,0.8989028930664062,0.20018696784973145,True
sab2_8en1_d:sab2_8en1_d_s21:sab2_8en1_d_s12,sab2_8en1_d,104,cdr3,G,0.1233673095703125,1.4711127281188965,0.7972400188446045,0.1233673095703125,1.347745418548584,True
sab2_8en1_d:sab2_8en1_d_s21:sab2_8en1_d_s12,sab2_8en1_d,106,cdr3,Y,0.21281051635742188,0.49663859605789185,0.35472455620765686,0.21281051635742188,0.28382807970046997,True
sab2_8en1_d:sab2_8en1_d_s21:sab2_8en1_d_s12,sab2_8en1_d,108,cdr3,G,1.3088569641113281,-1.2397491931915283,0.0345538854598999,0.0,2.5486061573028564,False
sab2_8en1_d:sab2_8en1_d_s21:sab2_8en1_d_s12,sab2_8en1_d,109,cdr3,R,0.37453269958496094,1.6321163177490234,1.0033245086669922,0.37453269958496094,1.2575836181640625,True
sab2_8en1_d:sab2_8en1_d_s21:sab2_8en1_d_s12,sab2_8en1_d,111,cdr3,F,0.38519287109375,-0.0749051570892334,0.1551438570022583,0.0,0.4600980281829834,False
sab2_8en1_d:sab2_8en1_d_s21:sab2_8en1_d_s12,sab2_8en1_d,114,cdr3,E,-0.26258277893066406,0.7359619140625,0.23668956756591797,0.0,0.9985446929931641,False
sab2_8en1_d:sab2_8en1_d_s21:sab2_8en1_d_s12,sab2_8en1_d,116,cdr3,D,0.8391094207763672,2.1221604347229004,1.4806349277496338,0.8391094207763672,1.2830510139465332,True
sab2_8en1_d:sab2_8en1_d_s15:sab2_8en1_d_s07,sab2_8en1_d,30,cdr1,T,0.9219579696655273,2.3772276639938354,1.6495928168296814,0.9219579696655273,1.455269694328308,True
sab2_8en1_d:sab2_8en1_d_s15:sab2_8en1_d_s07,sab2_8en1_d,53,cdr2,R,0.5587167739868164,3.998895525932312,2.278806149959564,0.5587167739868164,3.4401787519454956,True
sab2_8en1_d:sab2_8en1_d_s15:sab2_8en1_d_s07,sab2_8en1_d,55,cdr2,S,0.662907600402832,5.074043154716492,2.868475377559662,0.662907600402832,4.41113555431366,True
sab2_8en1_d:sab2_8en1_d_s15:sab2_8en1_d_s07,sab2_8en1_d,56,cdr2,S,0.8137168884277344,0.4201996326446533,0.6169582605361938,0.4201996326446533,0.39351725578308105,True
sab2_8en1_d:sab2_8en1_d_s15:sab2_8en1_d_s07,sab2_8en1_d,57,cdr2,T,0.5715608596801758,6.321847319602966,3.446704089641571,0.5715608596801758,5.7502864599227905,True
sab2_8en1_d:sab2_8en1_d_s15:sab2_8en1_d_s07,sab2_8en1_d,98,cdr3,D,-0.19295978546142578,1.4845227003097534,0.6457814574241638,0.0,1.6774824857711792,False
sab2_8en1_d:sab2_8en1_d_s15:sab2_8en1_d_s07,sab2_8en1_d,99,cdr3,R,-0.9468040466308594,-1.7305785417556763,-1.3386912941932678,0.0,0.7837744951248169,True
sab2_8en1_d:sab2_8en1_d_s15:sab2_8en1_d_s07,sab2_8en1_d,100,cdr3,D,0.6431589126586914,0.6389495134353638,0.6410542130470276,0.6389495134353638,0.004209399223327637,True
sab2_8en1_d:sab2_8en1_d_s15:sab2_8en1_d_s07,sab2_8en1_d,101,cdr3,H,0.08604049682617188,0.17387640476226807,0.12995845079421997,0.08604049682617188,0.08783590793609619,True
sab2_8en1_d:sab2_8en1_d_s15:sab2_8en1_d_s07,sab2_8en1_d,102,cdr3,Y,0.40531063079833984,3.08318555355072,1.74424809217453,0.40531063079833984,2.6778749227523804,True
sab2_8en1_d:sab2_8en1_d_s15:sab2_8en1_d_s07,sab2_8en1_d,103,cdr3,S,0.2826566696166992,1.9054393768310547,1.094048023223877,0.2826566696166992,1.6227827072143555,True
sab2_8en1_d:sab2_8en1_d_s15:sab2_8en1_d_s07,sab2_8en1_d,104,cdr3,G,0.9162178039550781,-2.5905407667160034,-0.8371614813804626,0.0,3.5067585706710815,False
sab2_8en1_d:sab2_8en1_d_s15:sab2_8en1_d_s07,sab2_8en1_d,105,cdr3,T,1.914799690246582,1.292771816253662,1.603785753250122,1.292771816253662,0.6220278739929199,True
sab2_8en1_d:sab2_8en1_d_s15:sab2_8en1_d_s07,sab2_8en1_d,109,cdr3,R,0.23323440551757812,0.6430726647377014,0.43815353512763977,0.23323440551757812,0.4098382592201233,True
sab2_8en1_d:sab2_8en1_d_s15:sab2_8en1_d_s07,sab2_8en1_d,110,cdr3,R,0.3622446060180664,-0.3074694871902466,0.027387559413909912,0.0,0.669714093208313,False
sab2_8en1_d:sab2_8en1_d_s15:sab2_8en1_d_s07,sab2_8en1_d,111,cdr3,F,0.30863285064697266,1.4590648412704468,0.8838488459587097,0.30863285064697266,1.1504319906234741,True
sab2_8en1_d:sab2_8en1_d_s15:sab2_8en1_d_s07,sab2_8en1_d,114,cdr3,E,-0.13264846801757812,-0.12337827682495117,-0.12801337242126465,0.0,0.009270191192626953,True
sab2_8en1_d:sab2_8en1_d_s31:sab2_8en1_d_s23,sab2_8en1_d,26,cdr1,R,4.870693206787109,8.10286831855774,6.486780762672424,4.870693206787109,3.23217511177063,True
sab2_8en1_d:sab2_8en1_d_s31:sab2_8en1_d_s23,sab2_8en1_d,56,cdr2,S,0.7360620498657227,2.704277753829956,1.7201699018478394,0.7360620498657227,1.9682157039642334,True
sab2_8en1_d:sab2_8en1_d_s31:sab2_8en1_d_s23,sab2_8en1_d,98,cdr3,D,0.6764869689941406,0.7478311061859131,0.7121590375900269,0.6764869689941406,0.07134413719177246,True
sab2_8en1_d:sab2_8en1_d_s31:sab2_8en1_d_s23,sab2_8en1_d,99,cdr3,R,-0.49607276916503906,-1.5534744262695312,-1.0247735977172852,0.0,1.0574016571044922,True
sab2_8en1_d:sab2_8en1_d_s31:sab2_8en1_d_s23,sab2_8en1_d,100,cdr3,D,-0.32129955291748047,-1.963587760925293,-1.1424436569213867,0.0,1.6422882080078125,True
sab2_8en1_d:sab2_8en1_d_s31:sab2_8en1_d_s23,sab2_8en1_d,101,cdr3,H,0.1071176528930664,0.6509411334991455,0.37902939319610596,0.1071176528930664,0.5438234806060791,True
sab2_8en1_d:sab2_8en1_d_s31:sab2_8en1_d_s23,sab2_8en1_d,102,cdr3,Y,0.026872634887695312,-2.2325793504714966,-1.1028533577919006,0.0,2.259451985359192,False
sab2_8en1_d:sab2_8en1_d_s31:sab2_8en1_d_s23,sab2_8en1_d,104,cdr3,G,1.1990251541137695,0.13022112846374512,0.6646231412887573,0.13022112846374512,1.0688040256500244,True
sab2_8en1_d:sab2_8en1_d_s31:sab2_8en1_d_s23,sab2_8en1_d,105,cdr3,T,0.6945724487304688,-0.47067904472351074,0.111946702003479,0.0,1.1652514934539795,False
sab2_8en1_d:sab2_8en1_d_s31:sab2_8en1_d_s23,sab2_8en1_d,106,cdr3,Y,0.5791149139404297,0.10176539421081543,0.34044015407562256,0.10176539421081543,0.47734951972961426,True
sab2_8en1_d:sab2_8en1_d_s31:sab2_8en1_d_s23,sab2_8en1_d,107,cdr3,Y,0.8682765960693359,-0.5845448970794678,0.14186584949493408,0.0,1.4528214931488037,False
sab2_8en1_d:sab2_8en1_d_s31:sab2_8en1_d_s23,sab2_8en1_d,108,cdr3,G,1.355752944946289,1.5546996593475342,1.4552263021469116,1.355752944946289,0.19894671440124512,True
sab2_8en1_d:sab2_8en1_d_s31:sab2_8en1_d_s23,sab2_8en1_d,109,cdr3,R,0.05382728576660156,-0.0356442928314209,0.009091496467590332,0.0,0.08947157859802246,False
sab2_8en1_d:sab2_8en1_d_s31:sab2_8en1_d_s23,sab2_8en1_d,110,cdr3,R,1.3998298645019531,1.1112449169158936,1.2555373907089233,1.1112449169158936,0.28858494758605957,True
sab2_8en1_d:sab2_8en1_d_s31:sab2_8en1_d_s23,sab2_8en1_d,113,cdr3,E,0.3771934509277344,1.119077444076538,0.7481354475021362,0.3771934509277344,0.7418839931488037,True
sab2_8en1_d:sab2_8en1_d_s31:sab2_8en1_d_s23,sab2_8en1_d,114,cdr3,E,-0.09105873107910156,-1.2954294681549072,-0.6932440996170044,0.0,1.2043707370758057,True
sab2_8en1_d:sab2_8en1_d_s29:sab2_8en1_d_s05,sab2_8en1_d,26,cdr1,R,-0.43309783935546875,-1.7117469310760498,-1.0724223852157593,0.0,1.278649091720581,True
sab2_8en1_d:sab2_8en1_d_s29:sab2_8en1_d_s05,sab2_8en1_d,28,cdr1,F,2.16748046875,-0.06531882286071777,1.0510808229446411,0.0,2.2327992916107178,False
sab2_8en1_d:sab2_8en1_d_s29:sab2_8en1_d_s05,sab2_8en1_d,32,cdr1,L,0.46503448486328125,3.0519731044769287,1.758503794670105,0.46503448486328125,2.5869386196136475,True
sab2_8en1_d:sab2_8en1_d_s29:sab2_8en1_d_s05,sab2_8en1_d,53,cdr2,R,1.3051881790161133,2.569844961166382,1.9375165700912476,1.3051881790161133,1.2646567821502686,True
sab2_8en1_d:sab2_8en1_d_s29:sab2_8en1_d_s05,sab2_8en1_d,97,cdr3,S,1.291184425354004,4.2267067432403564,2.75894558429718,1.291184425354004,2.9355223178863525,True
sab2_8en1_d:sab2_8en1_d_s29:sab2_8en1_d_s05,sab2_8en1_d,98,cdr3,D,-0.7788782119750977,-0.11542534828186035,-0.447151780128479,0.0,0.6634528636932373,True
sab2_8en1_d:sab2_8en1_d_s29:sab2_8en1_d_s05,sab2_8en1_d,99,cdr3,R,1.2232398986816406,0.9145181179046631,1.0688790082931519,0.9145181179046631,0.30872178077697754,True
sab2_8en1_d:sab2_8en1_d_s29:sab2_8en1_d_s05,sab2_8en1_d,100,cdr3,D,-0.27480030059814453,-1.1049342155456543,-0.6898672580718994,0.0,0.8301339149475098,True
sab2_8en1_d:sab2_8en1_d_s29:sab2_8en1_d_s05,sab2_8en1_d,101,cdr3,H,-0.8360595703125,1.4015772342681885,0.28275883197784424,0.0,2.2376368045806885,False
sab2_8en1_d:sab2_8en1_d_s29:sab2_8en1_d_s05,sab2_8en1_d,102,cdr3,Y,-0.1855478286743164,0.34656643867492676,0.08050930500030518,0.0,0.5321142673492432,False
sab2_8en1_d:sab2_8en1_d_s29:sab2_8en1_d_s05,sab2_8en1_d,103,cdr3,S,-0.2664375305175781,0.46898674964904785,0.10127460956573486,0.0,0.735424280166626,False
sab2_8en1_d:sab2_8en1_d_s29:sab2_8en1_d_s05,sab2_8en1_d,104,cdr3,G,0.11002349853515625,-0.26104140281677246,-0.0755089521408081,0.0,0.3710649013519287,False
sab2_8en1_d:sab2_8en1_d_s29:sab2_8en1_d_s05,sab2_8en1_d,105,cdr3,T,-0.1832895278930664,-0.014250755310058594,-0.0987701416015625,0.0,0.1690387725830078,True
sab2_8en1_d:sab2_8en1_d_s29:sab2_8en1_d_s05,sab2_8en1_d,107,cdr3,Y,1.1551713943481445,1.3552305698394775,1.255200982093811,1.1551713943481445,0.200059175491333,True
sab2_8en1_d:sab2_8en1_d_s29:sab2_8en1_d_s05,sab2_8en1_d,108,cdr3,G,0.44821834564208984,-0.2832467555999756,0.08248579502105713,0.0,0.7314651012420654,False
sab2_8en1_d:sab2_8en1_d_s29:sab2_8en1_d_s05,sab2_8en1_d,109,cdr3,R,2.5667123794555664,1.0542333126068115,1.810472846031189,1.0542333126068115,1.5124790668487549,True
sab2_8en1_d:sab2_8en1_d_s29:sab2_8en1_d_s05,sab2_8en1_d,110,cdr3,R,1.0374784469604492,-0.6308982372283936,0.20329010486602783,0.0,1.6683766841888428,False
sab2_8en1_d:sab2_8en1_d_s29:sab2_8en1_d_s05,sab2_8en1_d,113,cdr3,E,-0.01656341552734375,-0.7668828964233398,-0.3917231559753418,0.0,0.7503194808959961,True
sab2_8en1_d:sab2_8en1_d_s29:sab2_8en1_d_s05,sab2_8en1_d,114,cdr3,E,0.31956958770751953,-0.47806644439697266,-0.07924842834472656,0.0,0.7976360321044922,False
sab2_8en1_d:sab2_8en1_d_s29:sab2_8en1_d_s05,sab2_8en1_d,116,cdr3,D,0.9718809127807617,2.9525206089019775,1.9622007608413696,0.9718809127807617,1.9806396961212158,True
sab2_8en1_d:sab2_8en1_d_s30:sab2_8en1_d_s27,sab2_8en1_d,26,cdr1,R,5.150873184204102,6.422735691070557,5.786804437637329,5.150873184204102,1.271862506866455,True
sab2_8en1_d:sab2_8en1_d_s30:sab2_8en1_d_s27,sab2_8en1_d,56,cdr2,S,-0.22227764129638672,-0.04931497573852539,-0.13579630851745605,0.0,0.17296266555786133,True
sab2_8en1_d:sab2_8en1_d_s30:sab2_8en1_d_s27,sab2_8en1_d,98,cdr3,D,0.9141559600830078,1.0708913803100586,0.9925236701965332,0.9141559600830078,0.15673542022705078,True
sab2_8en1_d:sab2_8en1_d_s30:sab2_8en1_d_s27,sab2_8en1_d,101,cdr3,H,1.8948383331298828,2.0623278617858887,1.9785830974578857,1.8948383331298828,0.16748952865600586,True
sab2_8en1_d:sab2_8en1_d_s30:sab2_8en1_d_s27,sab2_8en1_d,102,cdr3,Y,0.09157562255859375,-0.4541444778442383,-0.18128442764282227,0.0,0.545720100402832,False
sab2_8en1_d:sab2_8en1_d_s30:sab2_8en1_d_s27,sab2_8en1_d,103,cdr3,S,-0.759852409362793,-0.7326292991638184,-0.7462408542633057,0.0,0.02722311019897461,True
sab2_8en1_d:sab2_8en1_d_s30:sab2_8en1_d_s27,sab2_8en1_d,104,cdr3,G,-0.5218658447265625,-0.2680487632751465,-0.3949573040008545,0.0,0.253817081451416,True
sab2_8en1_d:sab2_8en1_d_s30:sab2_8en1_d_s27,sab2_8en1_d,105,cdr3,T,-0.044936180114746094,-0.7679934501647949,-0.4064648151397705,0.0,0.7230572700500488,True
sab2_8en1_d:sab2_8en1_d_s30:sab2_8en1_d_s27,sab2_8en1_d,106,cdr3,Y,0.02068042755126953,0.3899216651916504,0.20530104637145996,0.02068042755126953,0.36924123764038086,True
sab2_8en1_d:sab2_8en1_d_s30:sab2_8en1_d_s27,sab2_8en1_d,108,cdr3,G,-0.20475387573242188,-0.6608426570892334,-0.43279826641082764,0.0,0.4560887813568115,True
sab2_8en1_d:sab2_8en1_d_s30:sab2_8en1_d_s27,sab2_8en1_d,109,cdr3,R,0.014650344848632812,0.0345616340637207,0.024605989456176758,0.014650344848632812,0.01991128921508789,True
sab2_8en1_d:sab2_8en1_d_s30:sab2_8en1_d_s27,sab2_8en1_d,110,cdr3,R,0.6785821914672852,0.8123908042907715,0.7454864978790283,0.6785821914672852,0.13380861282348633,True
sab2_8en1_d:sab2_8en1_d_s30:sab2_8en1_d_s27,sab2_8en1_d,116,cdr3,D,0.0003681182861328125,0.1780714988708496,0.08921980857849121,0.0003681182861328125,0.1777033805847168,True
sab2_8en1_d:sab2_8en1_d_s08:sab2_8en1_d_s00,sab2_8en1_d,29,cdr1,S,1.5179901123046875,0.09771442413330078,0.8078522682189941,0.09771442413330078,1.4202756881713867,True
sab2_8en1_d:sab2_8en1_d_s08:sab2_8en1_d_s00,sab2_8en1_d,30,cdr1,T,2.2245397567749023,0.5931501388549805,1.4088449478149414,0.5931501388549805,1.6313896179199219,True
sab2_8en1_d:sab2_8en1_d_s08:sab2_8en1_d_s00,sab2_8en1_d,56,cdr2,S,0.16272449493408203,-1.1312077045440674,-0.4842416048049927,0.0,1.2939321994781494,False
sab2_8en1_d:sab2_8en1_d_s08:sab2_8en1_d_s00,sab2_8en1_d,99,cdr3,R,-0.4034614562988281,0.47782230377197266,0.037180423736572266,0.0,0.8812837600708008,False
sab2_8en1_d:sab2_8en1_d_s08:sab2_8en1_d_s00,sab2_8en1_d,101,cdr3,H,0.6833019256591797,0.1760711669921875,0.4296865463256836,0.1760711669921875,0.5072307586669922,True
sab2_8en1_d:sab2_8en1_d_s08:sab2_8en1_d_s00,sab2_8en1_d,102,cdr3,Y,0.5545063018798828,0.7197389602661133,0.637122631072998,0.5545063018798828,0.16523265838623047,True
sab2_8en1_d:sab2_8en1_d_s08:sab2_8en1_d_s00,sab2_8en1_d,103,cdr3,S,0.2496509552001953,1.1453990936279297,0.6975250244140625,0.2496509552001953,0.8957481384277344,True
sab2_8en1_d:sab2_8en1_d_s08:sab2_8en1_d_s00,sab2_8en1_d,104,cdr3,G,-0.4211101531982422,0.6831417083740234,0.13101577758789062,0.0,1.1042518615722656,False
sab2_8en1_d:sab2_8en1_d_s08:sab2_8en1_d_s00,sab2_8en1_d,105,cdr3,T,1.143610954284668,1.2864303588867188,1.2150206565856934,1.143610954284668,0.14281940460205078,True
sab2_8en1_d:sab2_8en1_d_s08:sab2_8en1_d_s00,sab2_8en1_d,106,cdr3,Y,2.6131114959716797,-0.9972078800201416,0.807951807975769,0.0,3.6103193759918213,False
sab2_8en1_d:sab2_8en1_d_s08:sab2_8en1_d_s00,sab2_8en1_d,107,cdr3,Y,-0.5720787048339844,-0.564129114151001,-0.5681039094924927,0.0,0.007949590682983398,True
sab2_8en1_d:sab2_8en1_d_s08:sab2_8en1_d_s00,sab2_8en1_d,108,cdr3,G,1.0202617645263672,0.7084856033325195,0.8643736839294434,0.7084856033325195,0.31177616119384766,True
sab2_8en1_d:sab2_8en1_d_s08:sab2_8en1_d_s00,sab2_8en1_d,110,cdr3,R,0.33780956268310547,0.11577463150024414,0.2267920970916748,0.11577463150024414,0.22203493118286133,True
sab2_8en1_d:sab2_8en1_d_s08:sab2_8en1_d_s00,sab2_8en1_d,114,cdr3,E,0.4905967712402344,1.1060800552368164,0.7983384132385254,0.4905967712402344,0.615483283996582,True
sab2_8en1_d:sab2_8en1_d_s08:sab2_8en1_d_s00,sab2_8en1_d,115,cdr3,Y,-1.7151117324829102,-1.201965570449829,-1.4585386514663696,0.0,0.513146162033081,True
sab2_8en1_d:sab2_8en1_d_s08:sab2_8en1_d_s00,sab2_8en1_d,116,cdr3,D,-0.25128746032714844,0.6442775726318359,0.19649505615234375,0.0,0.8955650329589844,False
sab2_8en1_d:sab2_8en1_d_s11:sab2_8en1_d_s10,sab2_8en1_d,30,cdr1,T,1.9543886184692383,1.6934747695922852,1.8239316940307617,1.6934747695922852,0.2609138488769531,True
sab2_8en1_d:sab2_8en1_d_s11:sab2_8en1_d_s10,sab2_8en1_d,32,cdr1,L,0.06629180908203125,-0.35735321044921875,-0.14553070068359375,0.0,0.42364501953125,False
sab2_8en1_d:sab2_8en1_d_s11:sab2_8en1_d_s10,sab2_8en1_d,98,cdr3,D,-1.0374317169189453,-1.6953330039978027,-1.366382360458374,0.0,0.6579012870788574,True
sab2_8en1_d:sab2_8en1_d_s11:sab2_8en1_d_s10,sab2_8en1_d,99,cdr3,R,-0.038771629333496094,-0.6492366790771484,-0.34400415420532227,0.0,0.6104650497436523,True
sab2_8en1_d:sab2_8en1_d_s11:sab2_8en1_d_s10,sab2_8en1_d,102,cdr3,Y,0.5675039291381836,0.12959003448486328,0.34854698181152344,0.12959003448486328,0.4379138946533203,True
sab2_8en1_d:sab2_8en1_d_s11:sab2_8en1_d_s10,sab2_8en1_d,104,cdr3,G,-0.4890613555908203,-0.7714500427246094,-0.6302556991577148,0.0,0.28238868713378906,True
sab2_8en1_d:sab2_8en1_d_s11:sab2_8en1_d_s10,sab2_8en1_d,105,cdr3,T,1.697580337524414,0.6501674652099609,1.1738739013671875,0.6501674652099609,1.0474128723144531,True
sab2_8en1_d:sab2_8en1_d_s11:sab2_8en1_d_s10,sab2_8en1_d,106,cdr3,Y,1.6855697631835938,-0.36292314529418945,0.6613233089447021,0.0,2.048492908477783,False
sab2_8en1_d:sab2_8en1_d_s11:sab2_8en1_d_s10,sab2_8en1_d,107,cdr3,Y,0.12357807159423828,0.4760866165161133,0.2998323440551758,0.12357807159423828,0.352508544921875,True
sab2_8en1_d:sab2_8en1_d_s11:sab2_8en1_d_s10,sab2_8en1_d,108,cdr3,G,-0.319580078125,0.34452056884765625,0.012470245361328125,0.0,0.6641006469726562,False
sab2_8en1_d:sab2_8en1_d_s11:sab2_8en1_d_s10,sab2_8en1_d,109,cdr3,R,1.621938705444336,0.2811436653137207,0.9515411853790283,0.2811436653137207,1.3407950401306152,True
sab2_8en1_d:sab2_8en1_d_s11:sab2_8en1_d_s10,sab2_8en1_d,110,cdr3,R,1.8006048202514648,0.899287223815918,1.3499460220336914,0.899287223815918,0.9013175964355469,True
sab2_8en1_d:sab2_8en1_d_s11:sab2_8en1_d_s10,sab2_8en1_d,111,cdr3,F,0.7182455062866211,1.2145390510559082,0.9663922786712646,0.7182455062866211,0.4962935447692871,True
sab2_8en1_d:sab2_8en1_d_s11:sab2_8en1_d_s10,sab2_8en1_d,114,cdr3,E,1.2981719970703125,0.3492765426635742,0.8237242698669434,0.3492765426635742,0.9488954544067383,True
sab2_8en1_d:sab2_8en1_d_s26:sab2_8en1_d_s03,sab2_8en1_d,55,cdr2,S,1.3905525207519531,1.8727517127990723,1.6316521167755127,1.3905525207519531,0.48219919204711914,True
sab2_8en1_d:sab2_8en1_d_s26:sab2_8en1_d_s03,sab2_8en1_d,56,cdr2,S,0.2703723907470703,0.0372467041015625,0.1538095474243164,0.0372467041015625,0.2331256866455078,True
sab2_8en1_d:sab2_8en1_d_s26:sab2_8en1_d_s03,sab2_8en1_d,98,cdr3,D,0.9993114471435547,2.1653356552124023,1.5823235511779785,0.9993114471435547,1.1660242080688477,True
sab2_8en1_d:sab2_8en1_d_s26:sab2_8en1_d_s03,sab2_8en1_d,104,cdr3,G,-1.1163053512573242,-0.2709989547729492,-0.6936521530151367,0.0,0.845306396484375,True
sab2_8en1_d:sab2_8en1_d_s26:sab2_8en1_d_s03,sab2_8en1_d,106,cdr3,Y,-0.7554779052734375,-3.7150042057037354,-2.2352410554885864,0.0,2.959526300430298,True
sab2_8en1_d:sab2_8en1_d_s26:sab2_8en1_d_s03,sab2_8en1_d,108,cdr3,G,0.0388336181640625,0.9423799514770508,0.49060678482055664,0.0388336181640625,0.9035463333129883,True
sab2_8en1_d:sab2_8en1_d_s26:sab2_8en1_d_s03,sab2_8en1_d,113,cdr3,E,-0.029252052307128906,0.7107162475585938,0.3407320976257324,0.0,0.7399682998657227,False
sab2_8en1_d:sab2_8en1_d_s26:sab2_8en1_d_s03,sab2_8en1_d,114,cdr3,E,-0.1407451629638672,1.2773141860961914,0.5682845115661621,0.0,1.4180593490600586,False
sab2_8en1_d:sab2_8en1_d_s26:sab2_8en1_d_s03,sab2_8en1_d,116,cdr3,D,0.2075662612915039,1.816507339477539,1.0120368003845215,0.2075662612915039,1.6089410781860352,True
sab2_8en5_e:sab2_8en5_e_s11:sab2_8en5_e_s30,sab2_8en5_e,26,cdr1,F,-0.026660919189453125,-0.824842095375061,-0.4257515072822571,0.0,0.7981811761856079,True
sab2_8en5_e:sab2_8en5_e_s11:sab2_8en5_e_s30,sab2_8en5_e,27,cdr1,I,0.5881671905517578,4.319640755653381,2.4539039731025696,0.5881671905517578,3.7314735651016235,True
sab2_8en5_e:sab2_8en5_e_s11:sab2_8en5_e_s30,sab2_8en5_e,28,cdr1,L,0.3850984573364258,-2.8325735330581665,-1.2237375378608704,0.0,3.2176719903945923,False
sab2_8en5_e:sab2_8en5_e_s11:sab2_8en5_e_s30,sab2_8en5_e,30,cdr1,R,0.7248344421386719,-1.6741968393325806,-0.47468119859695435,0.0,2.3990312814712524,False
sab2_8en5_e:sab2_8en5_e_s11:sab2_8en5_e_s30,sab2_8en5_e,31,cdr1,P,-0.24393081665039062,-1.2610746622085571,-0.7525027394294739,0.0,1.0171438455581665,True
sab2_8en5_e:sab2_8en5_e_s11:sab2_8en5_e_s30,sab2_8en5_e,51,cdr2,S,-0.3319053649902344,-5.338480830192566,-2.8351930975914,0.0,5.0065754652023315,True
sab2_8en5_e:sab2_8en5_e_s11:sab2_8en5_e_s30,sab2_8en5_e,52,cdr2,G,0.29305362701416016,2.4144439697265625,1.3537487983703613,0.29305362701416016,2.1213903427124023,True
sab2_8en5_e:sab2_8en5_e_s11:sab2_8en5_e_s30,sab2_8en5_e,53,cdr2,S,0.4026966094970703,1.1701392829418182,0.7864179462194443,0.4026966094970703,0.7674426734447479,True
sab2_8en5_e:sab2_8en5_e_s11:sab2_8en5_e_s30,sab2_8en5_e,57,cdr2,T,0.32997989654541016,1.3946369290351868,0.8623084127902985,0.32997989654541016,1.0646570324897766,True
sab2_8en5_e:sab2_8en5_e_s11:sab2_8en5_e_s30,sab2_8en5_e,97,cdr3,A,0.6548728942871094,4.451699137687683,2.5532860159873962,0.6548728942871094,3.7968262434005737,True
sab2_8en5_e:sab2_8en5_e_s11:sab2_8en5_e_s30,sab2_8en5_e,98,cdr3,R,0.17585086822509766,1.400163471698761,0.7880071699619293,0.17585086822509766,1.2243126034736633,True
sab2_8en5_e:sab2_8en5_e_s11:sab2_8en5_e_s30,sab2_8en5_e,99,cdr3,T,0.5294809341430664,-1.9380651712417603,-0.7042921185493469,0.0,2.4675461053848267,False
sab2_8en5_e:sab2_8en5_e_s11:sab2_8en5_e_s30,sab2_8en5_e,100,cdr3,F,0.18550682067871094,-2.377128005027771,-1.09581059217453,0.0,2.562634825706482,False
sab2_8en5_e:sab2_8en5_e_s11:sab2_8en5_e_s30,sab2_8en5_e,101,cdr3,T,0.1638927459716797,-2.386956810951233,-1.1115320324897766,0.0,2.5508495569229126,False
sab2_8en5_e:sab2_8en5_e_s11:sab2_8en5_e_s30,sab2_8en5_e,102,cdr3,A,-0.07430648803710938,-2.094351649284363,-1.084329068660736,0.0,2.0200451612472534,True
sab2_8en5_e:sab2_8en5_e_s11:sab2_8en5_e_s30,sab2_8en5_e,103,cdr3,G,0.4521903991699219,0.7558569498360157,0.6040236745029688,0.4521903991699219,0.3036665506660938,True
sab2_8en5_e:sab2_8en5_e_s11:sab2_8en5_e_s30,sab2_8en5_e,104,cdr3,C,0.39128971099853516,-0.20461571216583252,0.09333699941635132,0.0,0.5959054231643677,False
sab2_8en5_e:sab2_8en5_e_s11:sab2_8en5_e_s30,sab2_8en5_e,105,cdr3,Y,0.16062641143798828,2.5036091804504395,1.3321177959442139,0.16062641143798828,2.342982769012451,True
sab2_8en5_e:sab2_8en5_e_s11:sab2_8en5_e_s30,sab2_8en5_e,107,cdr3,R,0.5487213134765625,5.729962468147278,3.13934189081192,0.5487213134765625,5.181241154670715,True
sab2_8en5_e:sab2_8en5_e_s11:sab2_8en5_e_s30,sab2_8en5_e,109,cdr3,I,0.6313333511352539,0.9500753879547119,0.7907043695449829,0.6313333511352539,0.318742036819458,True
sab2_8en5_e:sab2_8en5_e_s11:sab2_8en5_e_s30,sab2_8en5_e,111,cdr3,Y,1.0362482070922852,5.2507535219192505,3.143500864505768,1.0362482070922852,4.214505314826965,True
sab2_8en5_e:sab2_8en5_e_s11:sab2_8en5_e_s30,sab2_8en5_e,112,cdr3,P,0.3951435089111328,0.22707867622375488,0.31111109256744385,0.22707867622375488,0.16806483268737793,True
sab2_8en5_e:sab2_8en5_e_s11:sab2_8en5_e_s30,sab2_8en5_e,113,cdr3,Y,0.7441263198852539,5.205710053443909,2.9749181866645813,0.7441263198852539,4.461583733558655,True
sab2_8en5_e:sab2_8en5_e_s03:sab2_8en5_e_s02,sab2_8en5_e,25,cdr1,G,-0.01802825927734375,2.0027213096618652,0.9923465251922607,0.0,2.020749568939209,False
sab2_8en5_e:sab2_8en5_e_s03:sab2_8en5_e_s02,sab2_8en5_e,26,cdr1,F,0.5312252044677734,6.504620552062988,3.517922878265381,0.5312252044677734,5.973395347595215,True
sab2_8en5_e:sab2_8en5_e_s03:sab2_8en5_e_s02,sab2_8en5_e,28,cdr1,L,-0.07026863098144531,0.3389909267425537,0.1343611478805542,0.0,0.409259557723999,False
sab2_8en5_e:sab2_8en5_e_s03:sab2_8en5_e_s02,sab2_8en5_e,29,cdr1,G,1.3050003051757812,8.152518272399902,4.728759288787842,1.3050003051757812,6.847517967224121,True
sab2_8en5_e:sab2_8en5_e_s03:sab2_8en5_e_s02,sab2_8en5_e,30,cdr1,R,-0.08079719543457031,0.31327128410339355,0.11623704433441162,0.0,0.39406847953796387,False
sab2_8en5_e:sab2_8en5_e_s03:sab2_8en5_e_s02,sab2_8en5_e,50,cdr2,I,-0.06957054138183594,-0.15584683418273926,-0.1127086877822876,0.0,0.08627629280090332,True
sab2_8en5_e:sab2_8en5_e_s03:sab2_8en5_e_s02,sab2_8en5_e,51,cdr2,S,0.3097658157348633,1.497420310974121,0.9035930633544922,0.3097658157348633,1.1876544952392578,True
sab2_8en5_e:sab2_8en5_e_s03:sab2_8en5_e_s02,sab2_8en5_e,52,cdr2,G,1.158456802368164,5.327924728393555,3.2431907653808594,1.158456802368164,4.169467926025391,True
sab2_8en5_e:sab2_8en5_e_s03:sab2_8en5_e_s02,sab2_8en5_e,55,cdr2,E,0.7925777435302734,0.6242623329162598,0.7084200382232666,0.6242623329162598,0.16831541061401367,True
sab2_8en5_e:sab2_8en5_e_s03:sab2_8en5_e_s02,sab2_8en5_e,56,cdr2,I,0.3160371780395508,2.2515621185302734,1.283799648284912,0.3160371780395508,1.9355249404907227,True
sab2_8en5_e:sab2_8en5_e_s03:sab2_8en5_e_s02,sab2_8en5_e,57,cdr2,T,0.06236743927001953,2.4009504318237305,1.231658935546875,0.06236743927001953,2.338582992553711,True
sab2_8en5_e:sab2_8en5_e_s03:sab2_8en5_e_s02,sab2_8en5_e,98,cdr3,R,-0.016145706176757812,-0.4040699005126953,-0.21010780334472656,0.0,0.3879241943359375,True
sab2_8en5_e:sab2_8en5_e_s03:sab2_8en5_e_s02,sab2_8en5_e,99,cdr3,T,-0.2601776123046875,0.09994077682495117,-0.08011841773986816,0.0,0.36011838912963867,False
sab2_8en5_e:sab2_8en5_e_s03:sab2_8en5_e_s02,sab2_8en5_e,100,cdr3,F,0.647796630859375,-1.5737619400024414,-0.4629826545715332,0.0,2.2215585708618164,False
sab2_8en5_e:sab2_8en5_e_s03:sab2_8en5_e_s02,sab2_8en5_e,101,cdr3,T,-0.3336772918701172,-0.14230585098266602,-0.2379915714263916,0.0,0.19137144088745117,True
sab2_8en5_e:sab2_8en5_e_s03:sab2_8en5_e_s02,sab2_8en5_e,102,cdr3,A,-0.09737586975097656,0.3069782257080078,0.10480117797851562,0.0,0.4043540954589844,False
sab2_8en5_e:sab2_8en5_e_s03:sab2_8en5_e_s02,sab2_8en5_e,103,cdr3,G,1.3386058807373047,2.7234678268432617,2.031036853790283,1.3386058807373047,1.384861946105957,True
sab2_8en5_e:sab2_8en5_e_s03:sab2_8en5_e_s02,sab2_8en5_e,104,cdr3,C,-0.04026603698730469,0.31224703788757324,0.13599050045013428,0.0,0.35251307487487793,False
sab2_8en5_e:sab2_8en5_e_s03:sab2_8en5_e_s02,sab2_8en5_e,106,cdr3,S,0.8380937576293945,-2.298988461494446,-0.7304473519325256,0.0,3.1370822191238403,False
sab2_8en5_e:sab2_8en5_e_s03:sab2_8en5_e_s02,sab2_8en5_e,107,cdr3,R,0.07906532287597656,1.846412181854248,0.9627387523651123,0.07906532287597656,1.7673468589782715,True
sab2_8en5_e:sab2_8en5_e_s03:sab2_8en5_e_s02,sab2_8en5_e,110,cdr3,A,0.9155006408691406,-2.277704954147339,-0.6811021566390991,0.0,3.1932055950164795,False
sab2_8en5_e:sab2_8en5_e_s03:sab2_8en5_e_s02,sab2_8en5_e,112,cdr3,P,0.8197212219238281,1.1211357116699219,0.970428466796875,0.8197212219238281,0.30141448974609375,True
sab2_8en5_e:sab2_8en5_e_s03:sab2_8en5_e_s02,sab2_8en5_e,113,cdr3,Y,0.29192352294921875,-4.703211545944214,-2.2056440114974976,0.0,4.995135068893433,False
sab2_8en5_e:sab2_8en5_e_s10:sab2_8en5_e_s05,sab2_8en5_e,25,cdr1,G,0.14978504180908203,-1.1347417831420898,-0.4924783706665039,0.0,1.2845268249511719,False
sab2_8en5_e:sab2_8en5_e_s10:sab2_8en5_e_s05,sab2_8en5_e,26,cdr1,F,0.643768310546875,1.8806371688842773,1.2622027397155762,0.643768310546875,1.2368688583374023,True
sab2_8en5_e:sab2_8en5_e_s10:sab2_8en5_e_s05,sab2_8en5_e,27,cdr1,I,0.30402660369873047,0.16868257522583008,0.23635458946228027,0.16868257522583008,0.1353440284729004,True
sab2_8en5_e:sab2_8en5_e_s10:sab2_8en5_e_s05,sab2_8en5_e,28,cdr1,L,0.03773784637451172,0.4763150215148926,0.25702643394470215,0.03773784637451172,0.43857717514038086,True
sab2_8en5_e:sab2_8en5_e_s10:sab2_8en5_e_s05,sab2_8en5_e,30,cdr1,R,0.24004268646240234,-0.7108392715454102,-0.2353982925415039,0.0,0.9508819580078125,False
sab2_8en5_e:sab2_8en5_e_s10:sab2_8en5_e_s05,sab2_8en5_e,32,cdr1,V,0.23506641387939453,0.1780996322631836,0.20658302307128906,0.1780996322631836,0.05696678161621094,True
sab2_8en5_e:sab2_8en5_e_s10:sab2_8en5_e_s05,sab2_8en5_e,51,cdr2,S,0.42245960235595703,0.9012594223022461,0.6618595123291016,0.42245960235595703,0.47879981994628906,True
sab2_8en5_e:sab2_8en5_e_s10:sab2_8en5_e_s05,sab2_8en5_e,52,cdr2,G,1.6014480590820312,0.5404376983642578,1.0709428787231445,0.5404376983642578,1.0610103607177734,True
sab2_8en5_e:sab2_8en5_e_s10:sab2_8en5_e_s05,sab2_8en5_e,55,cdr2,E,-0.2602510452270508,-2.3521533012390137,-1.3062021732330322,0.0,2.091902256011963,True
sab2_8en5_e:sab2_8en5_e_s10:sab2_8en5_e_s05,sab2_8en5_e,56,cdr2,I,-0.18189525604248047,-0.1017603874206543,-0.14182782173156738,0.0,0.08013486862182617,True
sab2_8en5_e:sab2_8en5_e_s10:sab2_8en5_e_s05,sab2_8en5_e,57,cdr2,T,0.10541534423828125,0.6011476516723633,0.35328149795532227,0.10541534423828125,0.49573230743408203,True
sab2_8en5_e:sab2_8en5_e_s10:sab2_8en5_e_s05,sab2_8en5_e,97,cdr3,A,3.13193416595459,2.269308090209961,2.7006211280822754,2.269308090209961,0.8626260757446289,True
sab2_8en5_e:sab2_8en5_e_s10:sab2_8en5_e_s05,sab2_8en5_e,100,cdr3,F,-0.24947643280029297,-0.4397311210632324,-0.3446037769317627,0.0,0.19025468826293945,True
sab2_8en5_e:sab2_8en5_e_s10:sab2_8en5_e_s05,sab2_8en5_e,101,cdr3,T,0.2863655090332031,0.9274530410766602,0.6069092750549316,0.2863655090332031,0.641087532043457,True
sab2_8en5_e:sab2_8en5_e_s10:sab2_8en5_e_s05,sab2_8en5_e,102,cdr3,A,0.46177005767822266,-0.8232531547546387,-0.180741548538208,0.0,1.2850232124328613,False
sab2_8en5_e:sab2_8en5_e_s10:sab2_8en5_e_s05,sab2_8en5_e,103,cdr3,G,-0.5140295028686523,-1.7824091911315918,-1.148219347000122,0.0,1.2683796882629395,True
sab2_8en5_e:sab2_8en5_e_s10:sab2_8en5_e_s05,sab2_8en5_e,104,cdr3,C,1.6656522750854492,0.1204380989074707,0.89304518699646,0.1204380989074707,1.5452141761779785,True
sab2_8en5_e:sab2_8en5_e_s10:sab2_8en5_e_s05,sab2_8en5_e,105,cdr3,Y,-0.022994041442871094,0.005450248718261719,-0.008771896362304688,0.0,0.028444290161132812,False
sab2_8en5_e:sab2_8en5_e_s10:sab2_8en5_e_s05,sab2_8en5_e,106,cdr3,S,-0.6986284255981445,-1.0751562118530273,-0.8868923187255859,0.0,0.3765277862548828,True
sab2_8en5_e:sab2_8en5_e_s10:sab2_8en5_e_s05,sab2_8en5_e,107,cdr3,R,0.9476633071899414,1.168950080871582,1.0583066940307617,0.9476633071899414,0.22128677368164062,True
sab2_8en5_e:sab2_8en5_e_s10:sab2_8en5_e_s05,sab2_8en5_e,109,cdr3,I,1.1525726318359375,0.9809160232543945,1.066744327545166,0.9809160232543945,0.17165660858154297,True
sab2_8en5_e:sab2_8en5_e_s10:sab2_8en5_e_s05,sab2_8en5_e,110,cdr3,A,1.214320182800293,-0.4674215316772461,0.37344932556152344,0.0,1.681741714477539,False
sab2_8en5_e:sab2_8en5_e_s10:sab2_8en5_e_s05,sab2_8en5_e,112,cdr3,P,1.0526971817016602,-0.16795825958251953,0.4423694610595703,0.0,1.2206554412841797,False
sab2_8en5_e:sab2_8en5_e_s18:sab2_8en5_e_s27,sab2_8en5_e,25,cdr1,G,-0.02555370330810547,1.070889949798584,0.5226681232452393,0.0,1.0964436531066895,False
sab2_8en5_e:sab2_8en5_e_s18:sab2_8en5_e_s27,sab2_8en5_e,26,cdr1,F,0.078369140625,1.814283847808838,0.946326494216919,0.078369140625,1.735914707183838,True
sab2_8en5_e:sab2_8en5_e_s18:sab2_8en5_e_s27,sab2_8en5_e,28,cdr1,L,0.4388761520385742,-0.5175762176513672,-0.039350032806396484,0.0,0.9564523696899414,False
sab2_8en5_e:sab2_8en5_e_s18:sab2_8en5_e_s27,sab2_8en5_e,30,cdr1,R,-0.1918182373046875,-3.5651373863220215,-1.8784778118133545,0.0,3.373319149017334,True
sab2_8en5_e:sab2_8en5_e_s18:sab2_8en5_e_s27,sab2_8en5_e,32,cdr1,V,0.43018341064453125,0.694389820098877,0.5622866153717041,0.43018341064453125,0.2642064094543457,True
sab2_8en5_e:sab2_8en5_e_s18:sab2_8en5_e_s27,sab2_8en5_e,52,cdr2,G,-0.005405426025390625,-1.7621521949768066,-0.8837788105010986,0.0,1.756746768951416,True
sab2_8en5_e:sab2_8en5_e_s18:sab2_8en5_e_s27,sab2_8en5_e,53,cdr2,S,-0.2895545959472656,-2.819614887237549,-1.5545847415924072,0.0,2.530060291290283,True
sab2_8en5_e:sab2_8en5_e_s18:sab2_8en5_e_s27,sab2_8en5_e,97,cdr3,A,0.265960693359375,2.0843262672424316,1.1751434803009033,0.265960693359375,1.8183655738830566,True
sab2_8en5_e:sab2_8en5_e_s18:sab2_8en5_e_s27,sab2_8en5_e,98,cdr3,R,-0.15658092498779297,0.6240935325622559,0.23375630378723145,0.0,0.7806744575500488,False
sab2_8en5_e:sab2_8en5_e_s18:sab2_8en5_e_s27,sab2_8en5_e,99,cdr3,T,0.0829782485961914,0.3458409309387207,0.21440958976745605,0.0829782485961914,0.2628626823425293,True
sab2_8en5_e:sab2_8en5_e_s18:sab2_8en5_e_s27,sab2_8en5_e,100,cdr3,F,-0.018532752990722656,0.039897918701171875,0.01068258285522461,0.0,0.05843067169189453,False
sab2_8en5_e:sab2_8en5_e_s18:sab2_8en5_e_s27,sab2_8en5_e,101,cdr3,T,-0.20123577117919922,0.802884578704834,0.3008244037628174,0.0,1.0041203498840332,False
sab2_8en5_e:sab2_8en5_e_s18:sab2_8en5_e_s27,sab2_8en5_e,102,cdr3,A,0.012364387512207031,1.1169114112854004,0.5646378993988037,0.012364387512207031,1.1045470237731934,True
sab2_8en5_e:sab2_8en5_e_s18:sab2_8en5_e_s27,sab2_8en5_e,103,cdr3,G,0.18461227416992188,-4.5119709968566895,-2.163679361343384,0.0,4.696583271026611,False
sab2_8en5_e:sab2_8en5_e_s18:sab2_8en5_e_s27,sab2_8en5_e,104,cdr3,C,2.1149911880493164,-4.946081161499023,-1.4155449867248535,0.0,7.06107234954834,False
sab2_8en5_e:sab2_8en5_e_s18:sab2_8en5_e_s27,sab2_8en5_e,105,cdr3,Y,0.5798559188842773,0.12170028686523438,0.35077810287475586,0.12170028686523438,0.45815563201904297,True
sab2_8en5_e:sab2_8en5_e_s18:sab2_8en5_e_s27,sab2_8en5_e,106,cdr3,S,0.6883649826049805,0.752220630645752,0.7202928066253662,0.6883649826049805,0.06385564804077148,True
sab2_8en5_e:sab2_8en5_e_s18:sab2_8en5_e_s27,sab2_8en5_e,107,cdr3,R,-0.12282085418701172,-1.2297019958496094,-0.6762614250183105,0.0,1.1068811416625977,True
sab2_8en5_e:sab2_8en5_e_s18:sab2_8en5_e_s27,sab2_8en5_e,108,cdr3,S,0.5864057540893555,1.0409979820251465,0.813701868057251,0.5864057540893555,0.454592227935791,True
sab2_8en5_e:sab2_8en5_e_s18:sab2_8en5_e_s27,sab2_8en5_e,110,cdr3,A,0.8316488265991211,3.019810199737549,1.925729513168335,0.8316488265991211,2.1881613731384277,True
sab2_8en5_e:sab2_8en5_e_s18:sab2_8en5_e_s27,sab2_8en5_e,111,cdr3,Y,0.799067497253418,3.4827237129211426,2.1408956050872803,0.799067497253418,2.6836562156677246,True
sab2_8en5_e:sab2_8en5_e_s20:sab2_8en5_e_s00,sab2_8en5_e,25,cdr1,G,-0.4239950180053711,-2.4289140701293945,-1.4264545440673828,0.0,2.0049190521240234,True
sab2_8en5_e:sab2_8en5_e_s20:sab2_8en5_e_s00,sab2_8en5_e,26,cdr1,F,1.1836071014404297,-3.121328830718994,-0.9688608646392822,0.0,4.304935932159424,False
sab2_8en5_e:sab2_8en5_e_s20:sab2_8en5_e_s00,sab2_8en5_e,28,cdr1,L,0.5717897415161133,-0.5239801406860352,0.023904800415039062,0.0,1.0957698822021484,False
sab2_8en5_e:sab2_8en5_e_s20:sab2_8en5_e_s00,sab2_8en5_e,30,cdr1,R,-1.033224105834961,-2.3890252113342285,-1.7111246585845947,0.0,1.3558011054992676,True
sab2_8en5_e:sab2_8en5_e_s20:sab2_8en5_e_s00,sab2_8en5_e,50,cdr2,I,1.5227813720703125,1.086599349975586,1.3046903610229492,1.086599349975586,0.43618202209472656,True
sab2_8en5_e:sab2_8en5_e_s20:sab2_8en5_e_s00,sab2_8en5_e,51,cdr2,S,0.4153327941894531,1.2732477188110352,0.8442902565002441,0.4153327941894531,0.857914924621582,True
sab2_8en5_e:sab2_8en5_e_s20:sab2_8en5_e_s00,sab2_8en5_e,52,cdr2,G,0.7414455413818359,2.9803991317749023,1.8609223365783691,0.7414455413818359,2.2389535903930664,True
sab2_8en5_e:sab2_8en5_e_s20:sab2_8en5_e_s00,sab2_8en5_e,55,cdr2,E,0.1346902847290039,0.553858757019043,0.34427452087402344,0.1346902847290039,0.41916847229003906,True
sab2_8en5_e:sab2_8en5_e_s20:sab2_8en5_e_s00,sab2_8en5_e,56,cdr2,I,-0.20946502685546875,0.8135929107666016,0.3020639419555664,0.0,1.0230579376220703,False
sab2_8en5_e:sab2_8en5_e_s20:sab2_8en5_e_s00,sab2_8en5_e,57,cdr2,T,0.9507617950439453,1.830535888671875,1.3906488418579102,0.9507617950439453,0.8797740936279297,True
sab2_8en5_e:sab2_8en5_e_s20:sab2_8en5_e_s00,sab2_8en5_e,98,cdr3,R,1.0151033401489258,1.5720100402832031,1.2935566902160645,1.0151033401489258,0.5569067001342773,True
sab2_8en5_e:sab2_8en5_e_s20:sab2_8en5_e_s00,sab2_8en5_e,99,cdr3,T,-0.24535655975341797,0.07884025573730469,-0.08325815200805664,0.0,0.32419681549072266,False
sab2_8en5_e:sab2_8en5_e_s20:sab2_8en5_e_s00,sab2_8en5_e,101,cdr3,T,-0.0176239013671875,1.5867576599121094,0.7845668792724609,0.0,1.6043815612792969,False
sab2_8en5_e:sab2_8en5_e_s20:sab2_8en5_e_s00,sab2_8en5_e,102,cdr3,A,0.088348388671875,0.49196434020996094,0.29015636444091797,0.088348388671875,0.40361595153808594,True
sab2_8en5_e:sab2_8en5_e_s20:sab2_8en5_e_s00,sab2_8en5_e,103,cdr3,G,1.4874706268310547,-5.402950763702393,-1.957740068435669,0.0,6.890421390533447,False
sab2_8en5_e:sab2_8en5_e_s20:sab2_8en5_e_s00,sab2_8en5_e,104,cdr3,C,1.2574882507324219,-4.9820356369018555,-1.8622736930847168,0.0,6.239523887634277,False
sab2_8en5_e:sab2_8en5_e_s20:sab2_8en5_e_s00,sab2_8en5_e,105,cdr3,Y,0.06031227111816406,-0.5629482269287109,-0.25131797790527344,0.0,0.623260498046875,False
sab2_8en5_e:sab2_8en5_e_s20:sab2_8en5_e_s00,sab2_8en5_e,106,cdr3,S,0.10985946655273438,-1.7003955841064453,-0.7952680587768555,0.0,1.8102550506591797,False
sab2_8en5_e:sab2_8en5_e_s20:sab2_8en5_e_s00,sab2_8en5_e,107,cdr3,R,1.9492692947387695,0.4482688903808594,1.1987690925598145,0.4482688903808594,1.5010004043579102,True
sab2_8en5_e:sab2_8en5_e_s20:sab2_8en5_e_s00,sab2_8en5_e,109,cdr3,I,1.1302509307861328,1.1777753829956055,1.1540131568908691,1.1302509307861328,0.047524452209472656,True
sab2_8en5_e:sab2_8en5_e_s20:sab2_8en5_e_s00,sab2_8en5_e,110,cdr3,A,-1.2283153533935547,0.220703125,-0.5038061141967773,0.0,1.4490184783935547,False
sab2_8en5_e:sab2_8en5_e_s20:sab2_8en5_e_s00,sab2_8en5_e,111,cdr3,Y,1.5118675231933594,0.7787914276123047,1.145329475402832,0.7787914276123047,0.7330760955810547,True
sab2_8en5_e:sab2_8en5_e_s20:sab2_8en5_e_s00,sab2_8en5_e,112,cdr3,P,0.2347574234008789,0.8021507263183594,0.5184540748596191,0.2347574234008789,0.5673933029174805,True
sab2_8en5_e:sab2_8en5_e_s20:sab2_8en5_e_s00,sab2_8en5_e,113,cdr3,Y,0.5738315582275391,1.2269554138183594,0.9003934860229492,0.5738315582275391,0.6531238555908203,True
sab2_8en5_e:sab2_8en5_e_s08:sab2_8en5_e_s04,sab2_8en5_e,25,cdr1,G,0.8100471496582031,1.496901512145996,1.1534743309020996,0.8100471496582031,0.686854362487793,True
sab2_8en5_e:sab2_8en5_e_s08:sab2_8en5_e_s04,sab2_8en5_e,26,cdr1,F,0.8906688690185547,0.5779485702514648,0.7343087196350098,0.5779485702514648,0.31272029876708984,True
sab2_8en5_e:sab2_8en5_e_s08:sab2_8en5_e_s04,sab2_8en5_e,27,cdr1,I,0.113067626953125,-0.637690544128418,-0.2623114585876465,0.0,0.750758171081543,False
sab2_8en5_e:sab2_8en5_e_s08:sab2_8en5_e_s04,sab2_8en5_e,30,cdr1,R,-0.6951446533203125,-0.24108314514160156,-0.46811389923095703,0.0,0.45406150817871094,True
sab2_8en5_e:sab2_8en5_e_s08:sab2_8en5_e_s04,sab2_8en5_e,52,cdr2,G,0.3791084289550781,0.38616466522216797,0.38263654708862305,0.3791084289550781,0.007056236267089844,True
sab2_8en5_e:sab2_8en5_e_s08:sab2_8en5_e_s04,sab2_8en5_e,53,cdr2,S,1.0438251495361328,-1.0233888626098633,0.010218143463134766,0.0,2.067214012145996,False
sab2_8en5_e:sab2_8en5_e_s08:sab2_8en5_e_s04,sab2_8en5_e,55,cdr2,E,-0.11371040344238281,-1.224639892578125,-0.6691751480102539,0.0,1.1109294891357422,True
sab2_8en5_e:sab2_8en5_e_s08:sab2_8en5_e_s04,sab2_8en5_e,56,cdr2,I,-0.36539745330810547,-0.47407054901123047,-0.41973400115966797,0.0,0.108673095703125,True
sab2_8en5_e:sab2_8en5_e_s08:sab2_8en5_e_s04,sab2_8en5_e,97,cdr3,A,0.7511615753173828,1.3944368362426758,1.0727992057800293,0.7511615753173828,0.643275260925293,True
sab2_8en5_e:sab2_8en5_e_s08:sab2_8en5_e_s04,sab2_8en5_e,98,cdr3,R,0.2620716094970703,0.3113851547241211,0.2867283821105957,0.2620716094970703,0.04931354522705078,True
sab2_8en5_e:sab2_8en5_e_s08:sab2_8en5_e_s04,sab2_8en5_e,100,cdr3,F,3.3924198150634766,0.5368528366088867,1.9646363258361816,0.5368528366088867,2.85556697845459,True
sab2_8en5_e:sab2_8en5_e_s08:sab2_8en5_e_s04,sab2_8en5_e,101,cdr3,T,-0.0010585784912109375,-2.8792219161987305,-1.4401402473449707,0.0,2.8781633377075195,True
sab2_8en5_e:sab2_8en5_e_s08:sab2_8en5_e_s04,sab2_8en5_e,102,cdr3,A,0.21949100494384766,-0.5083608627319336,-0.14443492889404297,0.0,0.7278518676757812,False
sab2_8en5_e:sab2_8en5_e_s08:sab2_8en5_e_s04,sab2_8en5_e,103,cdr3,G,1.0590057373046875,-3.162665843963623,-1.0518300533294678,0.0,4.2216715812683105,False
sab2_8en5_e:sab2_8en5_e_s08:sab2_8en5_e_s04,sab2_8en5_e,104,cdr3,C,3.7616071701049805,-1.764028549194336,0.9987893104553223,0.0,5.525635719299316,False
sab2_8en5_e:sab2_8en5_e_s08:sab2_8en5_e_s04,sab2_8en5_e,105,cdr3,Y,1.7236337661743164,0.3909292221069336,1.057281494140625,0.3909292221069336,1.3327045440673828,True
sab2_8en5_e:sab2_8en5_e_s08:sab2_8en5_e_s04,sab2_8en5_e,108,cdr3,S,-0.4341087341308594,0.7416467666625977,0.15376901626586914,0.0,1.175755500793457,False
sab2_8en5_e:sab2_8en5_e_s08:sab2_8en5_e_s04,sab2_8en5_e,109,cdr3,I,0.12427997589111328,-0.6146554946899414,-0.24518775939941406,0.0,0.7389354705810547,False
sab2_8en5_e:sab2_8en5_e_s08:sab2_8en5_e_s04,sab2_8en5_e,110,cdr3,A,-0.11431694030761719,1.3233537673950195,0.6045184135437012,0.0,1.4376707077026367,False
sab2_8en5_e:sab2_8en5_e_s31:sab2_8en5_e_s15,sab2_8en5_e,25,cdr1,G,0.6011762619018555,1.364130973815918,0.9826536178588867,0.6011762619018555,0.7629547119140625,True
sab2_8en5_e:sab2_8en5_e_s31:sab2_8en5_e_s15,sab2_8en5_e,27,cdr1,I,-0.05095672607421875,1.0652389526367188,0.50714111328125,0.0,1.1161956787109375,False
sab2_8en5_e:sab2_8en5_e_s31:sab2_8en5_e_s15,sab2_8en5_e,28,cdr1,L,0.6822967529296875,-1.0023260116577148,-0.16001462936401367,0.0,1.6846227645874023,False
sab2_8en5_e:sab2_8en5_e_s31:sab2_8en5_e_s15,sab2_8en5_e,29,cdr1,G,-0.4812765121459961,1.015336036682129,0.2670297622680664,0.0,1.496612548828125,False
sab2_8en5_e:sab2_8en5_e_s31:sab2_8en5_e_s15,sab2_8en5_e,30,cdr1,R,-0.06396865844726562,0.17750930786132812,0.05677032470703125,0.0,0.24147796630859375,False
sab2_8en5_e:sab2_8en5_e_s31:sab2_8en5_e_s15,sab2_8en5_e,31,cdr1,P,0.10413837432861328,0.38407135009765625,0.24410486221313477,0.10413837432861328,0.27993297576904297,True
sab2_8en5_e:sab2_8en5_e_s31:sab2_8en5_e_s15,sab2_8en5_e,50,cdr2,I,0.9371910095214844,-1.429844856262207,-0.24632692337036133,0.0,2.3670358657836914,False
sab2_8en5_e:sab2_8en5_e_s31:sab2_8en5_e_s15,sab2_8en5_e,51,cdr2,S,-0.29943370819091797,-2.2749366760253906,-1.2871851921081543,0.0,1.9755029678344727,True
sab2_8en5_e:sab2_8en5_e_s31:sab2_8en5_e_s15,sab2_8en5_e,52,cdr2,G,0.4083223342895508,-0.4811239242553711,-0.036400794982910156,0.0,0.8894462585449219,False
sab2_8en5_e:sab2_8en5_e_s31:sab2_8en5_e_s15,sab2_8en5_e,55,cdr2,E,0.3579397201538086,-1.7990026473999023,-0.7205314636230469,0.0,2.156942367553711,False
sab2_8en5_e:sab2_8en5_e_s31:sab2_8en5_e_s15,sab2_8en5_e,56,cdr2,I,-0.13090229034423828,-2.0227460861206055,-1.0768241882324219,0.0,1.8918437957763672,True
sab2_8en5_e:sab2_8en5_e_s31:sab2_8en5_e_s15,sab2_8en5_e,57,cdr2,T,0.02596282958984375,-0.13243389129638672,-0.053235530853271484,0.0,0.15839672088623047,False
sab2_8en5_e:sab2_8en5_e_s31:sab2_8en5_e_s15,sab2_8en5_e,98,cdr3,R,0.2691621780395508,0.039752960205078125,0.15445756912231445,0.039752960205078125,0.22940921783447266,True
sab2_8en5_e:sab2_8en5_e_s31:sab2_8en5_e_s15,sab2_8en5_e,99,cdr3,T,-0.38650989532470703,-1.2880315780639648,-0.8372707366943359,0.0,0.9015216827392578,True
sab2_8en5_e:sab2_8en5_e_s31:sab2_8en5_e_s15,sab2_8en5_e,100,cdr3,F,-0.09847736358642578,0.5013017654418945,0.20141220092773438,0.0,0.5997791290283203,False
sab2_8en5_e:sab2_8en5_e_s31:sab2_8en5_e_s15,sab2_8en5_e,101,cdr3,T,-0.3527708053588867,1.784510612487793,0.7158699035644531,0.0,2.1372814178466797,False
sab2_8en5_e:sab2_8en5_e_s31:sab2_8en5_e_s15,sab2_8en5_e,103,cdr3,G,0.4514312744140625,0.9761877059936523,0.7138094902038574,0.4514312744140625,0.5247564315795898,True
sab2_8en5_e:sab2_8en5_e_s31:sab2_8en5_e_s15,sab2_8en5_e,104,cdr3,C,0.5351457595825195,1.1368799209594727,0.8360128402709961,0.5351457595825195,0.6017341613769531,True
sab2_8en5_e:sab2_8en5_e_s31:sab2_8en5_e_s15,sab2_8en5_e,105,cdr3,Y,-0.042868614196777344,1.1340055465698242,0.5455684661865234,0.0,1.1768741607666016,False
sab2_8en5_e:sab2_8en5_e_s31:sab2_8en5_e_s15,sab2_8en5_e,106,cdr3,S,-0.17934703826904297,3.1707534790039062,1.4957032203674316,0.0,3.350100517272949,False
sab2_8en5_e:sab2_8en5_e_s31:sab2_8en5_e_s15,sab2_8en5_e,107,cdr3,R,0.5403890609741211,0.5541496276855469,0.547269344329834,0.5403890609741211,0.013760566711425781,True
sab2_8en5_e:sab2_8en5_e_s31:sab2_8en5_e_s15,sab2_8en5_e,109,cdr3,I,0.11350250244140625,1.5946617126464844,0.8540821075439453,0.11350250244140625,1.4811592102050781,True
sab2_8en5_e:sab2_8en5_e_s31:sab2_8en5_e_s15,sab2_8en5_e,112,cdr3,P,0.060970306396484375,-0.49211597442626953,-0.21557283401489258,0.0,0.5530862808227539,False
sab2_8en5_e:sab2_8en5_e_s14:sab2_8en5_e_s25,sab2_8en5_e,25,cdr1,G,0.13101959228515625,0.8779497146606445,0.5044846534729004,0.13101959228515625,0.7469301223754883,True
sab2_8en5_e:sab2_8en5_e_s14:sab2_8en5_e_s25,sab2_8en5_e,26,cdr1,F,0.28028106689453125,0.3865041732788086,0.3333926200866699,0.28028106689453125,0.10622310638427734,True
sab2_8en5_e:sab2_8en5_e_s14:sab2_8en5_e_s25,sab2_8en5_e,28,cdr1,L,-0.40462779998779297,0.004756927490234375,-0.1999354362487793,0.0,0.40938472747802734,False
sab2_8en5_e:sab2_8en5_e_s14:sab2_8en5_e_s25,sab2_8en5_e,29,cdr1,G,-0.4449129104614258,-0.5807075500488281,-0.512810230255127,0.0,0.13579463958740234,True
sab2_8en5_e:sab2_8en5_e_s14:sab2_8en5_e_s25,sab2_8en5_e,30,cdr1,R,-0.08843708038330078,-1.3603124618530273,-0.7243747711181641,0.0,1.2718753814697266,True
sab2_8en5_e:sab2_8en5_e_s14:sab2_8en5_e_s25,sab2_8en5_e,31,cdr1,P,-0.10204315185546875,0.3707437515258789,0.13435029983520508,0.0,0.47278690338134766,False
sab2_8en5_e:sab2_8en5_e_s14:sab2_8en5_e_s25,sab2_8en5_e,50,cdr2,I,0.24695682525634766,-0.4939393997192383,-0.12349128723144531,0.0,0.7408962249755859,False
sab2_8en5_e:sab2_8en5_e_s14:sab2_8en5_e_s25,sab2_8en5_e,52,cdr2,G,2.014704704284668,1.3993721008300781,1.707038402557373,1.3993721008300781,0.6153326034545898,True
sab2_8en5_e:sab2_8en5_e_s14:sab2_8en5_e_s25,sab2_8en5_e,53,cdr2,S,0.30663299560546875,0.21657180786132812,0.26160240173339844,0.21657180786132812,0.09006118774414062,True
sab2_8en5_e:sab2_8en5_e_s14:sab2_8en5_e_s25,sab2_8en5_e,56,cdr2,I,-0.37950611114501953,-1.2531604766845703,-0.8163332939147949,0.0,0.8736543655395508,True
sab2_8en5_e:sab2_8en5_e_s14:sab2_8en5_e_s25,sab2_8en5_e,57,cdr2,T,-0.2801847457885742,-0.7587690353393555,-0.5194768905639648,0.0,0.47858428955078125,True
sab2_8en5_e:sab2_8en5_e_s14:sab2_8en5_e_s25,sab2_8en5_e,98,cdr3,R,0.45021533966064453,1.7906103134155273,1.120412826538086,0.45021533966064453,1.3403949737548828,True
sab2_8en5_e:sab2_8en5_e_s14:sab2_8en5_e_s25,sab2_8en5_e,99,cdr3,T,1.2855148315429688,0.2846870422363281,0.7851009368896484,0.2846870422363281,1.0008277893066406,True
sab2_8en5_e:sab2_8en5_e_s14:sab2_8en5_e_s25,sab2_8en5_e,100,cdr3,F,0.43959522247314453,0.27252674102783203,0.3560609817504883,0.27252674102783203,0.1670684814453125,True
sab2_8en5_e:sab2_8en5_e_s14:sab2_8en5_e_s25,sab2_8en5_e,102,cdr3,A,-0.2521820068359375,0.4402627944946289,0.0940403938293457,0.0,0.6924448013305664,False
sab2_8en5_e:sab2_8en5_e_s14:sab2_8en5_e_s25,sab2_8en5_e,103,cdr3,G,2.792205810546875,0.12215709686279297,1.457181453704834,0.12215709686279297,2.670048713684082,True
sab2_8en5_e:sab2_8en5_e_s14:sab2_8en5_e_s25,sab2_8en5_e,104,cdr3,C,0.22454071044921875,-2.8233747482299805,-1.2994170188903809,0.0,3.047915458679199,False
sab2_8en5_e:sab2_8en5_e_s14:sab2_8en5_e_s25,sab2_8en5_e,105,cdr3,Y,-0.45648860931396484,0.16527271270751953,-0.14560794830322266,0.0,0.6217613220214844,False
sab2_8en5_e:sab2_8en5_e_s14:sab2_8en5_e_s25,sab2_8en5_e,106,cdr3,S,-0.08431720733642578,0.025974273681640625,-0.029171466827392578,0.0,0.1102914810180664,False
sab2_8en5_e:sab2_8en5_e_s14:sab2_8en5_e_s25,sab2_8en5_e,110,cdr3,A,0.8492317199707031,0.821965217590332,0.8355984687805176,0.821965217590332,0.027266502380371094,True
sab2_8gb6_h:sab2_8gb6_h_s30:sab2_8gb6_h_s03,sab2_8gb6_h,30,cdr1,D,1.0311226844787598,1.7806510925292969,1.4058868885040283,1.0311226844787598,0.7495284080505371,True
sab2_8gb6_h:sab2_8gb6_h_s30:sab2_8gb6_h_s03,sab2_8gb6_h,32,cdr1,Y,-2.3186440467834473,-1.1155643463134766,-1.717104196548462,0.0,1.2030797004699707,True
sab2_8gb6_h:sab2_8gb6_h_s30:sab2_8gb6_h_s03,sab2_8gb6_h,52,cdr2,N,0.5509257316589355,1.2341880798339844,0.89255690574646,0.5509257316589355,0.6832623481750488,True
sab2_8gb6_h:sab2_8gb6_h_s30:sab2_8gb6_h_s03,sab2_8gb6_h,53,cdr2,V,4.967245489358902,2.11135196685791,3.539298728108406,2.11135196685791,2.855893522500992,True
sab2_8gb6_h:sab2_8gb6_h_s30:sab2_8gb6_h_s03,sab2_8gb6_h,54,cdr2,L,1.7431418895721436,0.7970733642578125,1.270107626914978,0.7970733642578125,0.946068525314331,True
sab2_8gb6_h:sab2_8gb6_h_s30:sab2_8gb6_h_s03,sab2_8gb6_h,58,cdr2,T,-0.8270974159240723,0.7274227142333984,-0.049837350845336914,0.0,1.5545201301574707,False
sab2_8gb6_h:sab2_8gb6_h_s30:sab2_8gb6_h_s03,sab2_8gb6_h,59,cdr2,T,2.387593984603882,1.9818096160888672,2.1847018003463745,1.9818096160888672,0.40578436851501465,True
sab2_8gb6_h:sab2_8gb6_h_s30:sab2_8gb6_h_s03,sab2_8gb6_h,99,cdr3,L,5.536230966448784,4.8659257888793945,5.201078377664089,4.8659257888793945,0.6703051775693893,True
sab2_8gb6_h:sab2_8gb6_h_s30:sab2_8gb6_h_s03,sab2_8gb6_h,102,cdr3,S,0.6101779937744141,0.2792024612426758,0.4446902275085449,0.2792024612426758,0.3309755325317383,True
sab2_8gb6_h:sab2_8gb6_h_s30:sab2_8gb6_h_s03,sab2_8gb6_h,103,cdr3,G,-0.0821528434753418,-0.08547210693359375,-0.08381247520446777,0.0,0.003319263458251953,True
sab2_8gb6_h:sab2_8gb6_h_s30:sab2_8gb6_h_s03,sab2_8gb6_h,104,cdr3,T,0.7957501411437988,0.2285442352294922,0.5121471881866455,0.2285442352294922,0.5672059059143066,True
sab2_8gb6_h:sab2_8gb6_h_s30:sab2_8gb6_h_s03,sab2_8gb6_h,105,cdr3,D,-2.5624003410339355,0.5657320022583008,-0.9983341693878174,0.0,3.1281323432922363,False
sab2_8gb6_h:sab2_8gb6_h_s30:sab2_8gb6_h_s03,sab2_8gb6_h,106,cdr3,R,0.7178802490234375,0.4234333038330078,0.5706567764282227,0.4234333038330078,0.2944469451904297,True
sab2_8gb6_h:sab2_8gb6_h_s30:sab2_8gb6_h_s03,sab2_8gb6_h,107,cdr3,D,1.8072891235351562,-0.6272068023681641,0.5900411605834961,0.0,2.4344959259033203,False
sab2_8gb6_h:sab2_8gb6_h_s30:sab2_8gb6_h_s03,sab2_8gb6_h,108,cdr3,W,1.629469633102417,0.7383136749267578,1.1838916540145874,0.7383136749267578,0.8911559581756592,True
sab2_8gb6_h:sab2_8gb6_h_s30:sab2_8gb6_h_s03,sab2_8gb6_h,109,cdr3,F,2.7943198680877686,1.191828727722168,1.9930742979049683,1.191828727722168,1.6024911403656006,True
sab2_8gb6_h:sab2_8gb6_h_s30:sab2_8gb6_h_s03,sab2_8gb6_h,110,cdr3,D,0.029950618743896484,0.6887664794921875,0.359358549118042,0.029950618743896484,0.658815860748291,True
sab2_8gb6_h:sab2_8gb6_h_s30:sab2_8gb6_h_s03,sab2_8gb6_h,111,cdr3,V,3.0316882133483887,-0.13884735107421875,1.446420431137085,0.0,3.1705355644226074,False
sab2_8gb6_h:sab2_8gb6_h_s21:sab2_8gb6_h_s07,sab2_8gb6_h,32,cdr1,Y,9.875455856323242,7.0998969078063965,8.48767638206482,7.0998969078063965,2.7755589485168457,True
sab2_8gb6_h:sab2_8gb6_h_s21:sab2_8gb6_h_s07,sab2_8gb6_h,51,cdr2,R,1.656137466430664,-0.3006439208984375,0.6777467727661133,0.0,1.9567813873291016,False
sab2_8gb6_h:sab2_8gb6_h_s21:sab2_8gb6_h_s07,sab2_8gb6_h,53,cdr2,V,3.475532650947571,3.4565696716308594,3.466051161289215,3.4565696716308594,0.018962979316711426,True
sab2_8gb6_h:sab2_8gb6_h_s21:sab2_8gb6_h_s07,sab2_8gb6_h,58,cdr2,T,2.8429887294769287,-0.2140645980834961,1.3144620656967163,0.0,3.057053327560425,False
sab2_8gb6_h:sab2_8gb6_h_s21:sab2_8gb6_h_s07,sab2_8gb6_h,100,cdr3,G,0.2986898422241211,-0.22870159149169922,0.03499412536621094,0.0,0.5273914337158203,False
sab2_8gb6_h:sab2_8gb6_h_s21:sab2_8gb6_h_s07,sab2_8gb6_h,102,cdr3,S,-0.3059968948364258,0.6719455718994141,0.18297433853149414,0.0,0.9779424667358398,False
sab2_8gb6_h:sab2_8gb6_h_s21:sab2_8gb6_h_s07,sab2_8gb6_h,104,cdr3,T,-0.19511079788208008,2.2895679473876953,1.0472285747528076,0.0,2.4846787452697754,False
sab2_8gb6_h:sab2_8gb6_h_s21:sab2_8gb6_h_s07,sab2_8gb6_h,106,cdr3,R,1.8248090744018555,2.1506357192993164,1.987722396850586,1.8248090744018555,0.32582664489746094,True
sab2_8gb6_h:sab2_8gb6_h_s21:sab2_8gb6_h_s07,sab2_8gb6_h,107,cdr3,D,2.002894163131714,-0.13680076599121094,0.9330466985702515,0.0,2.139694929122925,False
sab2_8gb6_h:sab2_8gb6_h_s21:sab2_8gb6_h_s07,sab2_8gb6_h,108,cdr3,W,0.8784470558166504,1.7844009399414062,1.3314239978790283,0.8784470558166504,0.9059538841247559,True
sab2_8gb6_h:sab2_8gb6_h_s21:sab2_8gb6_h_s07,sab2_8gb6_h,109,cdr3,F,-0.8503236770629883,-0.539520263671875,-0.6949219703674316,0.0,0.3108034133911133,True
sab2_8gb6_h:sab2_8gb6_h_s21:sab2_8gb6_h_s07,sab2_8gb6_h,110,cdr3,D,4.773406744003296,1.5456180572509766,3.1595124006271362,1.5456180572509766,3.2277886867523193,True
sab2_8gb6_h:sab2_8gb6_h_s01:sab2_8gb6_h_s28,sab2_8gb6_h,30,cdr1,D,1.0293116569519043,-0.7423028945922852,0.14350438117980957,0.0,1.7716145515441895,False
sab2_8gb6_h:sab2_8gb6_h_s01:sab2_8gb6_h_s28,sab2_8gb6_h,51,cdr2,R,3.1210073828697205,0.16828441619873047,1.6446458995342255,0.16828441619873047,2.95272296667099,True
sab2_8gb6_h:sab2_8gb6_h_s01:sab2_8gb6_h_s28,sab2_8gb6_h,52,cdr2,N,0.24559688568115234,-0.4818763732910156,-0.11813974380493164,0.0,0.727473258972168,False
sab2_8gb6_h:sab2_8gb6_h_s01:sab2_8gb6_h_s28,sab2_8gb6_h,53,cdr2,V,-1.217149257659912,0.6312446594238281,-0.292952299118042,0.0,1.8483939170837402,False
sab2_8gb6_h:sab2_8gb6_h_s01:sab2_8gb6_h_s28,sab2_8gb6_h,54,cdr2,L,-1.6134958267211914,-1.7850227355957031,-1.6992592811584473,0.0,0.17152690887451172,True
sab2_8gb6_h:sab2_8gb6_h_s01:sab2_8gb6_h_s28,sab2_8gb6_h,58,cdr2,T,-1.3705153465270996,0.7343282699584961,-0.31809353828430176,0.0,2.1048436164855957,False
sab2_8gb6_h:sab2_8gb6_h_s01:sab2_8gb6_h_s28,sab2_8gb6_h,99,cdr3,L,10.140119552612305,5.100787162780762,7.620453357696533,5.100787162780762,5.039332389831543,True
sab2_8gb6_h:sab2_8gb6_h_s01:sab2_8gb6_h_s28,sab2_8gb6_h,101,cdr3,A,-1.8473076820373535,-0.2468242645263672,-1.0470659732818604,0.0,1.6004834175109863,True
sab2_8gb6_h:sab2_8gb6_h_s01:sab2_8gb6_h_s28,sab2_8gb6_h,102,cdr3,S,0.4249701499938965,0.14345359802246094,0.2842118740081787,0.14345359802246094,0.28151655197143555,True
sab2_8gb6_h:sab2_8gb6_h_s01:sab2_8gb6_h_s28,sab2_8gb6_h,103,cdr3,G,1.7177724838256836,0.8482074737548828,1.2829899787902832,0.8482074737548828,0.8695650100708008,True
sab2_8gb6_h:sab2_8gb6_h_s01:sab2_8gb6_h_s28,sab2_8gb6_h,104,cdr3,T,-3.7539238929748535,0.6862115859985352,-1.5338561534881592,0.0,4.440135478973389,False
sab2_8gb6_h:sab2_8gb6_h_s01:sab2_8gb6_h_s28,sab2_8gb6_h,105,cdr3,D,-1.6320877075195312,-0.4615440368652344,-1.0468158721923828,0.0,1.1705436706542969,True
sab2_8gb6_h:sab2_8gb6_h_s01:sab2_8gb6_h_s28,sab2_8gb6_h,106,cdr3,R,0.6981067657470703,0.06247138977050781,0.38028907775878906,0.06247138977050781,0.6356353759765625,True
sab2_8gb6_h:sab2_8gb6_h_s01:sab2_8gb6_h_s28,sab2_8gb6_h,107,cdr3,D,4.38651704788208,-0.27725791931152344,2.0546295642852783,0.0,4.6637749671936035,False
sab2_8gb6_h:sab2_8gb6_h_s01:sab2_8gb6_h_s28,sab2_8gb6_h,108,cdr3,W,2.716401854529977,0.2457122802734375,1.4810570674017072,0.2457122802734375,2.4706895742565393,True
sab2_8gb6_h:sab2_8gb6_h_s01:sab2_8gb6_h_s28,sab2_8gb6_h,109,cdr3,F,0.937427282333374,-0.5996437072753906,0.1688917875289917,0.0,1.5370709896087646,False
sab2_8gb6_h:sab2_8gb6_h_s01:sab2_8gb6_h_s28,sab2_8gb6_h,110,cdr3,D,3.6716504096984863,4.68951416015625,4.180582284927368,3.6716504096984863,1.0178637504577637,True
sab2_8gb6_h:sab2_8gb6_h_s01:sab2_8gb6_h_s28,sab2_8gb6_h,111,cdr3,V,4.391597628593445,0.7091331481933594,2.550365388393402,0.7091331481933594,3.6824644804000854,True
sab2_8gb6_h:sab2_8gb6_h_s12:sab2_8gb6_h_s00,sab2_8gb6_h,30,cdr1,D,9.930616855621338,-0.4785957336425781,4.72601056098938,0.0,10.409212589263916,False
sab2_8gb6_h:sab2_8gb6_h_s12:sab2_8gb6_h_s00,sab2_8gb6_h,31,cdr1,Y,3.8907259702682495,2.4725561141967773,3.1816410422325134,2.4725561141967773,1.4181698560714722,True
sab2_8gb6_h:sab2_8gb6_h_s12:sab2_8gb6_h_s00,sab2_8gb6_h,32,cdr1,Y,3.943314552307129,-0.8658380508422852,1.5387382507324219,0.0,4.809152603149414,False
sab2_8gb6_h:sab2_8gb6_h_s12:sab2_8gb6_h_s00,sab2_8gb6_h,51,cdr2,R,2.9634941071271896,0.4116497039794922,1.687571905553341,0.4116497039794922,2.5518444031476974,True
sab2_8gb6_h:sab2_8gb6_h_s12:sab2_8gb6_h_s00,sab2_8gb6_h,52,cdr2,N,2.1996601223945618,0.7559232711791992,1.4777916967868805,0.7559232711791992,1.4437368512153625,True
sab2_8gb6_h:sab2_8gb6_h_s12:sab2_8gb6_h_s00,sab2_8gb6_h,53,cdr2,V,-1.4851036071777344,1.5630979537963867,0.03899717330932617,0.0,3.048201560974121,False
sab2_8gb6_h:sab2_8gb6_h_s12:sab2_8gb6_h_s00,sab2_8gb6_h,56,cdr2,R,-0.17258954048156738,0.07487201690673828,-0.04885876178741455,0.0,0.24746155738830566,False
sab2_8gb6_h:sab2_8gb6_h_s12:sab2_8gb6_h_s00,sab2_8gb6_h,57,cdr2,G,-1.6067781448364258,-1.9588384628295898,-1.7828083038330078,0.0,0.35206031799316406,True
sab2_8gb6_h:sab2_8gb6_h_s12:sab2_8gb6_h_s00,sab2_8gb6_h,103,cdr3,G,-1.1555533409118652,-0.6178989410400391,-0.8867261409759521,0.0,0.5376543998718262,True
sab2_8gb6_h:sab2_8gb6_h_s12:sab2_8gb6_h_s00,sab2_8gb6_h,104,cdr3,T,-0.10793614387512207,1.4441766738891602,0.668120265007019,0.0,1.5521128177642822,False
sab2_8gb6_h:sab2_8gb6_h_s12:sab2_8gb6_h_s00,sab2_8gb6_h,105,cdr3,D,-0.043828487396240234,1.603403091430664,0.7797873020172119,0.0,1.6472315788269043,False
sab2_8gb6_h:sab2_8gb6_h_s12:sab2_8gb6_h_s00,sab2_8gb6_h,106,cdr3,R,0.6793932914733887,0.44260692596435547,0.5610001087188721,0.44260692596435547,0.2367863655090332,True
sab2_8gb6_h:sab2_8gb6_h_s12:sab2_8gb6_h_s00,sab2_8gb6_h,107,cdr3,D,0.16500329971313477,0.6344594955444336,0.3997313976287842,0.16500329971313477,0.46945619583129883,True
sab2_8gb6_h:sab2_8gb6_h_s12:sab2_8gb6_h_s00,sab2_8gb6_h,108,cdr3,W,1.2857575416564941,-0.2876920700073242,0.49903273582458496,0.0,1.5734496116638184,False
sab2_8gb6_h:sab2_8gb6_h_s12:sab2_8gb6_h_s00,sab2_8gb6_h,109,cdr3,F,4.230881452560425,4.199563026428223,4.215222239494324,4.199563026428223,0.03131842613220215,True
sab2_8gb6_h:sab2_8gb6_h_s22:sab2_8gb6_h_s20,sab2_8gb6_h,30,cdr1,D,0.8609181642532349,2.6108055114746094,1.7358618378639221,0.8609181642532349,1.7498873472213745,True
sab2_8gb6_h:sab2_8gb6_h_s22:sab2_8gb6_h_s20,sab2_8gb6_h,51,cdr2,R,1.8285897374153137,3.1176252365112305,2.473107486963272,1.8285897374153137,1.2890354990959167,True
sab2_8gb6_h:sab2_8gb6_h_s22:sab2_8gb6_h_s20,sab2_8gb6_h,53,cdr2,V,0.3540208339691162,5.535456657409668,2.944738745689392,0.3540208339691162,5.181435823440552,True
sab2_8gb6_h:sab2_8gb6_h_s22:sab2_8gb6_h_s20,sab2_8gb6_h,55,cdr2,Y,-1.4060144424438477,0.9171590805053711,-0.24442768096923828,0.0,2.3231735229492188,False
sab2_8gb6_h:sab2_8gb6_h_s22:sab2_8gb6_h_s20,sab2_8gb6_h,58,cdr2,T,0.8986469507217407,3.5206336975097656,2.209640324115753,0.8986469507217407,2.621986746788025,True
sab2_8gb6_h:sab2_8gb6_h_s22:sab2_8gb6_h_s20,sab2_8gb6_h,100,cdr3,G,-1.6854009628295898,-1.6898164749145508,-1.6876087188720703,0.0,0.0044155120849609375,True
sab2_8gb6_h:sab2_8gb6_h_s22:sab2_8gb6_h_s20,sab2_8gb6_h,101,cdr3,A,-1.2174460887908936,0.5375146865844727,-0.33996570110321045,0.0,1.7549607753753662,False
sab2_8gb6_h:sab2_8gb6_h_s22:sab2_8gb6_h_s20,sab2_8gb6_h,102,cdr3,S,-2.3922886848449707,-0.8710756301879883,-1.6316821575164795,0.0,1.5212130546569824,True
sab2_8gb6_h:sab2_8gb6_h_s22:sab2_8gb6_h_s20,sab2_8gb6_h,104,cdr3,T,-0.12749814987182617,0.08970832824707031,-0.01889491081237793,0.0,0.21720647811889648,False
sab2_8gb6_h:sab2_8gb6_h_s22:sab2_8gb6_h_s20,sab2_8gb6_h,105,cdr3,D,-0.45508646965026855,1.6824064254760742,0.6136599779129028,0.0,2.1374928951263428,False
sab2_8gb6_h:sab2_8gb6_h_s22:sab2_8gb6_h_s20,sab2_8gb6_h,106,cdr3,R,1.500948965549469,1.730560302734375,1.615754634141922,1.500948965549469,0.229611337184906,True
sab2_8gb6_h:sab2_8gb6_h_s22:sab2_8gb6_h_s20,sab2_8gb6_h,108,cdr3,W,1.251145362854004,0.763056755065918,1.007101058959961,0.763056755065918,0.48808860778808594,True
sab2_8gb6_h:sab2_8gb6_h_s22:sab2_8gb6_h_s20,sab2_8gb6_h,109,cdr3,F,6.003391742706299,7.621157169342041,6.81227445602417,6.003391742706299,1.6177654266357422,True
sab2_8gb6_h:sab2_8gb6_h_s25:sab2_8gb6_h_s02,sab2_8gb6_h,30,cdr1,D,0.2904013991355896,-0.7588014602661133,-0.23420003056526184,0.0,1.0492028594017029,False
sab2_8gb6_h:sab2_8gb6_h_s25:sab2_8gb6_h_s02,sab2_8gb6_h,32,cdr1,Y,1.3779833018779755,1.2595086097717285,1.318745955824852,1.2595086097717285,0.11847469210624695,True
sab2_8gb6_h:sab2_8gb6_h_s25:sab2_8gb6_h_s02,sab2_8gb6_h,51,cdr2,R,2.6033170223236084,1.135148048400879,1.8692325353622437,1.135148048400879,1.4681689739227295,True
sab2_8gb6_h:sab2_8gb6_h_s25:sab2_8gb6_h_s02,sab2_8gb6_h,52,cdr2,N,-0.2541390657424927,1.23480224609375,0.49033159017562866,0.0,1.4889413118362427,False
sab2_8gb6_h:sab2_8gb6_h_s25:sab2_8gb6_h_s02,sab2_8gb6_h,53,cdr2,V,2.632521390914917,5.657436370849609,4.144978880882263,2.632521390914917,3.0249149799346924,True
sab2_8gb6_h:sab2_8gb6_h_s25:sab2_8gb6_h_s02,sab2_8gb6_h,54,cdr2,L,-1.2888704538345337,2.21897029876709,0.4650499224662781,0.0,3.5078407526016235,False
sab2_8gb6_h:sab2_8gb6_h_s25:sab2_8gb6_h_s02,sab2_8gb6_h,57,cdr2,G,-0.09702479839324951,-0.5622692108154297,-0.3296470046043396,0.0,0.4652444124221802,True
sab2_8gb6_h:sab2_8gb6_h_s25:sab2_8gb6_h_s02,sab2_8gb6_h,58,cdr2,T,1.9722760915756226,3.9243955612182617,2.948335826396942,1.9722760915756226,1.9521194696426392,True
sab2_8gb6_h:sab2_8gb6_h_s25:sab2_8gb6_h_s02,sab2_8gb6_h,59,cdr2,T,-4.55073606967926,0.8950977325439453,-1.8278191685676575,0.0,5.445833802223206,False
sab2_8gb6_h:sab2_8gb6_h_s25:sab2_8gb6_h_s02,sab2_8gb6_h,101,cdr3,A,0.5690003633499146,0.07802772521972656,0.32351404428482056,0.07802772521972656,0.490972638130188,True
sab2_8gb6_h:sab2_8gb6_h_s25:sab2_8gb6_h_s02,sab2_8gb6_h,102,cdr3,S,-1.1715975999832153,-0.9699239730834961,-1.0707607865333557,0.0,0.20167362689971924,True
sab2_8gb6_h:sab2_8gb6_h_s25:sab2_8gb6_h_s02,sab2_8gb6_h,104,cdr3,T,5.5528024435043335,1.1403207778930664,3.3465616106987,1.1403207778930664,4.412481665611267,True
sab2_8gb6_h:sab2_8gb6_h_s25:sab2_8gb6_h_s02,sab2_8gb6_h,105,cdr3,D,-1.5031694173812866,-1.4086666107177734,-1.45591801404953,0.0,0.09450280666351318,True
sab2_8gb6_h:sab2_8gb6_h_s25:sab2_8gb6_h_s02,sab2_8gb6_h,106,cdr3,R,0.2780388593673706,-0.7201480865478516,-0.22105461359024048,0.0,0.9981869459152222,False
sab2_8gb6_h:sab2_8gb6_h_s25:sab2_8gb6_h_s02,sab2_8gb6_h,107,cdr3,D,-2.289321541786194,-0.1648540496826172,-1.2270877957344055,0.0,2.1244674921035767,True
sab2_8gb6_h:sab2_8gb6_h_s25:sab2_8gb6_h_s02,sab2_8gb6_h,108,cdr3,W,0.31481218338012695,-0.11251258850097656,0.1011497974395752,0.0,0.4273247718811035,False
sab2_8gb6_h:sab2_8gb6_h_s25:sab2_8gb6_h_s02,sab2_8gb6_h,109,cdr3,F,4.456574320793152,2.8238792419433594,3.6402267813682556,2.8238792419433594,1.6326950788497925,True
sab2_8gb6_h:sab2_8gb6_h_s10:sab2_8gb6_h_s05,sab2_8gb6_h,30,cdr1,D,-2.1587337255477905,3.8591952323913574,0.8502307534217834,0.0,6.017928957939148,False
sab2_8gb6_h:sab2_8gb6_h_s10:sab2_8gb6_h_s05,sab2_8gb6_h,32,cdr1,Y,1.5408426523208618,2.3935093879699707,1.9671760201454163,1.5408426523208618,0.8526667356491089,True
sab2_8gb6_h:sab2_8gb6_h_s10:sab2_8gb6_h_s05,sab2_8gb6_h,51,cdr2,R,-0.9009106159210205,-0.6618094444274902,-0.7813600301742554,0.0,0.23910117149353027,True
sab2_8gb6_h:sab2_8gb6_h_s10:sab2_8gb6_h_s05,sab2_8gb6_h,53,cdr2,V,0.46197742223739624,-0.24169015884399414,0.11014363169670105,0.0,0.7036675810813904,False
sab2_8gb6_h:sab2_8gb6_h_s10:sab2_8gb6_h_s05,sab2_8gb6_h,57,cdr2,G,2.843751072883606,1.6779046058654785,2.2608278393745422,1.6779046058654785,1.1658464670181274,True
sab2_8gb6_h:sab2_8gb6_h_s10:sab2_8gb6_h_s05,sab2_8gb6_h,58,cdr2,T,-1.7090376615524292,-0.4410576820373535,-1.0750476717948914,0.0,1.2679799795150757,True
sab2_8gb6_h:sab2_8gb6_h_s10:sab2_8gb6_h_s05,sab2_8gb6_h,59,cdr2,T,-1.0612151622772217,1.3081269264221191,0.12345588207244873,0.0,2.369342088699341,False
sab2_8gb6_h:sab2_8gb6_h_s10:sab2_8gb6_h_s05,sab2_8gb6_h,101,cdr3,A,-0.3914802074432373,2.625504970550537,1.11701238155365,0.0,3.0169851779937744,False
sab2_8gb6_h:sab2_8gb6_h_s10:sab2_8gb6_h_s05,sab2_8gb6_h,102,cdr3,S,-0.9490216970443726,1.6471314430236816,0.34905487298965454,0.0,2.596153140068054,False
sab2_8gb6_h:sab2_8gb6_h_s10:sab2_8gb6_h_s05,sab2_8gb6_h,104,cdr3,T,-3.2000073194503784,-1.487687587738037,-2.3438474535942078,0.0,1.7123197317123413,True
sab2_8gb6_h:sab2_8gb6_h_s10:sab2_8gb6_h_s05,sab2_8gb6_h,106,cdr3,R,0.018979549407958984,2.4201583862304688,1.2195689678192139,0.018979549407958984,2.4011788368225098,True
sab2_8gb6_h:sab2_8gb6_h_s10:sab2_8gb6_h_s05,sab2_8gb6_h,107,cdr3,D,0.8255838949698955,1.0312180519104004,0.9284009734401479,0.8255838949698955,0.2056341569405049,True
sab2_8gb6_h:sab2_8gb6_h_s10:sab2_8gb6_h_s05,sab2_8gb6_h,108,cdr3,W,-2.744723677635193,-0.06528711318969727,-1.405005395412445,0.0,2.6794365644454956,True
sab2_8gb6_h:sab2_8gb6_h_s10:sab2_8gb6_h_s05,sab2_8gb6_h,109,cdr3,F,4.328667044639587,6.31225848197937,5.320462763309479,4.328667044639587,1.9835914373397827,True
sab2_8gb6_h:sab2_8gb6_h_s10:sab2_8gb6_h_s05,sab2_8gb6_h,111,cdr3,V,5.499655842781067,1.3016777038574219,3.4006667733192444,1.3016777038574219,4.197978138923645,True
sab2_8gb6_h:sab2_8gb6_h_s27:sab2_8gb6_h_s04,sab2_8gb6_h,52,cdr2,N,0.7632739245891571,2.4472546577453613,1.6052642911672592,0.7632739245891571,1.6839807331562042,True
sab2_8gb6_h:sab2_8gb6_h_s27:sab2_8gb6_h_s04,sab2_8gb6_h,53,cdr2,V,1.7194407880306244,2.7422080039978027,2.2308243960142136,1.7194407880306244,1.0227672159671783,True
sab2_8gb6_h:sab2_8gb6_h_s27:sab2_8gb6_h_s04,sab2_8gb6_h,54,cdr2,L,-1.2974461615085602,0.2349872589111328,-0.5312294512987137,0.0,1.532433420419693,False
sab2_8gb6_h:sab2_8gb6_h_s27:sab2_8gb6_h_s04,sab2_8gb6_h,58,cdr2,T,-0.832530289888382,1.7295522689819336,0.4485109895467758,0.0,2.5620825588703156,False
sab2_8gb6_h:sab2_8gb6_h_s27:sab2_8gb6_h_s04,sab2_8gb6_h,59,cdr2,T,-3.1176578104496,-1.5695037841796875,-2.343580797314644,0.0,1.5481540262699127,True
sab2_8gb6_h:sab2_8gb6_h_s27:sab2_8gb6_h_s04,sab2_8gb6_h,101,cdr3,A,0.42387932538986206,-1.4537277221679688,-0.5149241983890533,0.0,1.8776070475578308,False
sab2_8gb6_h:sab2_8gb6_h_s27:sab2_8gb6_h_s04,sab2_8gb6_h,102,cdr3,S,0.9737899601459503,-0.806574821472168,0.08360756933689117,0.0,1.7803647816181183,False
sab2_8gb6_h:sab2_8gb6_h_s27:sab2_8gb6_h_s04,sab2_8gb6_h,103,cdr3,G,1.6790138185024261,1.3668866157531738,1.5229502171278,1.3668866157531738,0.3121272027492523,True
sab2_8gb6_h:sab2_8gb6_h_s27:sab2_8gb6_h_s04,sab2_8gb6_h,104,cdr3,T,-0.32857266068458557,2.8842248916625977,1.277826115489006,0.0,3.2127975523471832,False
sab2_8gb6_h:sab2_8gb6_h_s27:sab2_8gb6_h_s04,sab2_8gb6_h,105,cdr3,D,1.7114211022853851,-0.7539052963256836,0.47875790297985077,0.0,2.4653263986110687,False
sab2_8gb6_h:sab2_8gb6_h_s27:sab2_8gb6_h_s04,sab2_8gb6_h,107,cdr3,D,1.2983987033367157,0.2581472396850586,0.7782729715108871,0.2581472396850586,1.040251463651657,True
sab2_8gb6_h:sab2_8gb6_h_s27:sab2_8gb6_h_s04,sab2_8gb6_h,108,cdr3,W,0.12599898129701614,3.8584184646606445,1.9922087229788303,0.12599898129701614,3.7324194833636284,True
sab2_8gb6_h:sab2_8gb6_h_s27:sab2_8gb6_h_s04,sab2_8gb6_h,109,cdr3,F,-3.4474951326847076,3.5070278644561768,0.029766365885734558,0.0,6.954522997140884,False
sab2_8gb6_h:sab2_8gb6_h_s27:sab2_8gb6_h_s04,sab2_8gb6_h,110,cdr3,D,5.1836932599544525,4.15562629699707,4.669659778475761,4.15562629699707,1.0280669629573822,True
sab2_8gb6_h:sab2_8gb6_h_s27:sab2_8gb6_h_s04,sab2_8gb6_h,111,cdr3,V,-1.4543247520923615,8.648540258407593,3.5971077531576157,0.0,10.102865010499954,False
sab2_8k33_b:sab2_8k33_b_s13:sab2_8k33_b_s26,sab2_8k33_b,28,cdr1,L,2.895252227783203,3.6251240968704224,3.2601881623268127,2.895252227783203,0.7298718690872192,True
sab2_8k33_b:sab2_8k33_b_s13:sab2_8k33_b_s26,sab2_8k33_b,29,cdr1,Y,1.3870677947998047,1.2324531078338623,1.3097604513168335,1.2324531078338623,0.15461468696594238,True
sab2_8k33_b:sab2_8k33_b_s13:sab2_8k33_b_s26,sab2_8k33_b,50,cdr2,G,-1.4093799591064453,-0.21657800674438477,-0.812978982925415,0.0,1.1928019523620605,True
sab2_8k33_b:sab2_8k33_b_s13:sab2_8k33_b_s26,sab2_8k33_b,51,cdr2,G,0.6749181747436523,-1.5059127807617188,-0.4154973030090332,0.0,2.180830955505371,False
sab2_8k33_b:sab2_8k33_b_s13:sab2_8k33_b_s26,sab2_8k33_b,54,cdr2,G,0.5568170547485352,-0.9656853675842285,-0.20443415641784668,0.0,1.5225024223327637,False
sab2_8k33_b:sab2_8k33_b_s13:sab2_8k33_b_s26,sab2_8k33_b,55,cdr2,T,-0.6129264831542969,0.22762250900268555,-0.19265198707580566,0.0,0.8405489921569824,False
sab2_8k33_b:sab2_8k33_b_s13:sab2_8k33_b_s26,sab2_8k33_b,96,cdr3,V,6.458965539932251,8.727933406829834,7.5934494733810425,6.458965539932251,2.268967866897583,True
sab2_8k33_b:sab2_8k33_b_s13:sab2_8k33_b_s26,sab2_8k33_b,97,cdr3,Y,-0.1500072479248047,1.6263484954833984,0.7381706237792969,0.0,1.7763557434082031,False
sab2_8k33_b:sab2_8k33_b_s13:sab2_8k33_b_s26,sab2_8k33_b,98,cdr3,G,4.185063362121582,0.8578686714172363,2.521466016769409,0.8578686714172363,3.3271946907043457,True
sab2_8k33_b:sab2_8k33_b_s13:sab2_8k33_b_s26,sab2_8k33_b,100,cdr3,N,2.2746143341064453,4.182998895645142,3.2288066148757935,2.2746143341064453,1.9083845615386963,True
sab2_8k33_b:sab2_8k33_b_s13:sab2_8k33_b_s26,sab2_8k33_b,101,cdr3,L,0.5519466400146484,3.038563370704651,1.7952550053596497,0.5519466400146484,2.4866167306900024,True
sab2_8k33_b:sab2_8k33_b_s13:sab2_8k33_b_s26,sab2_8k33_b,102,cdr3,A,-0.2977294921875,1.7675652503967285,0.7349178791046143,0.0,2.0652947425842285,False
sab2_8k33_b:sab2_8k33_b_s04:sab2_8k33_b_s21,sab2_8k33_b,26,cdr1,F,-0.7658500671386719,0.2757117748260498,-0.24506914615631104,0.0,1.0415618419647217,False
sab2_8k33_b:sab2_8k33_b_s04:sab2_8k33_b_s21,sab2_8k33_b,28,cdr1,L,1.5180883407592773,1.8255558013916016,1.6718220710754395,1.5180883407592773,0.3074674606323242,True
sab2_8k33_b:sab2_8k33_b_s04:sab2_8k33_b_s21,sab2_8k33_b,29,cdr1,Y,4.036528587341309,3.9554810523986816,3.996004819869995,3.9554810523986816,0.08104753494262695,True
sab2_8k33_b:sab2_8k33_b_s04:sab2_8k33_b_s21,sab2_8k33_b,53,cdr2,E,1.3575468063354492,3.3388166427612305,2.34818172454834,1.3575468063354492,1.9812698364257812,True
sab2_8k33_b:sab2_8k33_b_s04:sab2_8k33_b_s21,sab2_8k33_b,55,cdr2,T,-0.8237056732177734,3.316809594631195,1.2465519607067108,0.0,4.1405152678489685,False
sab2_8k33_b:sab2_8k33_b_s04:sab2_8k33_b_s21,sab2_8k33_b,96,cdr3,V,4.836915969848633,2.572385549545288,3.7046507596969604,2.572385549545288,2.2645304203033447,True
sab2_8k33_b:sab2_8k33_b_s04:sab2_8k33_b_s21,sab2_8k33_b,97,cdr3,Y,2.257194995880127,-0.09751367568969727,1.0798406600952148,0.0,2.354708671569824,False
sab2_8k33_b:sab2_8k33_b_s04:sab2_8k33_b_s21,sab2_8k33_b,99,cdr3,T,3.615675449371338,0.6618118286132812,2.1387436389923096,0.6618118286132812,2.9538636207580566,True
sab2_8k33_b:sab2_8k33_b_s04:sab2_8k33_b_s21,sab2_8k33_b,100,cdr3,N,1.2542343139648438,-1.0048918724060059,0.12467122077941895,0.0,2.2591261863708496,False
sab2_8k33_b:sab2_8k33_b_s04:sab2_8k33_b_s21,sab2_8k33_b,102,cdr3,A,3.449392795562744,-0.19020605087280273,1.6295933723449707,0.0,3.639598846435547,False
sab2_8k33_b:sab2_8k33_b_s04:sab2_8k33_b_s21,sab2_8k33_b,103,cdr3,P,0.9119148254394531,1.8047738075256348,1.358344316482544,0.9119148254394531,0.8928589820861816,True
sab2_8k33_b:sab2_8k33_b_s17:sab2_8k33_b_s19,sab2_8k33_b,28,cdr1,L,-1.0618276596069336,1.7666598558425903,0.35241609811782837,0.0,2.828487515449524,False
sab2_8k33_b:sab2_8k33_b_s17:sab2_8k33_b_s19,sab2_8k33_b,29,cdr1,Y,-1.5705194473266602,1.0253734588623047,-0.27257299423217773,0.0,2.595892906188965,False
sab2_8k33_b:sab2_8k33_b_s17:sab2_8k33_b_s19,sab2_8k33_b,49,cdr2,S,2.0903239250183105,1.028933048248291,1.5596284866333008,1.028933048248291,1.0613908767700195,True
sab2_8k33_b:sab2_8k33_b_s17:sab2_8k33_b_s19,sab2_8k33_b,50,cdr2,G,1.101449966430664,2.4555126428604126,1.7784813046455383,1.101449966430664,1.3540626764297485,True
sab2_8k33_b:sab2_8k33_b_s17:sab2_8k33_b_s19,sab2_8k33_b,51,cdr2,G,1.1835360527038574,0.4809131622314453,0.8322246074676514,0.4809131622314453,0.7026228904724121,True
sab2_8k33_b:sab2_8k33_b_s17:sab2_8k33_b_s19,sab2_8k33_b,53,cdr2,E,-0.6704373359680176,1.615696907043457,0.4726297855377197,0.0,2.2861342430114746,False
sab2_8k33_b:sab2_8k33_b_s17:sab2_8k33_b_s19,sab2_8k33_b,54,cdr2,G,-0.0656747817993164,0.9058740139007568,0.4200996160507202,0.0,0.9715487957000732,False
sab2_8k33_b:sab2_8k33_b_s17:sab2_8k33_b_s19,sab2_8k33_b,55,cdr2,T,2.9758243560791016,0.7561945915222168,1.8660094738006592,0.7561945915222168,2.2196297645568848,True
sab2_8k33_b:sab2_8k33_b_s17:sab2_8k33_b_s19,sab2_8k33_b,100,cdr3,N,-0.8105678558349609,-3.2556662559509277,-2.0331170558929443,0.0,2.445098400115967,True
sab2_8k33_b:sab2_8k33_b_s17:sab2_8k33_b_s19,sab2_8k33_b,101,cdr3,L,3.1955320835113525,1.9341851472854614,2.564858615398407,1.9341851472854614,1.2613469362258911,True
sab2_8k33_b:sab2_8k33_b_s17:sab2_8k33_b_s19,sab2_8k33_b,103,cdr3,P,5.660149574279785,3.3745792731642723,4.517364423722029,3.3745792731642723,2.285570301115513,True
sab2_8k33_b:sab2_8k33_b_s14:sab2_8k33_b_s05,sab2_8k33_b,28,cdr1,L,-0.5430831909179688,0.4733295440673828,-0.03487682342529297,0.0,1.0164127349853516,False
sab2_8k33_b:sab2_8k33_b_s14:sab2_8k33_b_s05,sab2_8k33_b,29,cdr1,Y,0.8376121520996094,2.8182643353939056,1.8279382437467575,0.8376121520996094,1.9806521832942963,True
sab2_8k33_b:sab2_8k33_b_s14:sab2_8k33_b_s05,sab2_8k33_b,49,cdr2,S,-0.2325153350830078,0.9954652786254883,0.38147497177124023,0.0,1.227980613708496,False
sab2_8k33_b:sab2_8k33_b_s14:sab2_8k33_b_s05,sab2_8k33_b,50,cdr2,G,2.1750354766845703,3.5671480894088745,2.8710917830467224,2.1750354766845703,1.3921126127243042,True
sab2_8k33_b:sab2_8k33_b_s14:sab2_8k33_b_s05,sab2_8k33_b,54,cdr2,G,-1.053966999053955,-2.850882053375244,-1.9524245262145996,0.0,1.796915054321289,True
sab2_8k33_b:sab2_8k33_b_s14:sab2_8k33_b_s05,sab2_8k33_b,55,cdr2,T,0.12697219848632812,1.2407042980194092,0.6838382482528687,0.12697219848632812,1.113732099533081,True
sab2_8k33_b:sab2_8k33_b_s14:sab2_8k33_b_s05,sab2_8k33_b,97,cdr3,Y,2.3195576667785645,2.8049821257591248,2.5622698962688446,2.3195576667785645,0.4854244589805603,True
sab2_8k33_b:sab2_8k33_b_s14:sab2_8k33_b_s05,sab2_8k33_b,98,cdr3,G,1.9270820617675781,2.839185655117035,2.3831338584423065,1.9270820617675781,0.9121035933494568,True
sab2_8k33_b:sab2_8k33_b_s14:sab2_8k33_b_s05,sab2_8k33_b,99,cdr3,T,-2.1065945625305176,1.137595772743225,-0.48449939489364624,0.0,3.2441903352737427,False
sab2_8k33_b:sab2_8k33_b_s14:sab2_8k33_b_s05,sab2_8k33_b,101,cdr3,L,-2.5478930473327637,2.071723610162735,-0.23808471858501434,0.0,4.619616657495499,False
sab2_8k33_b:sab2_8k33_b_s29:sab2_8k33_b_s00,sab2_8k33_b,24,cdr1,T,7.358632504940033,4.65153956413269,6.005086034536362,4.65153956413269,2.7070929408073425,True
sab2_8k33_b:sab2_8k33_b_s29:sab2_8k33_b_s00,sab2_8k33_b,29,cdr1,Y,2.2646255493164062,0.7095550298690796,1.487090289592743,0.7095550298690796,1.5550705194473267,True
sab2_8k33_b:sab2_8k33_b_s29:sab2_8k33_b_s00,sab2_8k33_b,30,cdr1,A,4.061490058898926,4.7302470207214355,4.395868539810181,4.061490058898926,0.6687569618225098,True
sab2_8k33_b:sab2_8k33_b_s29:sab2_8k33_b_s00,sab2_8k33_b,49,cdr2,S,1.8571362495422363,-0.5501229763031006,0.6535066366195679,0.0,2.407259225845337,False
sab2_8k33_b:sab2_8k33_b_s29:sab2_8k33_b_s00,sab2_8k33_b,50,cdr2,G,2.207047462463379,-3.0685884952545166,-0.43077051639556885,0.0,5.2756359577178955,False
sab2_8k33_b:sab2_8k33_b_s29:sab2_8k33_b_s00,sab2_8k33_b,51,cdr2,G,0.5217585563659668,-0.04067516326904297,0.24054169654846191,0.0,0.5624337196350098,False
sab2_8k33_b:sab2_8k33_b_s29:sab2_8k33_b_s00,sab2_8k33_b,53,cdr2,E,-0.6545543670654297,1.6371478214859962,0.4912967272102833,0.0,2.291702188551426,False
sab2_8k33_b:sab2_8k33_b_s29:sab2_8k33_b_s00,sab2_8k33_b,54,cdr2,G,-0.587986946105957,-1.6905057430267334,-1.1392463445663452,0.0,1.1025187969207764,True
sab2_8k33_b:sab2_8k33_b_s29:sab2_8k33_b_s00,sab2_8k33_b,97,cdr3,Y,1.2695159912109375,-6.1492760181427,-2.4398800134658813,0.0,7.418792009353638,False
sab2_8k33_b:sab2_8k33_b_s29:sab2_8k33_b_s00,sab2_8k33_b,100,cdr3,N,-0.31397151947021484,-2.884220838546753,-1.5990961790084839,0.0,2.570249319076538,True
sab2_8k33_b:sab2_8k33_b_s29:sab2_8k33_b_s00,sab2_8k33_b,101,cdr3,L,1.0698556900024414,-0.4552130699157715,0.30732131004333496,0.0,1.525068759918213,False
sab2_8k33_b:sab2_8k33_b_s29:sab2_8k33_b_s00,sab2_8k33_b,102,cdr3,A,-0.26763200759887695,-2.0495052337646484,-1.1585686206817627,0.0,1.7818732261657715,True
sab2_8k33_b:sab2_8k33_b_s09:sab2_8k33_b_s15,sab2_8k33_b,25,cdr1,L,1.1774506568908691,-1.6115306615829468,-0.21704000234603882,0.0,2.788981318473816,False
sab2_8k33_b:sab2_8k33_b_s09:sab2_8k33_b_s15,sab2_8k33_b,27,cdr1,S,2.289227247238159,-1.3243669271469116,0.4824301600456238,0.0,3.613594174385071,False
sab2_8k33_b:sab2_8k33_b_s09:sab2_8k33_b_s15,sab2_8k33_b,28,cdr1,L,3.867434501647949,1.1307576894760132,2.499096095561981,1.1307576894760132,2.736676812171936,True
sab2_8k33_b:sab2_8k33_b_s09:sab2_8k33_b_s15,sab2_8k33_b,29,cdr1,Y,1.2159042358398438,-1.5789653062820435,-0.18153053522109985,0.0,2.794869542121887,False
sab2_8k33_b:sab2_8k33_b_s09:sab2_8k33_b_s15,sab2_8k33_b,51,cdr2,G,-0.47685766220092773,-2.7754827737808228,-1.6261702179908752,0.0,2.298625111579895,True
sab2_8k33_b:sab2_8k33_b_s09:sab2_8k33_b_s15,sab2_8k33_b,54,cdr2,G,-0.5177822113037109,0.11032319068908691,-0.203729510307312,0.0,0.6281054019927979,False
sab2_8k33_b:sab2_8k33_b_s09:sab2_8k33_b_s15,sab2_8k33_b,95,cdr3,N,5.395507097244263,-5.971340775489807,-0.2879168391227722,0.0,11.36684787273407,False
sab2_8k33_b:sab2_8k33_b_s09:sab2_8k33_b_s15,sab2_8k33_b,97,cdr3,Y,7.080703020095825,2.828317403793335,4.95451021194458,2.828317403793335,4.25238561630249,True
sab2_8k33_b:sab2_8k33_b_s09:sab2_8k33_b_s15,sab2_8k33_b,98,cdr3,G,5.384499132633209,-0.35695135593414307,2.513773888349533,0.0,5.741450488567352,False
sab2_8k33_b:sab2_8k33_b_s09:sab2_8k33_b_s15,sab2_8k33_b,100,cdr3,N,1.8597993850708008,-1.3192168474197388,0.270291268825531,0.0,3.1790162324905396,False
sab2_8k33_b:sab2_8k33_b_s09:sab2_8k33_b_s15,sab2_8k33_b,102,cdr3,A,4.599320411682129,2.5845412015914917,3.5919308066368103,2.5845412015914917,2.014779210090637,True
sab2_8k33_b:sab2_8k33_b_s09:sab2_8k33_b_s15,sab2_8k33_b,103,cdr3,P,1.2883739471435547,-0.921878457069397,0.18324774503707886,0.0,2.2102524042129517,False
sab2_8k33_b:sab2_8k33_b_s03:sab2_8k33_b_s28,sab2_8k33_b,26,cdr1,F,0.13224267959594727,1.5791893005371094,0.8557159900665283,0.13224267959594727,1.446946620941162,True
sab2_8k33_b:sab2_8k33_b_s03:sab2_8k33_b_s28,sab2_8k33_b,29,cdr1,Y,-0.6055207252502441,-0.48288142681121826,-0.5442010760307312,0.0,0.12263929843902588,True
sab2_8k33_b:sab2_8k33_b_s03:sab2_8k33_b_s28,sab2_8k33_b,50,cdr2,G,-0.7197976112365723,-1.5508959293365479,-1.13534677028656,0.0,0.8310983180999756,True
sab2_8k33_b:sab2_8k33_b_s03:sab2_8k33_b_s28,sab2_8k33_b,51,cdr2,G,0.7021074295043945,1.5831771790981293,1.142642304301262,0.7021074295043945,0.8810697495937347,True
sab2_8k33_b:sab2_8k33_b_s03:sab2_8k33_b_s28,sab2_8k33_b,53,cdr2,E,-1.6436982154846191,-0.06621050834655762,-0.8549543619155884,0.0,1.5774877071380615,True
sab2_8k33_b:sab2_8k33_b_s03:sab2_8k33_b_s28,sab2_8k33_b,54,cdr2,G,0.28070831298828125,0.8640132546424866,0.5723607838153839,0.28070831298828125,0.5833049416542053,True
sab2_8k33_b:sab2_8k33_b_s03:sab2_8k33_b_s28,sab2_8k33_b,55,cdr2,T,0.15323400497436523,-0.9581048488616943,-0.40243542194366455,0.0,1.1113388538360596,False
sab2_8k33_b:sab2_8k33_b_s03:sab2_8k33_b_s28,sab2_8k33_b,96,cdr3,V,8.385738849639893,7.584914207458496,7.985326528549194,7.584914207458496,0.8008246421813965,True
sab2_8k33_b:sab2_8k33_b_s03:sab2_8k33_b_s28,sab2_8k33_b,97,cdr3,Y,-0.030804157257080078,0.3482373356819153,0.1587165892124176,0.0,0.37904149293899536,False
sab2_8k33_b:sab2_8k33_b_s03:sab2_8k33_b_s28,sab2_8k33_b,98,cdr3,G,-0.6585907936096191,4.3593590259552,1.8503841161727905,0.0,5.017949819564819,False
sab2_8k33_b:sab2_8k33_b_s03:sab2_8k33_b_s28,sab2_8k33_b,101,cdr3,L,3.804568886756897,1.3761607818305492,2.590364834293723,1.3761607818305492,2.4284081049263477,True
sab2_8k33_b:sab2_8k33_b_s03:sab2_8k33_b_s28,sab2_8k33_b,103,cdr3,P,0.14652109146118164,-0.32979321479797363,-0.091636061668396,0.0,0.4763143062591553,False
sab2_8k33_b:sab2_8k33_b_s30:sab2_8k33_b_s31,sab2_8k33_b,26,cdr1,F,0.7691779136657715,0.11848656833171844,0.44383224099874496,0.11848656833171844,0.650691345334053,True
sab2_8k33_b:sab2_8k33_b_s30:sab2_8k33_b_s31,sab2_8k33_b,49,cdr2,S,2.187145948410034,0.44483019411563873,1.3159880712628365,0.44483019411563873,1.7423157542943954,True
sab2_8k33_b:sab2_8k33_b_s30:sab2_8k33_b_s31,sab2_8k33_b,50,cdr2,G,3.351147174835205,1.8318158090114594,2.591481491923332,1.8318158090114594,1.5193313658237457,True
sab2_8k33_b:sab2_8k33_b_s30:sab2_8k33_b_s31,sab2_8k33_b,53,cdr2,E,-1.831892490386963,-1.2110417187213898,-1.5214671045541763,0.0,0.6208507716655731,True
sab2_8k33_b:sab2_8k33_b_s30:sab2_8k33_b_s31,sab2_8k33_b,55,cdr2,T,1.448228359222412,-1.9534577429294586,-0.25261469185352325,0.0,3.4016861021518707,False
sab2_8k33_b:sab2_8k33_b_s30:sab2_8k33_b_s31,sab2_8k33_b,56,cdr2,G,-1.3225746154785156,-4.44019690155983,-2.8813857585191727,0.0,3.117622286081314,True
sab2_8k33_b:sab2_8k33_b_s30:sab2_8k33_b_s31,sab2_8k33_b,96,cdr3,V,7.440609812736511,0.6255819201469421,4.033095866441727,0.6255819201469421,6.815027892589569,True
sab2_8k33_b:sab2_8k33_b_s30:sab2_8k33_b_s31,sab2_8k33_b,97,cdr3,Y,1.3259367942810059,-1.1626856625080109,0.0816255658864975,0.0,2.4886224567890167,False
sab2_8k33_b:sab2_8k33_b_s30:sab2_8k33_b_s31,sab2_8k33_b,98,cdr3,G,1.7991855144500732,-2.749162346124649,-0.4749884158372879,0.0,4.548347860574722,False
sab2_8k33_b:sab2_8k33_b_s30:sab2_8k33_b_s31,sab2_8k33_b,99,cdr3,T,3.2297887802124023,-2.2770518362522125,0.4763684719800949,0.0,5.506840616464615,False
sab2_8k33_b:sab2_8k33_b_s30:sab2_8k33_b_s31,sab2_8k33_b,100,cdr3,N,-0.9183154106140137,-2.5167442858219147,-1.7175298482179642,0.0,1.598428875207901,True
sab2_8k33_b:sab2_8k33_b_s30:sab2_8k33_b_s31,sab2_8k33_b,101,cdr3,L,1.4307007789611816,-1.2449888288974762,0.09285597503185272,0.0,2.675689607858658,False
sab2_8k33_b:sab2_8k33_b_s30:sab2_8k33_b_s31,sab2_8k33_b,102,cdr3,A,1.9127490520477295,-0.5101743638515472,0.7012873440980911,0.0,2.4229234158992767,False
sab2_8pnu_d:sab2_8pnu_d_s23:sab2_8pnu_d_s12,sab2_8pnu_d,23,cdr1,G,0.2558317184448242,-1.3003253936767578,-0.5222468376159668,0.0,1.556157112121582,False
sab2_8pnu_d:sab2_8pnu_d_s23:sab2_8pnu_d_s12,sab2_8pnu_d,24,cdr1,R,2.251798629760742,0.7000470161437988,1.4759228229522705,0.7000470161437988,1.5517516136169434,True
sab2_8pnu_d:sab2_8pnu_d_s23:sab2_8pnu_d_s12,sab2_8pnu_d,25,cdr1,A,1.287454605102539,0.09763622283935547,0.6925454139709473,0.09763622283935547,1.1898183822631836,True
sab2_8pnu_d:sab2_8pnu_d_s23:sab2_8pnu_d_s12,sab2_8pnu_d,26,cdr1,F,2.168445587158203,0.23278284072875977,1.2006142139434814,0.23278284072875977,1.9356627464294434,True
sab2_8pnu_d:sab2_8pnu_d_s23:sab2_8pnu_d_s12,sab2_8pnu_d,27,cdr1,V,1.7080307006835938,2.046647071838379,1.8773388862609863,1.7080307006835938,0.33861637115478516,True
sab2_8pnu_d:sab2_8pnu_d_s23:sab2_8pnu_d_s12,sab2_8pnu_d,28,cdr1,T,1.7180242538452148,0.27712345123291016,0.9975738525390625,0.27712345123291016,1.4409008026123047,True
sab2_8pnu_d:sab2_8pnu_d_s23:sab2_8pnu_d_s12,sab2_8pnu_d,95,cdr3,S,10.484853744506836,4.137206554412842,7.311030149459839,4.137206554412842,6.347647190093994,True
sab2_8pnu_d:sab2_8pnu_d_s23:sab2_8pnu_d_s12,sab2_8pnu_d,96,cdr3,R,2.124227523803711,1.271514892578125,1.697871208190918,1.271514892578125,0.8527126312255859,True
sab2_8pnu_d:sab2_8pnu_d_s23:sab2_8pnu_d_s12,sab2_8pnu_d,97,cdr3,G,3.0061492919921875,-0.2842121124267578,1.3609685897827148,0.0,3.2903614044189453,False
sab2_8pnu_d:sab2_8pnu_d_s23:sab2_8pnu_d_s12,sab2_8pnu_d,99,cdr3,S,2.3353757858276367,-0.2026805877685547,1.066347599029541,0.0,2.5380563735961914,False
sab2_8pnu_d:sab2_8pnu_d_s23:sab2_8pnu_d_s12,sab2_8pnu_d,100,cdr3,G,-0.1700601577758789,-0.3189983367919922,-0.24452924728393555,0.0,0.14893817901611328,True
sab2_8pnu_d:sab2_8pnu_d_s23:sab2_8pnu_d_s12,sab2_8pnu_d,101,cdr3,R,0.3640403747558594,0.151092529296875,0.2575664520263672,0.151092529296875,0.21294784545898438,True
sab2_8pnu_d:sab2_8pnu_d_s23:sab2_8pnu_d_s12,sab2_8pnu_d,102,cdr3,Y,6.4348859786987305,1.6975979804992676,4.066241979598999,1.6975979804992676,4.737287998199463,True
sab2_8pnu_d:sab2_8pnu_d_s10:sab2_8pnu_d_s20,sab2_8pnu_d,23,cdr1,G,-1.7637367248535156,-0.9537200927734375,-1.3587284088134766,0.0,0.8100166320800781,True
sab2_8pnu_d:sab2_8pnu_d_s10:sab2_8pnu_d_s20,sab2_8pnu_d,24,cdr1,R,3.345975875854492,0.036563873291015625,1.691269874572754,0.036563873291015625,3.3094120025634766,True
sab2_8pnu_d:sab2_8pnu_d_s10:sab2_8pnu_d_s20,sab2_8pnu_d,25,cdr1,A,-0.6964530944824219,-0.9509162902832031,-0.8236846923828125,0.0,0.25446319580078125,True
sab2_8pnu_d:sab2_8pnu_d_s10:sab2_8pnu_d_s20,sab2_8pnu_d,26,cdr1,F,-0.40692758560180664,-0.21481895446777344,-0.31087327003479004,0.0,0.1921086311340332,True
sab2_8pnu_d:sab2_8pnu_d_s10:sab2_8pnu_d_s20,sab2_8pnu_d,29,cdr1,P,0.5027389526367188,-0.5678958892822266,-0.032578468322753906,0.0,1.0706348419189453,False
sab2_8pnu_d:sab2_8pnu_d_s10:sab2_8pnu_d_s20,sab2_8pnu_d,30,cdr1,A,-0.9252243041992188,-1.2739849090576172,-1.099604606628418,0.0,0.34876060485839844,True
sab2_8pnu_d:sab2_8pnu_d_s10:sab2_8pnu_d_s20,sab2_8pnu_d,95,cdr3,S,4.682663679122925,2.763983726501465,3.723323702812195,2.763983726501465,1.91867995262146,True
sab2_8pnu_d:sab2_8pnu_d_s10:sab2_8pnu_d_s20,sab2_8pnu_d,96,cdr3,R,-0.994234561920166,0.2605752944946289,-0.36682963371276855,0.0,1.254809856414795,False
sab2_8pnu_d:sab2_8pnu_d_s10:sab2_8pnu_d_s20,sab2_8pnu_d,97,cdr3,G,-0.5992813110351562,-0.1087179183959961,-0.35399961471557617,0.0,0.49056339263916016,True
sab2_8pnu_d:sab2_8pnu_d_s10:sab2_8pnu_d_s20,sab2_8pnu_d,98,cdr3,V,2.0051355361938477,-0.07491874694824219,0.9651083946228027,0.0,2.08005428314209,False
sab2_8pnu_d:sab2_8pnu_d_s10:sab2_8pnu_d_s20,sab2_8pnu_d,99,cdr3,S,1.5712499618530273,0.10820579528808594,0.8397278785705566,0.10820579528808594,1.4630441665649414,True
sab2_8pnu_d:sab2_8pnu_d_s10:sab2_8pnu_d_s20,sab2_8pnu_d,100,cdr3,G,0.3453636169433594,1.078465461730957,0.7119145393371582,0.3453636169433594,0.7331018447875977,True
sab2_8pnu_d:sab2_8pnu_d_s10:sab2_8pnu_d_s20,sab2_8pnu_d,101,cdr3,R,1.4161968231201172,2.429841995239258,1.9230194091796875,1.4161968231201172,1.0136451721191406,True
sab2_8pnu_d:sab2_8pnu_d_s10:sab2_8pnu_d_s20,sab2_8pnu_d,103,cdr3,E,3.024142265319824,3.941786766052246,3.482964515686035,3.024142265319824,0.9176445007324219,True
sab2_8pnu_d:sab2_8pnu_d_s29:sab2_8pnu_d_s27,sab2_8pnu_d,23,cdr1,G,-0.7722811698913574,-1.0948634147644043,-0.9335722923278809,0.0,0.3225822448730469,True
sab2_8pnu_d:sab2_8pnu_d_s29:sab2_8pnu_d_s27,sab2_8pnu_d,24,cdr1,R,1.8595161437988281,0.11001014709472656,0.9847631454467773,0.11001014709472656,1.7495059967041016,True
sab2_8pnu_d:sab2_8pnu_d_s29:sab2_8pnu_d_s27,sab2_8pnu_d,25,cdr1,A,-1.2567172050476074,-0.7657570838928223,-1.0112371444702148,0.0,0.49096012115478516,True
sab2_8pnu_d:sab2_8pnu_d_s29:sab2_8pnu_d_s27,sab2_8pnu_d,26,cdr1,F,1.2931156158447266,0.30630064010620117,0.7997081279754639,0.30630064010620117,0.9868149757385254,True
sab2_8pnu_d:sab2_8pnu_d_s29:sab2_8pnu_d_s27,sab2_8pnu_d,30,cdr1,A,0.023079872131347656,-1.1040043830871582,-0.5404622554779053,0.0,1.1270842552185059,False
sab2_8pnu_d:sab2_8pnu_d_s29:sab2_8pnu_d_s27,sab2_8pnu_d,54,cdr2,H,0.23163461685180664,0.5362610816955566,0.38394784927368164,0.23163461685180664,0.30462646484375,True
sab2_8pnu_d:sab2_8pnu_d_s29:sab2_8pnu_d_s27,sab2_8pnu_d,95,cdr3,S,9.51752519607544,3.223478317260742,6.370501756668091,3.223478317260742,6.294046878814697,True
sab2_8pnu_d:sab2_8pnu_d_s29:sab2_8pnu_d_s27,sab2_8pnu_d,96,cdr3,R,1.6768112182617188,-0.6597743034362793,0.5085184574127197,0.0,2.336585521697998,False
sab2_8pnu_d:sab2_8pnu_d_s29:sab2_8pnu_d_s27,sab2_8pnu_d,97,cdr3,G,-0.9088859558105469,-0.1279911994934082,-0.5184385776519775,0.0,0.7808947563171387,True
sab2_8pnu_d:sab2_8pnu_d_s29:sab2_8pnu_d_s27,sab2_8pnu_d,98,cdr3,V,-0.2308497428894043,1.00258207321167,0.3858661651611328,0.0,1.2334318161010742,False
sab2_8pnu_d:sab2_8pnu_d_s29:sab2_8pnu_d_s27,sab2_8pnu_d,99,cdr3,S,-0.08143901824951172,-0.09259605407714844,-0.08701753616333008,0.0,0.011157035827636719,True
sab2_8pnu_d:sab2_8pnu_d_s29:sab2_8pnu_d_s27,sab2_8pnu_d,100,cdr3,G,-1.1213254928588867,0.6198024749755859,-0.2507615089416504,0.0,1.7411279678344727,False
sab2_8pnu_d:sab2_8pnu_d_s29:sab2_8pnu_d_s27,sab2_8pnu_d,101,cdr3,R,1.6299200057983398,1.6500568389892578,1.6399884223937988,1.6299200057983398,0.02013683319091797,True
sab2_8pnu_d:sab2_8pnu_d_s29:sab2_8pnu_d_s27,sab2_8pnu_d,103,cdr3,E,6.273631572723389,2.7964529991149902,4.5350422859191895,2.7964529991149902,3.4771785736083984,True
sab2_8pnu_d:sab2_8pnu_d_s16:sab2_8pnu_d_s04,sab2_8pnu_d,25,cdr1,A,0.9205646514892578,1.4626760482788086,1.1916203498840332,0.9205646514892578,0.5421113967895508,True
sab2_8pnu_d:sab2_8pnu_d_s16:sab2_8pnu_d_s04,sab2_8pnu_d,26,cdr1,F,3.1392605304718018,2.253422737121582,2.696341633796692,2.253422737121582,0.8858377933502197,True
sab2_8pnu_d:sab2_8pnu_d_s16:sab2_8pnu_d_s04,sab2_8pnu_d,27,cdr1,V,3.2264868021011353,0.6343603134155273,1.9304235577583313,0.6343603134155273,2.592126488685608,True
sab2_8pnu_d:sab2_8pnu_d_s16:sab2_8pnu_d_s04,sab2_8pnu_d,29,cdr1,P,-0.13735485076904297,-0.6556062698364258,-0.3964805603027344,0.0,0.5182514190673828,True
sab2_8pnu_d:sab2_8pnu_d_s16:sab2_8pnu_d_s04,sab2_8pnu_d,53,cdr2,S,1.4528231620788574,4.352005958557129,2.902414560317993,1.4528231620788574,2.8991827964782715,True
sab2_8pnu_d:sab2_8pnu_d_s16:sab2_8pnu_d_s04,sab2_8pnu_d,54,cdr2,H,-1.1502838134765625,0.9212865829467773,-0.11449861526489258,0.0,2.07157039642334,False
sab2_8pnu_d:sab2_8pnu_d_s16:sab2_8pnu_d_s04,sab2_8pnu_d,95,cdr3,S,7.022465944290161,7.849282592535019,7.43587426841259,7.022465944290161,0.8268166482448578,True
sab2_8pnu_d:sab2_8pnu_d_s16:sab2_8pnu_d_s04,sab2_8pnu_d,96,cdr3,R,1.0589075088500977,-0.13473892211914062,0.4620842933654785,0.0,1.1936464309692383,False
sab2_8pnu_d:sab2_8pnu_d_s16:sab2_8pnu_d_s04,sab2_8pnu_d,97,cdr3,G,-1.7124228477478027,1.6849637031555176,-0.013729572296142578,0.0,3.3973865509033203,False
sab2_8pnu_d:sab2_8pnu_d_s16:sab2_8pnu_d_s04,sab2_8pnu_d,98,cdr3,V,0.3350400924682617,-0.7512903213500977,-0.20812511444091797,0.0,1.0863304138183594,False
sab2_8pnu_d:sab2_8pnu_d_s16:sab2_8pnu_d_s04,sab2_8pnu_d,99,cdr3,S,-0.7256813049316406,0.6676235198974609,-0.029028892517089844,0.0,1.3933048248291016,False
sab2_8pnu_d:sab2_8pnu_d_s16:sab2_8pnu_d_s04,sab2_8pnu_d,100,cdr3,G,-0.04344367980957031,-0.4745955467224121,-0.2590196132659912,0.0,0.4311518669128418,True
sab2_8pnu_d:sab2_8pnu_d_s16:sab2_8pnu_d_s04,sab2_8pnu_d,101,cdr3,R,-0.3431277275085449,0.9545025825500488,0.30568742752075195,0.0,1.2976303100585938,False
sab2_8pnu_d:sab2_8pnu_d_s22:sab2_8pnu_d_s02,sab2_8pnu_d,23,cdr1,G,0.44144201278686523,-0.5396018028259277,-0.04907989501953125,0.0,0.981043815612793,False
sab2_8pnu_d:sab2_8pnu_d_s22:sab2_8pnu_d_s02,sab2_8pnu_d,24,cdr1,R,1.4345653057098389,0.5478520393371582,0.9912086725234985,0.5478520393371582,0.8867132663726807,True
sab2_8pnu_d:sab2_8pnu_d_s22:sab2_8pnu_d_s02,sab2_8pnu_d,25,cdr1,A,-0.009363174438476562,-2.7794647216796875,-1.394413948059082,0.0,2.770101547241211,True
sab2_8pnu_d:sab2_8pnu_d_s22:sab2_8pnu_d_s02,sab2_8pnu_d,26,cdr1,F,-1.3959670066833496,1.9114079475402832,0.2577204704284668,0.0,3.307374954223633,False
sab2_8pnu_d:sab2_8pnu_d_s22:sab2_8pnu_d_s02,sab2_8pnu_d,28,cdr1,T,2.2720947265625,2.815847396850586,2.543971061706543,2.2720947265625,0.5437526702880859,True
sab2_8pnu_d:sab2_8pnu_d_s22:sab2_8pnu_d_s02,sab2_8pnu_d,29,cdr1,P,-2.3808751106262207,1.296248435974121,-0.5423133373260498,0.0,3.677123546600342,False
sab2_8pnu_d:sab2_8pnu_d_s22:sab2_8pnu_d_s02,sab2_8pnu_d,54,cdr2,H,-0.2901597023010254,1.1328983306884766,0.4213693141937256,0.0,1.423058032989502,False
sab2_8pnu_d:sab2_8pnu_d_s22:sab2_8pnu_d_s02,sab2_8pnu_d,95,cdr3,S,5.565566390752792,6.668472588062286,6.117019489407539,5.565566390752792,1.102906197309494,True
sab2_8pnu_d:sab2_8pnu_d_s22:sab2_8pnu_d_s02,sab2_8pnu_d,97,cdr3,G,-1.6507010459899902,0.8763298988342285,-0.38718557357788086,0.0,2.5270309448242188,False
sab2_8pnu_d:sab2_8pnu_d_s22:sab2_8pnu_d_s02,sab2_8pnu_d,98,cdr3,V,-3.6084389686584473,-1.0102291107177734,-2.3093340396881104,0.0,2.598209857940674,True
sab2_8pnu_d:sab2_8pnu_d_s22:sab2_8pnu_d_s02,sab2_8pnu_d,101,cdr3,R,-2.492034912109375,1.404186725616455,-0.54392409324646,0.0,3.89622163772583,False
sab2_8pnu_d:sab2_8pnu_d_s22:sab2_8pnu_d_s02,sab2_8pnu_d,103,cdr3,E,0.30254316329956055,3.5495052337646484,1.9260241985321045,0.30254316329956055,3.246962070465088,True
sab2_8pnu_d:sab2_8pnu_d_s22:sab2_8pnu_d_s02,sab2_8pnu_d,104,cdr3,Y,1.8608994483947754,-1.0915088653564453,0.38469529151916504,0.0,2.9524083137512207,False
sab2_8pnu_d:sab2_8pnu_d_s17:sab2_8pnu_d_s13,sab2_8pnu_d,23,cdr1,G,-1.815753698348999,-0.8726439476013184,-1.3441988229751587,0.0,0.9431097507476807,True
sab2_8pnu_d:sab2_8pnu_d_s17:sab2_8pnu_d_s13,sab2_8pnu_d,24,cdr1,R,1.612647533416748,0.19794893264770508,0.9052982330322266,0.19794893264770508,1.414698600769043,True
sab2_8pnu_d:sab2_8pnu_d_s17:sab2_8pnu_d_s13,sab2_8pnu_d,25,cdr1,A,-1.028592824935913,-1.4116230010986328,-1.220107913017273,0.0,0.3830301761627197,True
sab2_8pnu_d:sab2_8pnu_d_s17:sab2_8pnu_d_s13,sab2_8pnu_d,26,cdr1,F,0.7677316665649414,0.601170539855957,0.6844511032104492,0.601170539855957,0.16656112670898438,True
sab2_8pnu_d:sab2_8pnu_d_s17:sab2_8pnu_d_s13,sab2_8pnu_d,30,cdr1,A,0.7555453777313232,0.9352879524230957,0.8454166650772095,0.7555453777313232,0.17974257469177246,True
sab2_8pnu_d:sab2_8pnu_d_s17:sab2_8pnu_d_s13,sab2_8pnu_d,95,cdr3,S,5.282092571258545,3.984551429748535,4.63332200050354,3.984551429748535,1.2975411415100098,True
sab2_8pnu_d:sab2_8pnu_d_s17:sab2_8pnu_d_s13,sab2_8pnu_d,96,cdr3,R,-1.1849215030670166,0.23568391799926758,-0.4746187925338745,0.0,1.4206054210662842,False
sab2_8pnu_d:sab2_8pnu_d_s17:sab2_8pnu_d_s13,sab2_8pnu_d,97,cdr3,G,-0.022609949111938477,-0.2622060775756836,-0.14240801334381104,0.0,0.23959612846374512,True
sab2_8pnu_d:sab2_8pnu_d_s17:sab2_8pnu_d_s13,sab2_8pnu_d,99,cdr3,S,-0.5018713474273682,-0.18239784240722656,-0.34213459491729736,0.0,0.3194735050201416,True
sab2_8pnu_d:sab2_8pnu_d_s17:sab2_8pnu_d_s13,sab2_8pnu_d,100,cdr3,G,-0.4408719539642334,0.08072185516357422,-0.1800750494003296,0.0,0.5215938091278076,False
sab2_8pnu_d:sab2_8pnu_d_s17:sab2_8pnu_d_s13,sab2_8pnu_d,101,cdr3,R,-2.2633001804351807,-0.5415816307067871,-1.4024409055709839,0.0,1.7217185497283936,True
sab2_8pnu_d:sab2_8pnu_d_s17:sab2_8pnu_d_s13,sab2_8pnu_d,102,cdr3,Y,5.374837636947632,2.7255516052246094,4.050194621086121,2.7255516052246094,2.6492860317230225,True
sab2_8pnu_d:sab2_8pnu_d_s15:sab2_8pnu_d_s07,sab2_8pnu_d,23,cdr1,G,-0.882636308670044,-0.6697173118591309,-0.7761768102645874,0.0,0.21291899681091309,True
sab2_8pnu_d:sab2_8pnu_d_s15:sab2_8pnu_d_s07,sab2_8pnu_d,24,cdr1,R,2.996713876724243,0.46038198471069336,1.7285479307174683,0.46038198471069336,2.53633189201355,True
sab2_8pnu_d:sab2_8pnu_d_s15:sab2_8pnu_d_s07,sab2_8pnu_d,25,cdr1,A,-0.08409786224365234,-2.1362709999084473,-1.1101844310760498,0.0,2.052173137664795,True
sab2_8pnu_d:sab2_8pnu_d_s15:sab2_8pnu_d_s07,sab2_8pnu_d,26,cdr1,F,1.4938054084777832,-0.3092532157897949,0.5922760963439941,0.0,1.8030586242675781,False
sab2_8pnu_d:sab2_8pnu_d_s15:sab2_8pnu_d_s07,sab2_8pnu_d,27,cdr1,V,2.551235318183899,0.6278400421142578,1.5895376801490784,0.6278400421142578,1.9233952760696411,True
sab2_8pnu_d:sab2_8pnu_d_s15:sab2_8pnu_d_s07,sab2_8pnu_d,28,cdr1,T,-2.350552797317505,-1.0367474555969238,-1.6936501264572144,0.0,1.313805341720581,True
sab2_8pnu_d:sab2_8pnu_d_s15:sab2_8pnu_d_s07,sab2_8pnu_d,29,cdr1,P,-1.4245154857635498,-0.7955336570739746,-1.1100245714187622,0.0,0.6289818286895752,True
sab2_8pnu_d:sab2_8pnu_d_s15:sab2_8pnu_d_s07,sab2_8pnu_d,95,cdr3,S,5.751664638519287,2.079160690307617,3.915412664413452,2.079160690307617,3.67250394821167,True
sab2_8pnu_d:sab2_8pnu_d_s15:sab2_8pnu_d_s07,sab2_8pnu_d,96,cdr3,R,4.652495622634888,0.9281706809997559,2.7903331518173218,0.9281706809997559,3.724324941635132,True
sab2_8pnu_d:sab2_8pnu_d_s15:sab2_8pnu_d_s07,sab2_8pnu_d,97,cdr3,G,2.150485336780548,2.504943370819092,2.32771435379982,2.150485336780548,0.3544580340385437,True
sab2_8pnu_d:sab2_8pnu_d_s15:sab2_8pnu_d_s07,sab2_8pnu_d,98,cdr3,V,-1.2650096416473389,-0.3031296730041504,-0.7840696573257446,0.0,0.9618799686431885,True
sab2_8pnu_d:sab2_8pnu_d_s15:sab2_8pnu_d_s07,sab2_8pnu_d,99,cdr3,S,0.9355742931365967,1.7044987678527832,1.32003653049469,0.9355742931365967,0.7689244747161865,True
sab2_8pnu_d:sab2_8pnu_d_s15:sab2_8pnu_d_s07,sab2_8pnu_d,100,cdr3,G,3.7239811420440674,2.0769715309143066,2.900476336479187,2.0769715309143066,1.6470096111297607,True
sab2_8pnu_d:sab2_8pnu_d_s15:sab2_8pnu_d_s07,sab2_8pnu_d,101,cdr3,R,2.969522148370743,0.5172896385192871,1.743405893445015,0.5172896385192871,2.4522325098514557,True
sab2_8pnu_d:sab2_8pnu_d_s15:sab2_8pnu_d_s07,sab2_8pnu_d,102,cdr3,Y,-4.407362699508667,-1.4784808158874512,-2.942921757698059,0.0,2.928881883621216,True
sab2_8pnu_d:sab2_8pnu_d_s15:sab2_8pnu_d_s07,sab2_8pnu_d,104,cdr3,Y,2.773644983768463,0.6918463706970215,1.7327456772327423,0.6918463706970215,2.0817986130714417,True
sab2_8pnu_d:sab2_8pnu_d_s14:sab2_8pnu_d_s26,sab2_8pnu_d,23,cdr1,G,-1.1185011863708496,0.389556884765625,-0.3644721508026123,0.0,1.5080580711364746,False
sab2_8pnu_d:sab2_8pnu_d_s14:sab2_8pnu_d_s26,sab2_8pnu_d,24,cdr1,R,2.9347688360139728,-0.26134395599365234,1.3367124400101602,0.0,3.196112792007625,False
sab2_8pnu_d:sab2_8pnu_d_s14:sab2_8pnu_d_s26,sab2_8pnu_d,25,cdr1,A,1.1328750848770142,-0.7671718597412109,0.1828516125679016,0.0,1.900046944618225,False
sab2_8pnu_d:sab2_8pnu_d_s14:sab2_8pnu_d_s26,sab2_8pnu_d,26,cdr1,F,1.2281380891799927,0.1916179656982422,0.7098780274391174,0.1916179656982422,1.0365201234817505,True
sab2_8pnu_d:sab2_8pnu_d_s14:sab2_8pnu_d_s26,sab2_8pnu_d,29,cdr1,P,2.094057321548462,-0.07134437561035156,1.0113564729690552,0.0,2.1654016971588135,False
sab2_8pnu_d:sab2_8pnu_d_s14:sab2_8pnu_d_s26,sab2_8pnu_d,95,cdr3,S,5.405058860778809,1.622391700744629,3.5137252807617188,1.622391700744629,3.7826671600341797,True
sab2_8pnu_d:sab2_8pnu_d_s14:sab2_8pnu_d_s26,sab2_8pnu_d,97,cdr3,G,-1.7032380104064941,-1.0711140632629395,-1.3871760368347168,0.0,0.6321239471435547,True
sab2_8pnu_d:sab2_8pnu_d_s14:sab2_8pnu_d_s26,sab2_8pnu_d,98,cdr3,V,0.20476770401000977,0.23117828369140625,0.217972993850708,0.20476770401000977,0.026410579681396484,True
sab2_8pnu_d:sab2_8pnu_d_s14:sab2_8pnu_d_s26,sab2_8pnu_d,100,cdr3,G,1.344132900238037,0.16564369201660156,0.7548882961273193,0.16564369201660156,1.1784892082214355,True
sab2_8rz0_f1:sab2_8rz0_f1_s03:sab2_8rz0_f1_s10,sab2_8rz0_f1,26,cdr1,Y,6.864459037780762,6.9177398681640625,6.891099452972412,6.864459037780762,0.05328083038330078,True
sab2_8rz0_f1:sab2_8rz0_f1_s03:sab2_8rz0_f1_s10,sab2_8rz0_f1,30,cdr1,S,0.6216526031494141,2.0153207778930664,1.3184866905212402,0.6216526031494141,1.3936681747436523,True
sab2_8rz0_f1:sab2_8rz0_f1_s03:sab2_8rz0_f1_s10,sab2_8rz0_f1,32,cdr1,G,0.4383401870727539,0.3078889846801758,0.37311458587646484,0.3078889846801758,0.13045120239257812,True
sab2_8rz0_f1:sab2_8rz0_f1_s03:sab2_8rz0_f1_s10,sab2_8rz0_f1,53,cdr2,Y,0.16201019287109375,-0.16157817840576172,0.00021600723266601562,0.0,0.32358837127685547,False
sab2_8rz0_f1:sab2_8rz0_f1_s03:sab2_8rz0_f1_s10,sab2_8rz0_f1,56,cdr2,N,0.2522096633911133,2.300642967224121,1.2764263153076172,0.2522096633911133,2.048433303833008,True
sab2_8rz0_f1:sab2_8rz0_f1_s03:sab2_8rz0_f1_s10,sab2_8rz0_f1,97,cdr3,R,4.356747627258301,2.763707160949707,3.560227394104004,2.763707160949707,1.5930404663085938,True
sab2_8rz0_f1:sab2_8rz0_f1_s03:sab2_8rz0_f1_s10,sab2_8rz0_f1,98,cdr3,D,1.1450729370117188,-0.4228067398071289,0.3611330986022949,0.0,1.5678796768188477,False
sab2_8rz0_f1:sab2_8rz0_f1_s03:sab2_8rz0_f1_s10,sab2_8rz0_f1,100,cdr3,P,1.2897748947143555,0.28708744049072266,0.7884311676025391,0.28708744049072266,1.0026874542236328,True
sab2_8rz0_f1:sab2_8rz0_f1_s03:sab2_8rz0_f1_s10,sab2_8rz0_f1,101,cdr3,Q,0.2570791244506836,0.34465694427490234,0.30086803436279297,0.2570791244506836,0.08757781982421875,True
sab2_8rz0_f1:sab2_8rz0_f1_s03:sab2_8rz0_f1_s10,sab2_8rz0_f1,102,cdr3,V,1.4940309524536133,0.5456199645996094,1.0198254585266113,0.5456199645996094,0.9484109878540039,True
sab2_8rz0_f1:sab2_8rz0_f1_s03:sab2_8rz0_f1_s10,sab2_8rz0_f1,103,cdr3,G,0.94757080078125,-0.1027841567993164,0.4223933219909668,0.0,1.0503549575805664,False
sab2_8rz0_f1:sab2_8rz0_f1_s03:sab2_8rz0_f1_s10,sab2_8rz0_f1,104,cdr3,D,-1.041646957397461,-0.08772563934326172,-0.5646862983703613,0.0,0.9539213180541992,True
sab2_8rz0_f1:sab2_8rz0_f1_s03:sab2_8rz0_f1_s10,sab2_8rz0_f1,105,cdr3,F,0.11606216430664062,1.6320075988769531,0.8740348815917969,0.11606216430664062,1.5159454345703125,True
sab2_8rz0_f1:sab2_8rz0_f1_s03:sab2_8rz0_f1_s10,sab2_8rz0_f1,106,cdr3,D,-0.4584512710571289,0.45404720306396484,-0.0022020339965820312,0.0,0.9124984741210938,False
sab2_8rz0_f1:sab2_8rz0_f1_s03:sab2_8rz0_f1_s10,sab2_8rz0_f1,107,cdr3,W,0.2682771682739258,0.6423978805541992,0.4553375244140625,0.2682771682739258,0.37412071228027344,True
sab2_8rz0_f1:sab2_8rz0_f1_s03:sab2_8rz0_f1_s10,sab2_8rz0_f1,108,cdr3,Q,2.399564743041992,0.7697906494140625,1.5846776962280273,0.7697906494140625,1.6297740936279297,True
sab2_8rz0_f1:sab2_8rz0_f1_s03:sab2_8rz0_f1_s10,sab2_8rz0_f1,109,cdr3,V,0.2989683151245117,0.7633028030395508,0.5311355590820312,0.2989683151245117,0.46433448791503906,True
sab2_8rz0_f1:sab2_8rz0_f1_s03:sab2_8rz0_f1_s10,sab2_8rz0_f1,110,cdr3,Y,-0.2557497024536133,0.1607046127319336,-0.047522544860839844,0.0,0.4164543151855469,False
sab2_8rz0_f1:sab2_8rz0_f1_s03:sab2_8rz0_f1_s10,sab2_8rz0_f1,111,cdr3,Y,1.1626853942871094,0.7748174667358398,0.9687514305114746,0.7748174667358398,0.38786792755126953,True
sab2_8rz0_f1:sab2_8rz0_f1_s03:sab2_8rz0_f1_s10,sab2_8rz0_f1,112,cdr3,Y,-0.6584291458129883,-0.5983896255493164,-0.6284093856811523,0.0,0.060039520263671875,True
sab2_8rz0_f1:sab2_8rz0_f1_s03:sab2_8rz0_f1_s10,sab2_8rz0_f1,115,cdr3,M,-0.17993450164794922,-0.13097763061523438,-0.1554560661315918,0.0,0.048956871032714844,True
sab2_8rz0_f1:sab2_8rz0_f1_s13:sab2_8rz0_f1_s09,sab2_8rz0_f1,26,cdr1,Y,-4.367194175720215,7.20536470413208,1.4190852642059326,0.0,11.572558879852295,False
sab2_8rz0_f1:sab2_8rz0_f1_s13:sab2_8rz0_f1_s09,sab2_8rz0_f1,30,cdr1,S,3.590272068977356,3.070897102355957,3.3305845856666565,3.070897102355957,0.5193749666213989,True
sab2_8rz0_f1:sab2_8rz0_f1_s13:sab2_8rz0_f1_s09,sab2_8rz0_f1,51,cdr2,S,-1.9801077842712402,0.5363197326660156,-0.7218940258026123,0.0,2.516427516937256,False
sab2_8rz0_f1:sab2_8rz0_f1_s13:sab2_8rz0_f1_s09,sab2_8rz0_f1,52,cdr2,G,-5.924757957458496,2.946634292602539,-1.4890618324279785,0.0,8.871392250061035,False
sab2_8rz0_f1:sab2_8rz0_f1_s13:sab2_8rz0_f1_s09,sab2_8rz0_f1,53,cdr2,Y,-1.7846336364746094,0.9470596313476562,-0.41878700256347656,0.0,2.7316932678222656,False
sab2_8rz0_f1:sab2_8rz0_f1_s13:sab2_8rz0_f1_s09,sab2_8rz0_f1,54,cdr2,D,-1.4902043342590332,3.080632209777832,0.7952139377593994,0.0,4.570836544036865,False
sab2_8rz0_f1:sab2_8rz0_f1_s13:sab2_8rz0_f1_s09,sab2_8rz0_f1,55,cdr2,G,3.3034533858299255,2.618316650390625,2.9608850181102753,2.618316650390625,0.6851367354393005,True
sab2_8rz0_f1:sab2_8rz0_f1_s13:sab2_8rz0_f1_s09,sab2_8rz0_f1,56,cdr2,N,-2.5530734062194824,1.1229095458984375,-0.7150819301605225,0.0,3.67598295211792,False
sab2_8rz0_f1:sab2_8rz0_f1_s13:sab2_8rz0_f1_s09,sab2_8rz0_f1,98,cdr3,D,-0.3661932945251465,-1.5554218292236328,-0.9608075618743896,0.0,1.1892285346984863,True
sab2_8rz0_f1:sab2_8rz0_f1_s13:sab2_8rz0_f1_s09,sab2_8rz0_f1,99,cdr3,G,2.081071674823761,-0.841212272644043,0.619929701089859,0.0,2.922283947467804,False
sab2_8rz0_f1:sab2_8rz0_f1_s13:sab2_8rz0_f1_s09,sab2_8rz0_f1,100,cdr3,P,0.0814056396484375,-1.462484359741211,-0.6905393600463867,0.0,1.5438899993896484,False
sab2_8rz0_f1:sab2_8rz0_f1_s13:sab2_8rz0_f1_s09,sab2_8rz0_f1,101,cdr3,Q,2.3798827528953552,0.628178596496582,1.5040306746959686,0.628178596496582,1.7517041563987732,True
sab2_8rz0_f1:sab2_8rz0_f1_s13:sab2_8rz0_f1_s09,sab2_8rz0_f1,102,cdr3,V,2.0649049878120422,-0.6744718551635742,0.695216566324234,0.0,2.7393768429756165,False
sab2_8rz0_f1:sab2_8rz0_f1_s13:sab2_8rz0_f1_s09,sab2_8rz0_f1,105,cdr3,F,1.065828800201416,1.2125778198242188,1.1392033100128174,1.065828800201416,0.14674901962280273,True
sab2_8rz0_f1:sab2_8rz0_f1_s13:sab2_8rz0_f1_s09,sab2_8rz0_f1,106,cdr3,D,-0.10165548324584961,1.0946331024169922,0.4964888095855713,0.0,1.1962885856628418,False
sab2_8rz0_f1:sab2_8rz0_f1_s13:sab2_8rz0_f1_s09,sab2_8rz0_f1,107,cdr3,W,-1.2715930938720703,0.08835697174072266,-0.5916180610656738,0.0,1.359950065612793,False
sab2_8rz0_f1:sab2_8rz0_f1_s13:sab2_8rz0_f1_s09,sab2_8rz0_f1,108,cdr3,Q,2.035626232624054,1.377878189086914,1.706752210855484,1.377878189086914,0.6577480435371399,True
sab2_8rz0_f1:sab2_8rz0_f1_s13:sab2_8rz0_f1_s09,sab2_8rz0_f1,110,cdr3,Y,-0.9241881370544434,-0.7855281829833984,-0.8548581600189209,0.0,0.13865995407104492,True
sab2_8rz0_f1:sab2_8rz0_f1_s13:sab2_8rz0_f1_s09,sab2_8rz0_f1,114,cdr3,G,-0.3639075756072998,0.3647127151489258,0.0004025697708129883,0.0,0.7286202907562256,False
sab2_8rz0_f1:sab2_8rz0_f1_s13:sab2_8rz0_f1_s09,sab2_8rz0_f1,115,cdr3,M,1.9975248575210571,-0.1545848846435547,0.9214699864387512,0.0,2.152109742164612,False
sab2_8rz0_f1:sab2_8rz0_f1_s00:sab2_8rz0_f1_s11,sab2_8rz0_f1,26,cdr1,Y,1.0164374113082886,10.566259503364563,5.791348457336426,1.0164374113082886,9.549822092056274,True
sab2_8rz0_f1:sab2_8rz0_f1_s00:sab2_8rz0_f1_s11,sab2_8rz0_f1,51,cdr2,S,-0.601792573928833,3.6686959266662598,1.5334516763687134,0.0,4.270488500595093,False
sab2_8rz0_f1:sab2_8rz0_f1_s00:sab2_8rz0_f1_s11,sab2_8rz0_f1,52,cdr2,G,-2.651524066925049,5.195155143737793,1.271815538406372,0.0,7.846679210662842,False
sab2_8rz0_f1:sab2_8rz0_f1_s00:sab2_8rz0_f1_s11,sab2_8rz0_f1,53,cdr2,Y,-0.6567232608795166,-0.01099395751953125,-0.3338586091995239,0.0,0.6457293033599854,True
sab2_8rz0_f1:sab2_8rz0_f1_s00:sab2_8rz0_f1_s11,sab2_8rz0_f1,54,cdr2,D,-1.8666834831237793,6.72837495803833,2.4308457374572754,0.0,8.59505844116211,False
sab2_8rz0_f1:sab2_8rz0_f1_s00:sab2_8rz0_f1_s11,sab2_8rz0_f1,55,cdr2,G,3.095486879348755,-0.12170600891113281,1.486890435218811,0.0,3.2171928882598877,False
sab2_8rz0_f1:sab2_8rz0_f1_s00:sab2_8rz0_f1_s11,sab2_8rz0_f1,56,cdr2,N,-3.043501377105713,-2.3137454986572266,-2.6786234378814697,0.0,0.7297558784484863,True
sab2_8rz0_f1:sab2_8rz0_f1_s00:sab2_8rz0_f1_s11,sab2_8rz0_f1,98,cdr3,D,4.64816427230835,3.2589054107666016,3.9535348415374756,3.2589054107666016,1.389258861541748,True
sab2_8rz0_f1:sab2_8rz0_f1_s00:sab2_8rz0_f1_s11,sab2_8rz0_f1,99,cdr3,G,1.5658186674118042,0.45743656158447266,1.0116276144981384,0.45743656158447266,1.1083821058273315,True
sab2_8rz0_f1:sab2_8rz0_f1_s00:sab2_8rz0_f1_s11,sab2_8rz0_f1,101,cdr3,Q,2.3384955376386642,2.4580440521240234,2.398269794881344,2.3384955376386642,0.11954851448535919,True
sab2_8rz0_f1:sab2_8rz0_f1_s00:sab2_8rz0_f1_s11,sab2_8rz0_f1,105,cdr3,F,0.2257680892944336,1.409195899963379,0.8174819946289062,0.2257680892944336,1.1834278106689453,True
sab2_8rz0_f1:sab2_8rz0_f1_s00:sab2_8rz0_f1_s11,sab2_8rz0_f1,106,cdr3,D,-0.20557522773742676,0.3335428237915039,0.06398379802703857,0.0,0.5391180515289307,False
sab2_8rz0_f1:sab2_8rz0_f1_s00:sab2_8rz0_f1_s11,sab2_8rz0_f1,107,cdr3,W,-1.3837294578552246,1.1646194458007812,-0.10955500602722168,0.0,2.548348903656006,False
sab2_8rz0_f1:sab2_8rz0_f1_s00:sab2_8rz0_f1_s11,sab2_8rz0_f1,108,cdr3,Q,2.5755541026592255,0.42331886291503906,1.4994364827871323,0.42331886291503906,2.1522352397441864,True
sab2_8rz0_f1:sab2_8rz0_f1_s00:sab2_8rz0_f1_s11,sab2_8rz0_f1,109,cdr3,V,0.708547830581665,0.3313760757446289,0.519961953163147,0.3313760757446289,0.37717175483703613,True
sab2_8rz0_f1:sab2_8rz0_f1_s00:sab2_8rz0_f1_s11,sab2_8rz0_f1,110,cdr3,Y,2.0816158428788185,-0.16369056701660156,0.9589626379311085,0.0,2.24530640989542,False
sab2_8rz0_f1:sab2_8rz0_f1_s00:sab2_8rz0_f1_s11,sab2_8rz0_f1,112,cdr3,Y,0.8119349479675293,2.2952537536621094,1.5535943508148193,0.8119349479675293,1.48331880569458,True
sab2_8rz0_f1:sab2_8rz0_f1_s00:sab2_8rz0_f1_s11,sab2_8rz0_f1,114,cdr3,G,-0.09041380882263184,1.7418851852416992,0.8257356882095337,0.0,1.832298994064331,False
sab2_8rz0_f1:sab2_8rz0_f1_s00:sab2_8rz0_f1_s11,sab2_8rz0_f1,115,cdr3,M,-2.1231589317321777,-0.7160606384277344,-1.419609785079956,0.0,1.4070982933044434,True
sab2_8rz0_f1:sab2_8rz0_f1_s00:sab2_8rz0_f1_s11,sab2_8rz0_f1,116,cdr3,D,-2.5559873580932617,1.0709609985351562,-0.7425131797790527,0.0,3.626948356628418,False
sab2_8rz0_f1:sab2_8rz0_f1_s24:sab2_8rz0_f1_s17,sab2_8rz0_f1,32,cdr1,G,0.054283857345581055,2.2930660247802734,1.1736749410629272,0.054283857345581055,2.2387821674346924,True
sab2_8rz0_f1:sab2_8rz0_f1_s24:sab2_8rz0_f1_s17,sab2_8rz0_f1,51,cdr2,S,0.8640476763248444,0.7020301818847656,0.783038929104805,0.7020301818847656,0.16201749444007874,True
sab2_8rz0_f1:sab2_8rz0_f1_s24:sab2_8rz0_f1_s17,sab2_8rz0_f1,54,cdr2,D,3.726341962814331,4.155885696411133,3.941113829612732,3.726341962814331,0.42954373359680176,True
sab2_8rz0_f1:sab2_8rz0_f1_s24:sab2_8rz0_f1_s17,sab2_8rz0_f1,56,cdr2,N,1.7914612293243408,0.30724620819091797,1.0493537187576294,0.30724620819091797,1.4842150211334229,True
sab2_8rz0_f1:sab2_8rz0_f1_s24:sab2_8rz0_f1_s17,sab2_8rz0_f1,98,cdr3,D,2.2617141008377075,0.3668708801269531,1.3142924904823303,0.3668708801269531,1.8948432207107544,True
sab2_8rz0_f1:sab2_8rz0_f1_s24:sab2_8rz0_f1_s17,sab2_8rz0_f1,99,cdr3,G,0.5896923542022705,-0.9862222671508789,-0.1982649564743042,0.0,1.5759146213531494,False
sab2_8rz0_f1:sab2_8rz0_f1_s24:sab2_8rz0_f1_s17,sab2_8rz0_f1,100,cdr3,P,-0.1380683183670044,0.6485652923583984,0.255248486995697,0.0,0.7866336107254028,False
sab2_8rz0_f1:sab2_8rz0_f1_s24:sab2_8rz0_f1_s17,sab2_8rz0_f1,102,cdr3,V,1.4872279167175293,0.2609891891479492,0.8741085529327393,0.2609891891479492,1.22623872756958,True
sab2_8rz0_f1:sab2_8rz0_f1_s24:sab2_8rz0_f1_s17,sab2_8rz0_f1,103,cdr3,G,1.09247175604105,0.02958202362060547,0.5610268898308277,0.02958202362060547,1.0628897324204445,True
sab2_8rz0_f1:sab2_8rz0_f1_s24:sab2_8rz0_f1_s17,sab2_8rz0_f1,105,cdr3,F,-0.5765531063079834,0.07050228118896484,-0.2530254125595093,0.0,0.6470553874969482,False
sab2_8rz0_f1:sab2_8rz0_f1_s24:sab2_8rz0_f1_s17,sab2_8rz0_f1,106,cdr3,D,0.18903863430023193,-0.7219362258911133,-0.2664487957954407,0.0,0.9109748601913452,False
sab2_8rz0_f1:sab2_8rz0_f1_s24:sab2_8rz0_f1_s17,sab2_8rz0_f1,108,cdr3,Q,-0.8496761322021484,-0.48200416564941406,-0.6658401489257812,0.0,0.3676719665527344,True
sab2_8rz0_f1:sab2_8rz0_f1_s24:sab2_8rz0_f1_s17,sab2_8rz0_f1,109,cdr3,V,3.6903088092803955,0.38316917419433594,2.0367389917373657,0.38316917419433594,3.3071396350860596,True
sab2_8rz0_f1:sab2_8rz0_f1_s24:sab2_8rz0_f1_s17,sab2_8rz0_f1,111,cdr3,Y,1.764550507068634,-0.11997795104980469,0.8222862780094147,0.0,1.8845284581184387,False
sab2_8rz0_f1:sab2_8rz0_f1_s24:sab2_8rz0_f1_s17,sab2_8rz0_f1,113,cdr3,Y,0.677396833896637,-0.8435564041137695,-0.08307978510856628,0.0,1.5209532380104065,False
sab2_8rz0_f1:sab2_8rz0_f1_s24:sab2_8rz0_f1_s17,sab2_8rz0_f1,114,cdr3,G,-0.9956495761871338,-1.6250009536743164,-1.310325264930725,0.0,0.6293513774871826,True
sab2_8rz0_f1:sab2_8rz0_f1_s24:sab2_8rz0_f1_s17,sab2_8rz0_f1,115,cdr3,M,-1.25235915184021,0.1201009750366211,-0.5661290884017944,0.0,1.372460126876831,False
sab2_8rz0_f1:sab2_8rz0_f1_s27:sab2_8rz0_f1_s04,sab2_8rz0_f1,32,cdr1,G,-0.067405104637146,0.1484832763671875,0.04053908586502075,0.0,0.2158883810043335,False
sab2_8rz0_f1:sab2_8rz0_f1_s27:sab2_8rz0_f1_s04,sab2_8rz0_f1,51,cdr2,S,6.293969035148621,5.296767234802246,5.795368134975433,5.296767234802246,0.9972018003463745,True
sab2_8rz0_f1:sab2_8rz0_f1_s27:sab2_8rz0_f1_s04,sab2_8rz0_f1,53,cdr2,Y,2.6010340452194214,0.5601339340209961,1.5805839896202087,0.5601339340209961,2.0409001111984253,True
sab2_8rz0_f1:sab2_8rz0_f1_s27:sab2_8rz0_f1_s04,sab2_8rz0_f1,56,cdr2,N,3.299606680870056,-0.3186922073364258,1.4904572367668152,0.0,3.618298888206482,False
sab2_8rz0_f1:sab2_8rz0_f1_s27:sab2_8rz0_f1_s04,sab2_8rz0_f1,98,cdr3,D,1.2064094245433807,0.04162120819091797,0.6240153163671494,0.04162120819091797,1.1647882163524628,True
sab2_8rz0_f1:sab2_8rz0_f1_s27:sab2_8rz0_f1_s04,sab2_8rz0_f1,100,cdr3,P,-0.424741268157959,0.13304805755615234,-0.14584660530090332,0.0,0.5577893257141113,False
sab2_8rz0_f1:sab2_8rz0_f1_s27:sab2_8rz0_f1_s04,sab2_8rz0_f1,101,cdr3,Q,1.6207977533340454,0.5065860748291016,1.0636919140815735,0.5065860748291016,1.1142116785049438,True
sab2_8rz0_f1:sab2_8rz0_f1_s27:sab2_8rz0_f1_s04,sab2_8rz0_f1,102,cdr3,V,0.28701531887054443,0.08431816101074219,0.1856667399406433,0.08431816101074219,0.20269715785980225,True
sab2_8rz0_f1:sab2_8rz0_f1_s27:sab2_8rz0_f1_s04,sab2_8rz0_f1,104,cdr3,D,2.028749108314514,-0.026979446411132812,1.0008848309516907,0.0,2.055728554725647,False
sab2_8rz0_f1:sab2_8rz0_f1_s27:sab2_8rz0_f1_s04,sab2_8rz0_f1,105,cdr3,F,0.4232284426689148,-0.4285621643066406,-0.002666860818862915,0.0,0.8517906069755554,False
sab2_8rz0_f1:sab2_8rz0_f1_s27:sab2_8rz0_f1_s04,sab2_8rz0_f1,106,cdr3,D,0.21011298894882202,0.22792720794677734,0.21902009844779968,0.21011298894882202,0.017814218997955322,True
sab2_8rz0_f1:sab2_8rz0_f1_s27:sab2_8rz0_f1_s04,sab2_8rz0_f1,107,cdr3,W,0.3357656002044678,-1.2054519653320312,-0.43484318256378174,0.0,1.541217565536499,False
sab2_8rz0_f1:sab2_8rz0_f1_s27:sab2_8rz0_f1_s04,sab2_8rz0_f1,108,cdr3,Q,1.4048080146312714,1.1146869659423828,1.259747490286827,1.1146869659423828,0.29012104868888855,True
sab2_8rz0_f1:sab2_8rz0_f1_s27:sab2_8rz0_f1_s04,sab2_8rz0_f1,109,cdr3,V,-0.3024909496307373,3.08950138092041,1.3935052156448364,0.0,3.3919923305511475,False
sab2_8rz0_f1:sab2_8rz0_f1_s27:sab2_8rz0_f1_s04,sab2_8rz0_f1,110,cdr3,Y,-0.5788335800170898,-0.31714630126953125,-0.44798994064331055,0.0,0.2616872787475586,True
sab2_8rz0_f1:sab2_8rz0_f1_s27:sab2_8rz0_f1_s04,sab2_8rz0_f1,111,cdr3,Y,1.2457019984722137,-0.7855567932128906,0.23007260262966156,0.0,2.0312587916851044,False
sab2_8rz0_f1:sab2_8rz0_f1_s27:sab2_8rz0_f1_s04,sab2_8rz0_f1,113,cdr3,Y,-0.2508193254470825,0.21149444580078125,-0.019662439823150635,0.0,0.46231377124786377,False
sab2_8rz0_f1:sab2_8rz0_f1_s27:sab2_8rz0_f1_s04,sab2_8rz0_f1,114,cdr3,G,0.25076454877853394,0.9552268981933594,0.6029957234859467,0.25076454877853394,0.7044623494148254,True
sab2_8rz0_f1:sab2_8rz0_f1_s27:sab2_8rz0_f1_s04,sab2_8rz0_f1,115,cdr3,M,0.29897212982177734,1.2395477294921875,0.7692599296569824,0.29897212982177734,0.9405755996704102,True
sab2_8rz0_f1:sab2_8rz0_f1_s19:sab2_8rz0_f1_s20,sab2_8rz0_f1,30,cdr1,S,1.7035649418830872,1.0802106857299805,1.3918878138065338,1.0802106857299805,0.6233542561531067,True
sab2_8rz0_f1:sab2_8rz0_f1_s19:sab2_8rz0_f1_s20,sab2_8rz0_f1,53,cdr2,Y,-1.180483639240265,-1.6191339492797852,-1.399808794260025,0.0,0.43865031003952026,True
sab2_8rz0_f1:sab2_8rz0_f1_s19:sab2_8rz0_f1_s20,sab2_8rz0_f1,54,cdr2,D,-0.4658350944519043,1.9230537414550781,0.7286093235015869,0.0,2.3888888359069824,False
sab2_8rz0_f1:sab2_8rz0_f1_s19:sab2_8rz0_f1_s20,sab2_8rz0_f1,56,cdr2,N,-1.091045320034027,0.6560602188110352,-0.21749255061149597,0.0,1.7471055388450623,False
sab2_8rz0_f1:sab2_8rz0_f1_s19:sab2_8rz0_f1_s20,sab2_8rz0_f1,97,cdr3,R,3.292616069316864,4.381577491760254,3.837096780538559,3.292616069316864,1.08896142244339,True
sab2_8rz0_f1:sab2_8rz0_f1_s19:sab2_8rz0_f1_s20,sab2_8rz0_f1,98,cdr3,D,-0.42823338508605957,1.0966825485229492,0.3342245817184448,0.0,1.5249159336090088,False
sab2_8rz0_f1:sab2_8rz0_f1_s19:sab2_8rz0_f1_s20,sab2_8rz0_f1,99,cdr3,G,-0.00870591402053833,0.1167135238647461,0.05400380492210388,0.0,0.12541943788528442,False
sab2_8rz0_f1:sab2_8rz0_f1_s19:sab2_8rz0_f1_s20,sab2_8rz0_f1,100,cdr3,P,-0.9306495785713196,-0.32940196990966797,-0.6300257742404938,0.0,0.6012476086616516,True
sab2_8rz0_f1:sab2_8rz0_f1_s19:sab2_8rz0_f1_s20,sab2_8rz0_f1,101,cdr3,Q,-0.5618321895599365,1.7404966354370117,0.5893322229385376,0.0,2.3023288249969482,False
sab2_8rz0_f1:sab2_8rz0_f1_s19:sab2_8rz0_f1_s20,sab2_8rz0_f1,102,cdr3,V,-2.3141942620277405,6.355189323425293,2.0204975306987762,0.0,8.669383585453033,False
sab2_8rz0_f1:sab2_8rz0_f1_s19:sab2_8rz0_f1_s20,sab2_8rz0_f1,103,cdr3,G,1.0895245671272278,0.905238151550293,0.9973813593387604,0.905238151550293,0.18428641557693481,True
sab2_8rz0_f1:sab2_8rz0_f1_s19:sab2_8rz0_f1_s20,sab2_8rz0_f1,104,cdr3,D,1.171348512172699,0.4683551788330078,0.8198518455028534,0.4683551788330078,0.7029933333396912,True
sab2_8rz0_f1:sab2_8rz0_f1_s19:sab2_8rz0_f1_s20,sab2_8rz0_f1,105,cdr3,F,0.5662946105003357,-0.2691802978515625,0.1485571563243866,0.0,0.8354749083518982,False
sab2_8rz0_f1:sab2_8rz0_f1_s19:sab2_8rz0_f1_s20,sab2_8rz0_f1,107,cdr3,W,0.9833700060844421,0.11326313018798828,0.5483165681362152,0.11326313018798828,0.8701068758964539,True
sab2_8rz0_f1:sab2_8rz0_f1_s19:sab2_8rz0_f1_s20,sab2_8rz0_f1,108,cdr3,Q,1.0366183519363403,4.105959892272949,2.5712891221046448,1.0366183519363403,3.069341540336609,True
sab2_8rz0_f1:sab2_8rz0_f1_s19:sab2_8rz0_f1_s20,sab2_8rz0_f1,109,cdr3,V,0.9932776093482971,0.5454797744750977,0.7693786919116974,0.5454797744750977,0.44779783487319946,True
sab2_8rz0_f1:sab2_8rz0_f1_s19:sab2_8rz0_f1_s20,sab2_8rz0_f1,110,cdr3,Y,2.0480121970176697,1.1070051193237305,1.5775086581707,1.1070051193237305,0.9410070776939392,True
sab2_8rz0_f1:sab2_8rz0_f1_s19:sab2_8rz0_f1_s20,sab2_8rz0_f1,111,cdr3,Y,0.20945049822330475,0.6807222366333008,0.44508636742830276,0.20945049822330475,0.47127173840999603,True
sab2_8rz0_f1:sab2_8rz0_f1_s19:sab2_8rz0_f1_s20,sab2_8rz0_f1,112,cdr3,Y,2.6103615164756775,1.318160057067871,1.9642607867717743,1.318160057067871,1.2922014594078064,True
sab2_8rz0_f1:sab2_8rz0_f1_s19:sab2_8rz0_f1_s20,sab2_8rz0_f1,113,cdr3,Y,0.6974540948867798,-0.04707050323486328,0.32519179582595825,0.0,0.7445245981216431,False
sab2_8rz0_f1:sab2_8rz0_f1_s19:sab2_8rz0_f1_s20,sab2_8rz0_f1,115,cdr3,M,3.082040250301361,2.486421585083008,2.7842309176921844,2.486421585083008,0.5956186652183533,True
sab2_8rz0_f1:sab2_8rz0_f1_s15:sab2_8rz0_f1_s29,sab2_8rz0_f1,32,cdr1,G,-1.5255374908447266,-1.7459964752197266,-1.6357669830322266,0.0,0.220458984375,True
sab2_8rz0_f1:sab2_8rz0_f1_s15:sab2_8rz0_f1_s29,sab2_8rz0_f1,51,cdr2,S,3.313842296600342,4.304490089416504,3.809166193008423,3.313842296600342,0.9906477928161621,True
sab2_8rz0_f1:sab2_8rz0_f1_s15:sab2_8rz0_f1_s29,sab2_8rz0_f1,53,cdr2,Y,-1.5160517692565918,-1.1959114074707031,-1.3559815883636475,0.0,0.32014036178588867,True
sab2_8rz0_f1:sab2_8rz0_f1_s15:sab2_8rz0_f1_s29,sab2_8rz0_f1,54,cdr2,D,4.4945526123046875,2.0091309547424316,3.2518417835235596,2.0091309547424316,2.485421657562256,True
sab2_8rz0_f1:sab2_8rz0_f1_s15:sab2_8rz0_f1_s29,sab2_8rz0_f1,56,cdr2,N,1.306551456451416,-1.0413198471069336,0.1326158046722412,0.0,2.3478713035583496,False
sab2_8rz0_f1:sab2_8rz0_f1_s15:sab2_8rz0_f1_s29,sab2_8rz0_f1,97,cdr3,R,1.3362183570861816,1.8693084716796875,1.6027634143829346,1.3362183570861816,0.5330901145935059,True
sab2_8rz0_f1:sab2_8rz0_f1_s15:sab2_8rz0_f1_s29,sab2_8rz0_f1,98,cdr3,D,-2.648243546485901,-1.6885242462158203,-2.1683838963508606,0.0,0.9597193002700806,True
sab2_8rz0_f1:sab2_8rz0_f1_s15:sab2_8rz0_f1_s29,sab2_8rz0_f1,101,cdr3,Q,0.21312904357910156,-0.5611257553100586,-0.17399835586547852,0.0,0.7742547988891602,False
sab2_8rz0_f1:sab2_8rz0_f1_s15:sab2_8rz0_f1_s29,sab2_8rz0_f1,102,cdr3,V,-0.9847455024719238,-1.5200061798095703,-1.252375841140747,0.0,0.5352606773376465,True
sab2_8rz0_f1:sab2_8rz0_f1_s15:sab2_8rz0_f1_s29,sab2_8rz0_f1,103,cdr3,G,-0.5694169998168945,1.8059196472167969,0.6182513236999512,0.0,2.3753366470336914,False
sab2_8rz0_f1:sab2_8rz0_f1_s15:sab2_8rz0_f1_s29,sab2_8rz0_f1,104,cdr3,D,1.792982578277588,0.8760499954223633,1.3345162868499756,0.8760499954223633,0.9169325828552246,True
sab2_8rz0_f1:sab2_8rz0_f1_s15:sab2_8rz0_f1_s29,sab2_8rz0_f1,105,cdr3,F,1.7091574668884277,-0.31490325927734375,0.697127103805542,0.0,2.0240607261657715,False
sab2_8rz0_f1:sab2_8rz0_f1_s15:sab2_8rz0_f1_s29,sab2_8rz0_f1,106,cdr3,D,1.6963109970092773,0.40744590759277344,1.0518784523010254,0.40744590759277344,1.288865089416504,True
sab2_8rz0_f1:sab2_8rz0_f1_s15:sab2_8rz0_f1_s29,sab2_8rz0_f1,107,cdr3,W,0.28677988052368164,0.47870445251464844,0.38274216651916504,0.28677988052368164,0.1919245719909668,True
sab2_8rz0_f1:sab2_8rz0_f1_s15:sab2_8rz0_f1_s29,sab2_8rz0_f1,108,cdr3,Q,-0.9413256645202637,0.5131683349609375,-0.21407866477966309,0.0,1.4544939994812012,False
sab2_8rz0_f1:sab2_8rz0_f1_s15:sab2_8rz0_f1_s29,sab2_8rz0_f1,109,cdr3,V,-1.2748560905456543,-1.4407424926757812,-1.3577992916107178,0.0,0.16588640213012695,True
sab2_8rz0_f1:sab2_8rz0_f1_s15:sab2_8rz0_f1_s29,sab2_8rz0_f1,110,cdr3,Y,1.3377842903137207,-0.1328754425048828,0.602454423904419,0.0,1.4706597328186035,False
sab2_8rz0_f1:sab2_8rz0_f1_s15:sab2_8rz0_f1_s29,sab2_8rz0_f1,112,cdr3,Y,1.5167198181152344,1.0464000701904297,1.281559944152832,1.0464000701904297,0.4703197479248047,True
sab2_8rz0_f1:sab2_8rz0_f1_s15:sab2_8rz0_f1_s29,sab2_8rz0_f1,114,cdr3,G,-1.8942959308624268,-0.04934215545654297,-0.9718190431594849,0.0,1.8449537754058838,True
sab2_8rz0_f1:sab2_8rz0_f1_s15:sab2_8rz0_f1_s29,sab2_8rz0_f1,115,cdr3,M,1.353085994720459,0.7638511657714844,1.0584685802459717,0.7638511657714844,0.5892348289489746,True
sab2_8rz0_f1:sab2_8rz0_f1_s31:sab2_8rz0_f1_s07,sab2_8rz0_f1,30,cdr1,S,3.382134437561035,3.308589458465576,3.3453619480133057,3.308589458465576,0.07354497909545898,True
sab2_8rz0_f1:sab2_8rz0_f1_s31:sab2_8rz0_f1_s07,sab2_8rz0_f1,56,cdr2,N,0.9543800354003906,1.4175300598144531,1.1859550476074219,0.9543800354003906,0.4631500244140625,True
sab2_8rz0_f1:sab2_8rz0_f1_s31:sab2_8rz0_f1_s07,sab2_8rz0_f1,98,cdr3,D,0.09985923767089844,-1.305647850036621,-0.6028943061828613,0.0,1.4055070877075195,False
sab2_8rz0_f1:sab2_8rz0_f1_s31:sab2_8rz0_f1_s07,sab2_8rz0_f1,99,cdr3,G,0.3523716926574707,-2.065807342529297,-0.8567178249359131,0.0,2.4181790351867676,False
sab2_8rz0_f1:sab2_8rz0_f1_s31:sab2_8rz0_f1_s07,sab2_8rz0_f1,100,cdr3,P,-0.3615126609802246,-1.966872215270996,-1.1641924381256104,0.0,1.6053595542907715,True
sab2_8rz0_f1:sab2_8rz0_f1_s31:sab2_8rz0_f1_s07,sab2_8rz0_f1,101,cdr3,Q,0.3687572479248047,0.9062881469726562,0.6375226974487305,0.3687572479248047,0.5375308990478516,True
sab2_8rz0_f1:sab2_8rz0_f1_s31:sab2_8rz0_f1_s07,sab2_8rz0_f1,102,cdr3,V,-0.8700203895568848,-1.0819635391235352,-0.97599196434021,0.0,0.2119431495666504,True
sab2_8rz0_f1:sab2_8rz0_f1_s31:sab2_8rz0_f1_s07,sab2_8rz0_f1,103,cdr3,G,-0.6266226768493652,-0.8675556182861328,-0.747089147567749,0.0,0.24093294143676758,True
sab2_8rz0_f1:sab2_8rz0_f1_s31:sab2_8rz0_f1_s07,sab2_8rz0_f1,104,cdr3,D,1.5856380462646484,0.5919904708862305,1.0888142585754395,0.5919904708862305,0.993647575378418,True
sab2_8rz0_f1:sab2_8rz0_f1_s31:sab2_8rz0_f1_s07,sab2_8rz0_f1,105,cdr3,F,-1.8101649284362793,-1.9608488082885742,-1.8855068683624268,0.0,0.15068387985229492,True
sab2_8rz0_f1:sab2_8rz0_f1_s31:sab2_8rz0_f1_s07,sab2_8rz0_f1,106,cdr3,D,1.5153493881225586,1.9052252769470215,1.71028733253479,1.5153493881225586,0.3898758888244629,True
sab2_8rz0_f1:sab2_8rz0_f1_s31:sab2_8rz0_f1_s07,sab2_8rz0_f1,107,cdr3,W,-0.032848358154296875,2.7282447814941406,1.3476982116699219,0.0,2.7610931396484375,False
sab2_8rz0_f1:sab2_8rz0_f1_s31:sab2_8rz0_f1_s07,sab2_8rz0_f1,108,cdr3,Q,0.13302087783813477,4.517889022827148,2.3254549503326416,0.13302087783813477,4.384868144989014,True
sab2_8rz0_f1:sab2_8rz0_f1_s31:sab2_8rz0_f1_s07,sab2_8rz0_f1,109,cdr3,V,-1.5729026794433594,-0.3605623245239258,-0.9667325019836426,0.0,1.2123403549194336,True
sab2_8rz0_f1:sab2_8rz0_f1_s31:sab2_8rz0_f1_s07,sab2_8rz0_f1,110,cdr3,Y,0.619255542755127,0.24806976318359375,0.43366265296936035,0.24806976318359375,0.3711857795715332,True
sab2_8rz0_f1:sab2_8rz0_f1_s31:sab2_8rz0_f1_s07,sab2_8rz0_f1,112,cdr3,Y,0.6540279388427734,-0.26468467712402344,0.194671630859375,0.0,0.9187126159667969,False
sab2_8rz0_f1:sab2_8rz0_f1_s31:sab2_8rz0_f1_s07,sab2_8rz0_f1,113,cdr3,Y,0.17425537109375,-0.9267091751098633,-0.37622690200805664,0.0,1.1009645462036133,False
sab2_8rz0_f1:sab2_8rz0_f1_s31:sab2_8rz0_f1_s07,sab2_8rz0_f1,115,cdr3,M,-0.06742477416992188,-0.4365510940551758,-0.25198793411254883,0.0,0.3691263198852539,True
sab2_9b6s_h:sab2_9b6s_h_s08:sab2_9b6s_h_s29,sab2_9b6s_h,26,cdr1,Y,0.9264278411865234,2.7324094772338867,1.829418659210205,0.9264278411865234,1.8059816360473633,True
sab2_9b6s_h:sab2_9b6s_h_s08:sab2_9b6s_h_s29,sab2_9b6s_h,30,cdr1,S,0.2743082046508789,3.0143003463745117,1.6443042755126953,0.2743082046508789,2.739992141723633,True
sab2_9b6s_h:sab2_9b6s_h_s08:sab2_9b6s_h_s29,sab2_9b6s_h,52,cdr2,P,3.9758787155151367,9.350096225738525,6.662987470626831,3.9758787155151367,5.374217510223389,True
sab2_9b6s_h:sab2_9b6s_h_s08:sab2_9b6s_h_s29,sab2_9b6s_h,53,cdr2,S,-0.21207523345947266,2.8344879150390625,1.311206340789795,0.0,3.046563148498535,False
sab2_9b6s_h:sab2_9b6s_h_s08:sab2_9b6s_h_s29,sab2_9b6s_h,54,cdr2,G,0.9116077423095703,1.3678054809570312,1.1397066116333008,0.9116077423095703,0.45619773864746094,True
sab2_9b6s_h:sab2_9b6s_h_s08:sab2_9b6s_h_s29,sab2_9b6s_h,56,cdr2,D,0.13433074951171875,-1.4610004425048828,-0.663334846496582,0.0,1.5953311920166016,False
sab2_9b6s_h:sab2_9b6s_h_s08:sab2_9b6s_h_s29,sab2_9b6s_h,97,cdr3,R,5.151630878448486,5.908817291259766,5.530224084854126,5.151630878448486,0.7571864128112793,True
sab2_9b6s_h:sab2_9b6s_h_s08:sab2_9b6s_h_s29,sab2_9b6s_h,98,cdr3,V,-2.1480703353881836,0.8862447738647461,-0.6309127807617188,0.0,3.0343151092529297,False
sab2_9b6s_h:sab2_9b6s_h_s08:sab2_9b6s_h_s29,sab2_9b6s_h,100,cdr3,D,0.1008005142211914,1.004852294921875,0.5528264045715332,0.1008005142211914,0.9040517807006836,True
sab2_9b6s_h:sab2_9b6s_h_s08:sab2_9b6s_h_s29,sab2_9b6s_h,102,cdr3,W,0.3707599639892578,0.3300132751464844,0.3503866195678711,0.3300132751464844,0.04074668884277344,True
sab2_9b6s_h:sab2_9b6s_h_s08:sab2_9b6s_h_s29,sab2_9b6s_h,103,cdr3,S,-0.9550237655639648,0.7731781005859375,-0.09092283248901367,0.0,1.7282018661499023,False
sab2_9b6s_h:sab2_9b6s_h_s08:sab2_9b6s_h_s29,sab2_9b6s_h,104,cdr3,G,0.4145822525024414,-1.235722541809082,-0.4105701446533203,0.0,1.6503047943115234,False
sab2_9b6s_h:sab2_9b6s_h_s08:sab2_9b6s_h_s29,sab2_9b6s_h,106,cdr3,H,1.6375432014465332,1.0846996307373047,1.361121416091919,1.0846996307373047,0.5528435707092285,True
sab2_9b6s_h:sab2_9b6s_h_s08:sab2_9b6s_h_s29,sab2_9b6s_h,108,cdr3,A,-1.708571434020996,-0.4347658157348633,-1.0716686248779297,0.0,1.2738056182861328,True
sab2_9b6s_h:sab2_9b6s_h_s08:sab2_9b6s_h_s29,sab2_9b6s_h,110,cdr3,D,2.564310073852539,0.1583852767944336,1.3613476753234863,0.1583852767944336,2.4059247970581055,True
sab2_9b6s_h:sab2_9b6s_h_s31:sab2_9b6s_h_s15,sab2_9b6s_h,26,cdr1,Y,5.544314384460449,2.110340118408203,3.827327251434326,2.110340118408203,3.433974266052246,True
sab2_9b6s_h:sab2_9b6s_h_s31:sab2_9b6s_h_s15,sab2_9b6s_h,27,cdr1,I,-1.190861701965332,-0.6697492599487305,-0.9303054809570312,0.0,0.5211124420166016,True
sab2_9b6s_h:sab2_9b6s_h_s31:sab2_9b6s_h_s15,sab2_9b6s_h,30,cdr1,S,2.304816246032715,-0.5905532836914062,0.8571314811706543,0.0,2.895369529724121,False
sab2_9b6s_h:sab2_9b6s_h_s31:sab2_9b6s_h_s15,sab2_9b6s_h,51,cdr2,N,3.0960841178894043,0.6919593811035156,1.89402174949646,0.6919593811035156,2.4041247367858887,True
sab2_9b6s_h:sab2_9b6s_h_s31:sab2_9b6s_h_s15,sab2_9b6s_h,53,cdr2,S,1.7024221420288086,-0.35501861572265625,0.6737017631530762,0.0,2.057440757751465,False
sab2_9b6s_h:sab2_9b6s_h_s31:sab2_9b6s_h_s15,sab2_9b6s_h,54,cdr2,G,-0.5994491577148438,1.2552967071533203,0.3279237747192383,0.0,1.854745864868164,False
sab2_9b6s_h:sab2_9b6s_h_s31:sab2_9b6s_h_s15,sab2_9b6s_h,97,cdr3,R,8.887958288192749,1.1132631301879883,5.000610709190369,1.1132631301879883,7.774695158004761,True
sab2_9b6s_h:sab2_9b6s_h_s31:sab2_9b6s_h_s15,sab2_9b6s_h,98,cdr3,V,1.4757261276245117,0.1967601776123047,0.8362431526184082,0.1967601776123047,1.278965950012207,True
sab2_9b6s_h:sab2_9b6s_h_s31:sab2_9b6s_h_s15,sab2_9b6s_h,99,cdr3,H,-1.0468358993530273,-0.7677907943725586,-0.907313346862793,0.0,0.27904510498046875,True
sab2_9b6s_h:sab2_9b6s_h_s31:sab2_9b6s_h_s15,sab2_9b6s_h,100,cdr3,D,1.5132637023925781,-0.3715858459472656,0.5708389282226562,0.0,1.8848495483398438,False
sab2_9b6s_h:sab2_9b6s_h_s31:sab2_9b6s_h_s15,sab2_9b6s_h,102,cdr3,W,-0.5798540115356445,0.23567676544189453,-0.172088623046875,0.0,0.8155307769775391,False
sab2_9b6s_h:sab2_9b6s_h_s31:sab2_9b6s_h_s15,sab2_9b6s_h,104,cdr3,G,2.1078596115112305,0.48253631591796875,1.2951979637145996,0.48253631591796875,1.6253232955932617,True
sab2_9b6s_h:sab2_9b6s_h_s31:sab2_9b6s_h_s15,sab2_9b6s_h,105,cdr3,Y,1.6002798080444336,-1.100642204284668,0.2498188018798828,0.0,2.7009220123291016,False
sab2_9b6s_h:sab2_9b6s_h_s31:sab2_9b6s_h_s15,sab2_9b6s_h,109,cdr3,L,1.9756841659545898,0.1522235870361328,1.0639538764953613,0.1522235870361328,1.823460578918457,True
sab2_9b6s_h:sab2_9b6s_h_s31:sab2_9b6s_h_s15,sab2_9b6s_h,110,cdr3,D,4.4768993854522705,1.0840492248535156,2.780474305152893,1.0840492248535156,3.392850160598755,True
sab2_9b6s_h:sab2_9b6s_h_s04:sab2_9b6s_h_s23,sab2_9b6s_h,26,cdr1,Y,5.011638402938843,5.9571919441223145,5.484415173530579,5.011638402938843,0.9455535411834717,True
sab2_9b6s_h:sab2_9b6s_h_s04:sab2_9b6s_h_s23,sab2_9b6s_h,27,cdr1,I,4.388416528701782,-1.3430976867675781,1.522659420967102,0.0,5.73151421546936,False
sab2_9b6s_h:sab2_9b6s_h_s04:sab2_9b6s_h_s23,sab2_9b6s_h,28,cdr1,F,2.3662567138671875,-1.0243759155273438,0.6709403991699219,0.0,3.3906326293945312,False
sab2_9b6s_h:sab2_9b6s_h_s04:sab2_9b6s_h_s23,sab2_9b6s_h,30,cdr1,S,1.2524595260620117,2.2867164611816406,1.7695879936218262,1.2524595260620117,1.034256935119629,True
sab2_9b6s_h:sab2_9b6s_h_s04:sab2_9b6s_h_s23,sab2_9b6s_h,51,cdr2,N,0.8700308799743652,2.360433578491211,1.615232229232788,0.8700308799743652,1.4904026985168457,True
sab2_9b6s_h:sab2_9b6s_h_s04:sab2_9b6s_h_s23,sab2_9b6s_h,52,cdr2,P,10.420345306396484,4.095455169677734,7.257900238037109,4.095455169677734,6.32489013671875,True
sab2_9b6s_h:sab2_9b6s_h_s04:sab2_9b6s_h_s23,sab2_9b6s_h,54,cdr2,G,4.9456610679626465,3.939154624938965,4.442407846450806,3.939154624938965,1.0065064430236816,True
sab2_9b6s_h:sab2_9b6s_h_s04:sab2_9b6s_h_s23,sab2_9b6s_h,56,cdr2,D,4.25113320350647,-0.08026409149169922,2.0854345560073853,0.0,4.331397294998169,False
sab2_9b6s_h:sab2_9b6s_h_s04:sab2_9b6s_h_s23,sab2_9b6s_h,99,cdr3,H,1.3283576965332031,-0.7308721542358398,0.29874277114868164,0.0,2.059229850769043,False
sab2_9b6s_h:sab2_9b6s_h_s04:sab2_9b6s_h_s23,sab2_9b6s_h,100,cdr3,D,-1.745285987854004,-0.18539810180664062,-0.9653420448303223,0.0,1.5598878860473633,True
sab2_9b6s_h:sab2_9b6s_h_s04:sab2_9b6s_h_s23,sab2_9b6s_h,102,cdr3,W,0.3609495162963867,-1.5288276672363281,-0.5839390754699707,0.0,1.8897771835327148,False
sab2_9b6s_h:sab2_9b6s_h_s04:sab2_9b6s_h_s23,sab2_9b6s_h,105,cdr3,Y,1.5759954452514648,0.6493701934814453,1.112682819366455,0.6493701934814453,0.9266252517700195,True
sab2_9b6s_h:sab2_9b6s_h_s04:sab2_9b6s_h_s23,sab2_9b6s_h,106,cdr3,H,-0.9498920440673828,-1.302145004272461,-1.1260185241699219,0.0,0.3522529602050781,True
sab2_9b6s_h:sab2_9b6s_h_s04:sab2_9b6s_h_s23,sab2_9b6s_h,107,cdr3,R,1.024989128112793,1.3190536499023438,1.1720213890075684,1.024989128112793,0.2940645217895508,True
sab2_9b6s_h:sab2_9b6s_h_s04:sab2_9b6s_h_s23,sab2_9b6s_h,109,cdr3,L,1.2354822158813477,0.9249343872070312,1.0802083015441895,0.9249343872070312,0.3105478286743164,True
sab2_9b6s_h:sab2_9b6s_h_s02:sab2_9b6s_h_s13,sab2_9b6s_h,26,cdr1,Y,7.527297616004944,5.993719100952148,6.760508358478546,5.993719100952148,1.5335785150527954,True
sab2_9b6s_h:sab2_9b6s_h_s02:sab2_9b6s_h_s13,sab2_9b6s_h,32,cdr1,N,3.4769649505615234,-0.4109954833984375,1.532984733581543,0.0,3.887960433959961,False
sab2_9b6s_h:sab2_9b6s_h_s02:sab2_9b6s_h_s13,sab2_9b6s_h,51,cdr2,N,5.292067050933838,-0.37491798400878906,2.4585745334625244,0.0,5.666985034942627,False
sab2_9b6s_h:sab2_9b6s_h_s02:sab2_9b6s_h_s13,sab2_9b6s_h,53,cdr2,S,-1.4888267517089844,-0.37634754180908203,-0.9325871467590332,0.0,1.1124792098999023,True
sab2_9b6s_h:sab2_9b6s_h_s02:sab2_9b6s_h_s13,sab2_9b6s_h,54,cdr2,G,3.70121431350708,0.90533447265625,2.303274393081665,0.90533447265625,2.79587984085083,True
sab2_9b6s_h:sab2_9b6s_h_s02:sab2_9b6s_h_s13,sab2_9b6s_h,56,cdr2,D,-0.7141127586364746,-2.325641632080078,-1.5198771953582764,0.0,1.6115288734436035,True
sab2_9b6s_h:sab2_9b6s_h_s02:sab2_9b6s_h_s13,sab2_9b6s_h,97,cdr3,R,4.918409585952759,5.3030104637146,5.110710024833679,4.918409585952759,0.3846008777618408,True
sab2_9b6s_h:sab2_9b6s_h_s02:sab2_9b6s_h_s13,sab2_9b6s_h,98,cdr3,V,0.5371689796447754,-0.6892013549804688,-0.07601618766784668,0.0,1.2263703346252441,False
sab2_9b6s_h:sab2_9b6s_h_s02:sab2_9b6s_h_s13,sab2_9b6s_h,99,cdr3,H,-0.26989269256591797,0.3557758331298828,0.04294157028198242,0.0,0.6256685256958008,False
sab2_9b6s_h:sab2_9b6s_h_s02:sab2_9b6s_h_s13,sab2_9b6s_h,100,cdr3,D,0.20448541641235352,0.13889503479003906,0.1716902256011963,0.13889503479003906,0.06559038162231445,True
sab2_9b6s_h:sab2_9b6s_h_s02:sab2_9b6s_h_s13,sab2_9b6s_h,101,cdr3,F,1.446545124053955,-0.4044208526611328,0.5210621356964111,0.0,1.850965976715088,False
sab2_9b6s_h:sab2_9b6s_h_s02:sab2_9b6s_h_s13,sab2_9b6s_h,103,cdr3,S,-1.2956428527832031,0.6469497680664062,-0.32434654235839844,0.0,1.9425926208496094,False
sab2_9b6s_h:sab2_9b6s_h_s02:sab2_9b6s_h_s13,sab2_9b6s_h,105,cdr3,Y,1.689049243927002,0.5462989807128906,1.1176741123199463,0.5462989807128906,1.1427502632141113,True
sab2_9b6s_h:sab2_9b6s_h_s02:sab2_9b6s_h_s13,sab2_9b6s_h,106,cdr3,H,-0.07120466232299805,-1.1565971374511719,-0.613900899887085,0.0,1.0853924751281738,True
sab2_9b6s_h:sab2_9b6s_h_s02:sab2_9b6s_h_s13,sab2_9b6s_h,110,cdr3,D,3.351485252380371,0.8417806625366211,2.096632957458496,0.8417806625366211,2.50970458984375,True
sab2_9b6s_h:sab2_9b6s_h_s07:sab2_9b6s_h_s22,sab2_9b6s_h,26,cdr1,Y,10.33592939376831,2.228644371032715,6.282286882400513,2.228644371032715,8.107285022735596,True
sab2_9b6s_h:sab2_9b6s_h_s07:sab2_9b6s_h_s22,sab2_9b6s_h,28,cdr1,F,0.12362813949584961,0.14707279205322266,0.13535046577453613,0.12362813949584961,0.023444652557373047,True
sab2_9b6s_h:sab2_9b6s_h_s07:sab2_9b6s_h_s22,sab2_9b6s_h,30,cdr1,S,3.639695882797241,1.2006645202636719,2.4201802015304565,1.2006645202636719,2.4390313625335693,True
sab2_9b6s_h:sab2_9b6s_h_s07:sab2_9b6s_h_s22,sab2_9b6s_h,52,cdr2,P,2.959188938140869,3.4434103965759277,3.2012996673583984,2.959188938140869,0.4842214584350586,True
sab2_9b6s_h:sab2_9b6s_h_s07:sab2_9b6s_h_s22,sab2_9b6s_h,53,cdr2,S,-0.49257802963256836,-0.7792167663574219,-0.6358973979949951,0.0,0.2866387367248535,True
sab2_9b6s_h:sab2_9b6s_h_s07:sab2_9b6s_h_s22,sab2_9b6s_h,54,cdr2,G,1.5131134986877441,1.7432832717895508,1.6281983852386475,1.5131134986877441,0.23016977310180664,True
sab2_9b6s_h:sab2_9b6s_h_s07:sab2_9b6s_h_s22,sab2_9b6s_h,56,cdr2,D,2.474255323410034,-0.9414815902709961,0.766386866569519,0.0,3.4157369136810303,False
sab2_9b6s_h:sab2_9b6s_h_s07:sab2_9b6s_h_s22,sab2_9b6s_h,98,cdr3,V,2.3322229385375977,-0.5419282913208008,0.8951473236083984,0.0,2.8741512298583984,False
sab2_9b6s_h:sab2_9b6s_h_s07:sab2_9b6s_h_s22,sab2_9b6s_h,102,cdr3,W,4.020503997802734,0.712733268737793,2.3666186332702637,0.712733268737793,3.3077707290649414,True
sab2_9b6s_h:sab2_9b6s_h_s07:sab2_9b6s_h_s22,sab2_9b6s_h,103,cdr3,S,1.0730457305908203,0.2720499038696289,0.6725478172302246,0.2720499038696289,0.8009958267211914,True
sab2_9b6s_h:sab2_9b6s_h_s07:sab2_9b6s_h_s22,sab2_9b6s_h,106,cdr3,H,4.287898778915405,0.46529102325439453,2.3765949010849,0.46529102325439453,3.8226077556610107,True
sab2_9b6s_h:sab2_9b6s_h_s07:sab2_9b6s_h_s22,sab2_9b6s_h,107,cdr3,R,-0.058826446533203125,0.24257946014404297,0.09187650680541992,0.0,0.3014059066772461,False
sab2_9b6s_h:sab2_9b6s_h_s07:sab2_9b6s_h_s22,sab2_9b6s_h,108,cdr3,A,2.218421459197998,0.7862386703491211,1.5023300647735596,0.7862386703491211,1.432182788848877,True
sab2_9b6s_h:sab2_9b6s_h_s07:sab2_9b6s_h_s22,sab2_9b6s_h,109,cdr3,L,-1.5333938598632812,-0.21393108367919922,-0.8736624717712402,0.0,1.319462776184082,True
sab2_9b6s_h:sab2_9b6s_h_s01:sab2_9b6s_h_s14,sab2_9b6s_h,32,cdr1,N,1.3248205184936523,1.2881278991699219,1.306474208831787,1.2881278991699219,0.03669261932373047,True
sab2_9b6s_h:sab2_9b6s_h_s01:sab2_9b6s_h_s14,sab2_9b6s_h,53,cdr2,S,-0.8591403961181641,-0.1304931640625,-0.49481678009033203,0.0,0.7286472320556641,True
sab2_9b6s_h:sab2_9b6s_h_s01:sab2_9b6s_h_s14,sab2_9b6s_h,54,cdr2,G,-0.2996530532836914,1.5238780975341797,0.6121125221252441,0.0,1.823531150817871,False
sab2_9b6s_h:sab2_9b6s_h_s01:sab2_9b6s_h_s14,sab2_9b6s_h,56,cdr2,D,1.485023021697998,1.4495887756347656,1.4673058986663818,1.4495887756347656,0.03543424606323242,True
sab2_9b6s_h:sab2_9b6s_h_s01:sab2_9b6s_h_s14,sab2_9b6s_h,97,cdr3,R,4.691218376159668,7.192590713500977,5.941904544830322,4.691218376159668,2.5013723373413086,True
sab2_9b6s_h:sab2_9b6s_h_s01:sab2_9b6s_h_s14,sab2_9b6s_h,98,cdr3,V,-1.516024112701416,0.1524639129638672,-0.6817800998687744,0.0,1.6684880256652832,False
sab2_9b6s_h:sab2_9b6s_h_s01:sab2_9b6s_h_s14,sab2_9b6s_h,100,cdr3,D,1.4557931423187256,-0.7014484405517578,0.3771723508834839,0.0,2.1572415828704834,False
sab2_9b6s_h:sab2_9b6s_h_s01:sab2_9b6s_h_s14,sab2_9b6s_h,102,cdr3,W,-1.0740962028503418,0.3480348587036133,-0.36303067207336426,0.0,1.422131061553955,False
sab2_9b6s_h:sab2_9b6s_h_s01:sab2_9b6s_h_s14,sab2_9b6s_h,104,cdr3,G,1.7581048011779785,0.7188625335693359,1.2384836673736572,0.7188625335693359,1.0392422676086426,True
sab2_9b6s_h:sab2_9b6s_h_s01:sab2_9b6s_h_s14,sab2_9b6s_h,107,cdr3,R,0.6454410552978516,-0.23804855346679688,0.20369625091552734,0.0,0.8834896087646484,False
sab2_9b6s_h:sab2_9b6s_h_s01:sab2_9b6s_h_s14,sab2_9b6s_h,108,cdr3,A,-0.5877132415771484,-0.9858617782592773,-0.7867875099182129,0.0,0.3981485366821289,True
sab2_9b6s_h:sab2_9b6s_h_s01:sab2_9b6s_h_s14,sab2_9b6s_h,109,cdr3,L,0.6347575187683105,0.15234088897705078,0.39354920387268066,0.15234088897705078,0.48241662979125977,True
sab2_9b6s_h:sab2_9b6s_h_s01:sab2_9b6s_h_s14,sab2_9b6s_h,110,cdr3,D,1.9914593696594238,3.2122344970703125,2.601846933364868,1.9914593696594238,1.2207751274108887,True
sab2_9b6s_h:sab2_9b6s_h_s24:sab2_9b6s_h_s18,sab2_9b6s_h,26,cdr1,Y,9.099909782409668,1.1876535415649414,5.143781661987305,1.1876535415649414,7.912256240844727,True
sab2_9b6s_h:sab2_9b6s_h_s24:sab2_9b6s_h_s18,sab2_9b6s_h,27,cdr1,I,0.09589958190917969,-2.611311912536621,-1.2577061653137207,0.0,2.707211494445801,False
sab2_9b6s_h:sab2_9b6s_h_s24:sab2_9b6s_h_s18,sab2_9b6s_h,31,cdr1,H,4.994925260543823,-0.4198932647705078,2.2875159978866577,0.0,5.414818525314331,False
sab2_9b6s_h:sab2_9b6s_h_s24:sab2_9b6s_h_s18,sab2_9b6s_h,53,cdr2,S,2.597224235534668,-1.4134769439697266,0.5918736457824707,0.0,4.0107011795043945,False
sab2_9b6s_h:sab2_9b6s_h_s24:sab2_9b6s_h_s18,sab2_9b6s_h,56,cdr2,D,7.359871864318848,3.510869026184082,5.435370445251465,3.510869026184082,3.8490028381347656,True
sab2_9b6s_h:sab2_9b6s_h_s24:sab2_9b6s_h_s18,sab2_9b6s_h,98,cdr3,V,1.0577001571655273,-0.4287567138671875,0.3144717216491699,0.0,1.4864568710327148,False
sab2_9b6s_h:sab2_9b6s_h_s24:sab2_9b6s_h_s18,sab2_9b6s_h,100,cdr3,D,0.14113616943359375,-2.2313718795776367,-1.0451178550720215,0.0,2.3725080490112305,False
sab2_9b6s_h:sab2_9b6s_h_s24:sab2_9b6s_h_s18,sab2_9b6s_h,102,cdr3,W,1.9326424598693848,0.5493755340576172,1.241008996963501,0.5493755340576172,1.3832669258117676,True
sab2_9b6s_h:sab2_9b6s_h_s24:sab2_9b6s_h_s18,sab2_9b6s_h,104,cdr3,G,0.22820758819580078,2.8165574073791504,1.5223824977874756,0.22820758819580078,2.5883498191833496,True
sab2_9b6s_h:sab2_9b6s_h_s24:sab2_9b6s_h_s18,sab2_9b6s_h,105,cdr3,Y,2.400498628616333,0.49907398223876953,1.4497863054275513,0.49907398223876953,1.9014246463775635,True
sab2_9b6s_h:sab2_9b6s_h_s24:sab2_9b6s_h_s18,sab2_9b6s_h,106,cdr3,H,-1.3327817916870117,-1.1769285202026367,-1.2548551559448242,0.0,0.155853271484375,True
sab2_9b6s_h:sab2_9b6s_h_s24:sab2_9b6s_h_s18,sab2_9b6s_h,107,cdr3,R,-0.5152525901794434,-0.11069679260253906,-0.3129746913909912,0.0,0.4045557975769043,True
sab2_9b6s_h:sab2_9b6s_h_s24:sab2_9b6s_h_s18,sab2_9b6s_h,109,cdr3,L,7.041484832763672,1.5701141357421875,4.30579948425293,1.5701141357421875,5.471370697021484,True
sab2_9b6s_h:sab2_9b6s_h_s27:sab2_9b6s_h_s17,sab2_9b6s_h,26,cdr1,Y,4.050977826118469,4.382462978363037,4.216720402240753,4.050977826118469,0.33148515224456787,True
sab2_9b6s_h:sab2_9b6s_h_s27:sab2_9b6s_h_s17,sab2_9b6s_h,27,cdr1,I,-1.0931124687194824,0.2970094680786133,-0.39805150032043457,0.0,1.3901219367980957,False
sab2_9b6s_h:sab2_9b6s_h_s27:sab2_9b6s_h_s17,sab2_9b6s_h,30,cdr1,S,0.11180758476257324,-0.5789651870727539,-0.23357880115509033,0.0,0.6907727718353271,False
sab2_9b6s_h:sab2_9b6s_h_s27:sab2_9b6s_h_s17,sab2_9b6s_h,53,cdr2,S,3.953824996948242,0.68682861328125,2.320326805114746,0.68682861328125,3.266996383666992,True
sab2_9b6s_h:sab2_9b6s_h_s27:sab2_9b6s_h_s17,sab2_9b6s_h,56,cdr2,D,2.016401171684265,0.2637472152709961,1.1400741934776306,0.2637472152709961,1.752653956413269,True
sab2_9b6s_h:sab2_9b6s_h_s27:sab2_9b6s_h_s17,sab2_9b6s_h,97,cdr3,R,2.264542579650879,4.317566394805908,3.2910544872283936,2.264542579650879,2.0530238151550293,True
sab2_9b6s_h:sab2_9b6s_h_s27:sab2_9b6s_h_s17,sab2_9b6s_h,98,cdr3,V,-1.1370081901550293,-1.1559724807739258,-1.1464903354644775,0.0,0.018964290618896484,True
sab2_9b6s_h:sab2_9b6s_h_s27:sab2_9b6s_h_s17,sab2_9b6s_h,99,cdr3,H,1.0233702659606934,-0.23167705535888672,0.3958466053009033,0.0,1.25504732131958,False
sab2_9b6s_h:sab2_9b6s_h_s27:sab2_9b6s_h_s17,sab2_9b6s_h,100,cdr3,D,1.0721805095672607,-0.036561012268066406,0.5178097486495972,0.0,1.1087415218353271,False
sab2_9b6s_h:sab2_9b6s_h_s27:sab2_9b6s_h_s17,sab2_9b6s_h,102,cdr3,W,2.772226333618164,-0.19437694549560547,1.2889246940612793,0.0,2.9666032791137695,False
sab2_9b6s_h:sab2_9b6s_h_s27:sab2_9b6s_h_s17,sab2_9b6s_h,103,cdr3,S,4.947925806045532,-0.8208580017089844,2.063533902168274,0.0,5.768783807754517,False
sab2_9b6s_h:sab2_9b6s_h_s27:sab2_9b6s_h_s17,sab2_9b6s_h,105,cdr3,Y,-0.034728288650512695,-1.0347137451171875,-0.5347210168838501,0.0,0.9999854564666748,True
sab2_9b6s_h:sab2_9b6s_h_s27:sab2_9b6s_h_s17,sab2_9b6s_h,106,cdr3,H,1.8455525636672974,-0.4123830795288086,0.7165847420692444,0.0,2.257935643196106,False
sab2_9b6s_h:sab2_9b6s_h_s27:sab2_9b6s_h_s17,sab2_9b6s_h,107,cdr3,R,-0.2605564594268799,-1.1864051818847656,-0.7234808206558228,0.0,0.9258487224578857,True
sab2_9b6s_h:sab2_9b6s_h_s27:sab2_9b6s_h_s17,sab2_9b6s_h,108,cdr3,A,1.9370346069335938,-1.5509977340698242,0.19301843643188477,0.0,3.488032341003418,False
sab2_9b6s_h:sab2_9b6s_h_s27:sab2_9b6s_h_s17,sab2_9b6s_h,109,cdr3,L,0.1993863582611084,-1.3270397186279297,-0.5638266801834106,0.0,1.526426076889038,False
sab2_9b6s_h:sab2_9b6s_h_s27:sab2_9b6s_h_s17,sab2_9b6s_h,110,cdr3,D,2.8535996675491333,-0.6799221038818359,1.0868387818336487,0.0,3.5335217714309692,False
sab2_9ubr_g:sab2_9ubr_g_s05:sab2_9ubr_g_s27,sab2_9ubr_g,26,cdr1,Y,0.13549423217773438,1.2257518768310547,0.6806230545043945,0.13549423217773438,1.0902576446533203,True
sab2_9ubr_g:sab2_9ubr_g_s05:sab2_9ubr_g_s27,sab2_9ubr_g,48,cdr2,S,0.6669025421142578,0.9566307067871094,0.8117666244506836,0.6669025421142578,0.28972816467285156,True
sab2_9ubr_g:sab2_9ubr_g_s05:sab2_9ubr_g_s27,sab2_9ubr_g,52,cdr2,A,-0.0018768310546875,-0.3562459945678711,-0.1790614128112793,0.0,0.3543691635131836,True
sab2_9ubr_g:sab2_9ubr_g_s05:sab2_9ubr_g_s27,sab2_9ubr_g,93,cdr3,A,1.1254348754882812,2.1145153045654297,1.6199750900268555,1.1254348754882812,0.9890804290771484,True
sab2_9ubr_g:sab2_9ubr_g_s05:sab2_9ubr_g_s27,sab2_9ubr_g,100,cdr3,S,0.7536697387695312,1.1634416580200195,0.9585556983947754,0.7536697387695312,0.4097719192504883,True
sab2_9ubr_g:sab2_9ubr_g_s05:sab2_9ubr_g_s27,sab2_9ubr_g,101,cdr3,P,0.16624069213867188,0.3089466094970703,0.2375936508178711,0.16624069213867188,0.14270591735839844,True
sab2_9ubr_g:sab2_9ubr_g_s23:sab2_9ubr_g_s18,sab2_9ubr_g,25,cdr1,G,-0.08214187622070312,1.4280977249145508,0.6729779243469238,0.0,1.510239601135254,False
sab2_9ubr_g:sab2_9ubr_g_s23:sab2_9ubr_g_s18,sab2_9ubr_g,28,cdr1,Y,0.31844329833984375,0.9372482299804688,0.6278457641601562,0.31844329833984375,0.618804931640625,True
sab2_9ubr_g:sab2_9ubr_g_s23:sab2_9ubr_g_s18,sab2_9ubr_g,50,cdr2,Y,0.2771110534667969,0.35235118865966797,0.3147311210632324,0.2771110534667969,0.0752401351928711,True
sab2_9ubr_g:sab2_9ubr_g_s23:sab2_9ubr_g_s18,sab2_9ubr_g,100,cdr3,S,0.15604782104492188,-0.5344009399414062,-0.1891765594482422,0.0,0.6904487609863281,False
sab2_9ubr_g:sab2_9ubr_g_s23:sab2_9ubr_g_s18,sab2_9ubr_g,102,cdr3,G,0.2677154541015625,-0.059233665466308594,0.10424089431762695,0.0,0.3269491195678711,False
sab2_9ubr_g:sab2_9ubr_g_s23:sab2_9ubr_g_s18,sab2_9ubr_g,103,cdr3,R,0.5282306671142578,0.5538253784179688,0.5410280227661133,0.5282306671142578,0.025594711303710938,True
sab2_9ubr_g:sab2_9ubr_g_s03:sab2_9ubr_g_s19,sab2_9ubr_g,25,cdr1,G,-0.051143646240234375,0.4450864791870117,0.19697141647338867,0.0,0.4962301254272461,False
sab2_9ubr_g:sab2_9ubr_g_s03:sab2_9ubr_g_s19,sab2_9ubr_g,26,cdr1,Y,0.09133148193359375,0.15567684173583984,0.1235041618347168,0.09133148193359375,0.0643453598022461,True
sab2_9ubr_g:sab2_9ubr_g_s03:sab2_9ubr_g_s19,sab2_9ubr_g,50,cdr2,Y,1.4702510833740234,1.5173006057739258,1.4937758445739746,1.4702510833740234,0.047049522399902344,True
sab2_9ubr_g:sab2_9ubr_g_s03:sab2_9ubr_g_s19,sab2_9ubr_g,52,cdr2,A,-0.5404586791992188,-0.7336273193359375,-0.6370429992675781,0.0,0.19316864013671875,True
sab2_9ubr_g:sab2_9ubr_g_s03:sab2_9ubr_g_s19,sab2_9ubr_g,96,cdr3,A,-0.26915931701660156,-0.902613639831543,-0.5858864784240723,0.0,0.6334543228149414,True
sab2_9ubr_g:sab2_9ubr_g_s03:sab2_9ubr_g_s19,sab2_9ubr_g,97,cdr3,F,0.11445426940917969,0.5148763656616211,0.3146653175354004,0.11445426940917969,0.4004220962524414,True
sab2_9ubr_g:sab2_9ubr_g_s03:sab2_9ubr_g_s19,sab2_9ubr_g,100,cdr3,S,0.03308868408203125,0.46676158905029297,0.2499251365661621,0.03308868408203125,0.4336729049682617,True
sab2_9ubr_g:sab2_9ubr_g_s03:sab2_9ubr_g_s19,sab2_9ubr_g,101,cdr3,P,0.2654876708984375,-0.6707239151000977,-0.20261812210083008,0.0,0.9362115859985352,False
sab2_9ubr_g:sab2_9ubr_g_s03:sab2_9ubr_g_s19,sab2_9ubr_g,105,cdr3,P,0.6308870315551758,1.4643831253051758,1.0476350784301758,0.6308870315551758,0.83349609375,True
sab2_9ubr_g:sab2_9ubr_g_s14:sab2_9ubr_g_s11,sab2_9ubr_g,26,cdr1,Y,-0.09968757629394531,0.44519710540771484,0.17275476455688477,0.0,0.5448846817016602,False
sab2_9ubr_g:sab2_9ubr_g_s14:sab2_9ubr_g_s11,sab2_9ubr_g,49,cdr2,N,0.018659591674804688,0.1502666473388672,0.08446311950683594,0.018659591674804688,0.1316070556640625,True
sab2_9ubr_g:sab2_9ubr_g_s14:sab2_9ubr_g_s11,sab2_9ubr_g,52,cdr2,A,0.6015281677246094,1.181051254272461,0.8912897109985352,0.6015281677246094,0.5795230865478516,True
sab2_9ubr_g:sab2_9ubr_g_s14:sab2_9ubr_g_s11,sab2_9ubr_g,96,cdr3,A,0.3899955749511719,0.2270336151123047,0.3085145950317383,0.2270336151123047,0.1629619598388672,True
sab2_9ubr_g:sab2_9ubr_g_s14:sab2_9ubr_g_s11,sab2_9ubr_g,100,cdr3,S,0.7000646591186523,1.2494192123413086,0.9747419357299805,0.7000646591186523,0.5493545532226562,True
sab2_9ubr_g:sab2_9ubr_g_s14:sab2_9ubr_g_s11,sab2_9ubr_g,103,cdr3,R,0.44733619689941406,0.26621532440185547,0.35677576065063477,0.26621532440185547,0.1811208724975586,True
sab2_9ubr_g:sab2_9ubr_g_s30:sab2_9ubr_g_s02,sab2_9ubr_g,50,cdr2,Y,0.96649169921875,1.6093425750732422,1.287917137145996,0.96649169921875,0.6428508758544922,True
sab2_9ubr_g:sab2_9ubr_g_s30:sab2_9ubr_g_s02,sab2_9ubr_g,52,cdr2,A,-0.3676586151123047,-0.9395303726196289,-0.6535944938659668,0.0,0.5718717575073242,True
sab2_9ubr_g:sab2_9ubr_g_s30:sab2_9ubr_g_s02,sab2_9ubr_g,95,cdr3,S,0.05198860168457031,0.5917387008666992,0.32186365127563477,0.05198860168457031,0.5397500991821289,True
sab2_9ubr_g:sab2_9ubr_g_s30:sab2_9ubr_g_s02,sab2_9ubr_g,97,cdr3,F,0.04362678527832031,0.3292722702026367,0.18644952774047852,0.04362678527832031,0.2856454849243164,True
sab2_9ubr_g:sab2_9ubr_g_s30:sab2_9ubr_g_s02,sab2_9ubr_g,102,cdr3,G,0.8644399642944336,0.15363502502441406,0.5090374946594238,0.15363502502441406,0.7108049392700195,True
sab2_9ubr_g:sab2_9ubr_g_s26:sab2_9ubr_g_s22,sab2_9ubr_g,26,cdr1,Y,-0.18914413452148438,0.11270904541015625,-0.03821754455566406,0.0,0.3018531799316406,False
sab2_9ubr_g:sab2_9ubr_g_s26:sab2_9ubr_g_s22,sab2_9ubr_g,29,cdr1,S,1.775212287902832,1.2922611236572266,1.5337367057800293,1.2922611236572266,0.48295116424560547,True
sab2_9ubr_g:sab2_9ubr_g_s26:sab2_9ubr_g_s22,sab2_9ubr_g,50,cdr2,Y,-0.7365760803222656,-0.6161956787109375,-0.6763858795166016,0.0,0.12038040161132812,True
sab2_9ubr_g:sab2_9ubr_g_s26:sab2_9ubr_g_s22,sab2_9ubr_g,52,cdr2,A,-0.13017654418945312,0.6428070068359375,0.2563152313232422,0.0,0.7729835510253906,False
sab2_9ubr_g:sab2_9ubr_g_s26:sab2_9ubr_g_s22,sab2_9ubr_g,97,cdr3,F,0.2850074768066406,-0.2756528854370117,0.004677295684814453,0.0,0.5606603622436523,False
sab2_9ubr_g:sab2_9ubr_g_s26:sab2_9ubr_g_s22,sab2_9ubr_g,98,cdr3,S,-0.06352996826171875,0.1438770294189453,0.04017353057861328,0.0,0.20740699768066406,False
sab2_9ubr_g:sab2_9ubr_g_s26:sab2_9ubr_g_s22,sab2_9ubr_g,101,cdr3,P,0.4965324401855469,-0.12646770477294922,0.18503236770629883,0.0,0.6230001449584961,False
sab2_9ubr_g:sab2_9ubr_g_s26:sab2_9ubr_g_s22,sab2_9ubr_g,102,cdr3,G,0.6747140884399414,0.5376663208007812,0.6061902046203613,0.5376663208007812,0.13704776763916016,True
sab2_9ubr_g:sab2_9ubr_g_s26:sab2_9ubr_g_s22,sab2_9ubr_g,105,cdr3,P,-0.005870819091796875,-0.2873220443725586,-0.14659643173217773,0.0,0.2814512252807617,True
sab2_9ubr_g:sab2_9ubr_g_s16:sab2_9ubr_g_s28,sab2_9ubr_g,25,cdr1,G,0.8618202209472656,0.4194355010986328,0.6406278610229492,0.4194355010986328,0.4423847198486328,True
sab2_9ubr_g:sab2_9ubr_g_s16:sab2_9ubr_g_s28,sab2_9ubr_g,28,cdr1,Y,-0.5874099731445312,-1.8765373229980469,-1.231973648071289,0.0,1.2891273498535156,True
sab2_9ubr_g:sab2_9ubr_g_s16:sab2_9ubr_g_s28,sab2_9ubr_g,48,cdr2,S,1.0048465728759766,0.5740146636962891,0.7894306182861328,0.5740146636962891,0.4308319091796875,True
sab2_9ubr_g:sab2_9ubr_g_s16:sab2_9ubr_g_s28,sab2_9ubr_g,52,cdr2,A,0.8232364654541016,0.8535366058349609,0.8383865356445312,0.8232364654541016,0.030300140380859375,True
sab2_9ubr_g:sab2_9ubr_g_s16:sab2_9ubr_g_s28,sab2_9ubr_g,96,cdr3,A,-0.0024871826171875,0.24530887603759766,0.12141084671020508,0.0,0.24779605865478516,False
sab2_9ubr_g:sab2_9ubr_g_s16:sab2_9ubr_g_s28,sab2_9ubr_g,101,cdr3,P,0.023153305053710938,0.859776496887207,0.441464900970459,0.023153305053710938,0.8366231918334961,True
sab2_9ubr_g:sab2_9ubr_g_s16:sab2_9ubr_g_s28,sab2_9ubr_g,102,cdr3,G,-0.23960113525390625,0.4352226257324219,0.09781074523925781,0.0,0.6748237609863281,False
sab2_9ubr_g:sab2_9ubr_g_s16:sab2_9ubr_g_s28,sab2_9ubr_g,103,cdr3,R,-0.2723426818847656,-0.08743095397949219,-0.1798868179321289,0.0,0.18491172790527344,True
sab2_9ubr_g:sab2_9ubr_g_s25:sab2_9ubr_g_s20,sab2_9ubr_g,26,cdr1,Y,0.3228578567504883,0.4825897216796875,0.4027237892150879,0.3228578567504883,0.15973186492919922,True
sab2_9ubr_g:sab2_9ubr_g_s25:sab2_9ubr_g_s20,sab2_9ubr_g,28,cdr1,Y,0.3945322036743164,0.8183488845825195,0.606440544128418,0.3945322036743164,0.4238166809082031,True
sab2_9ubr_g:sab2_9ubr_g_s25:sab2_9ubr_g_s20,sab2_9ubr_g,95,cdr3,S,-0.4613208770751953,-1.6015310287475586,-1.031425952911377,0.0,1.1402101516723633,True
sab2_9ubr_g:sab2_9ubr_g_s25:sab2_9ubr_g_s20,sab2_9ubr_g,96,cdr3,A,0.2604866027832031,-0.21227073669433594,0.024107933044433594,0.0,0.47275733947753906,False
sab2_9ubr_g:sab2_9ubr_g_s25:sab2_9ubr_g_s20,sab2_9ubr_g,99,cdr3,L,-0.37542724609375,0.0046253204345703125,-0.18540096282958984,0.0,0.3800525665283203,False
sab2_9ubr_g:sab2_9ubr_g_s25:sab2_9ubr_g_s20,sab2_9ubr_g,100,cdr3,S,0.39916324615478516,0.3098115921020508,0.35448741912841797,0.3098115921020508,0.08935165405273438,True
sab2_9ubr_g:sab2_9ubr_g_s25:sab2_9ubr_g_s20,sab2_9ubr_g,101,cdr3,P,0.4827127456665039,0.8808488845825195,0.6817808151245117,0.4827127456665039,0.3981361389160156,True
sab2_9ubr_g:sab2_9ubr_g_s25:sab2_9ubr_g_s20,sab2_9ubr_g,103,cdr3,R,0.9261760711669922,0.7468891143798828,0.8365325927734375,0.7468891143798828,0.17928695678710938,True
